Source File;Source Line;CPU Time;CPU Time:Effective Time;CPU Time:Spin Time;CPU Time:Overhead Time
strings_def.h;209;42.502663;42.502663;0.0;0.0
ctype-uca.c;31285;16.291062;16.291062;0.0;0.0
[Unknown source file];[Unknown];15.821050;15.821050;0.0;0.0
syscall_cancel.S;56;10.491748;10.491748;0.0;0.0
ctype-utf8.c;3008;7.309924;7.309924;0.0;0.0
m_ctype.h;1980;6.117978;6.117978;0.0;0.0
strings_def.h;100;4.235042;4.235042;0.0;0.0
m_ctype.h;1978;2.774892;2.774892;0.0;0.0
ctype-uca.c;34319;2.508000;2.508000;0.0;0.0
ctype-uca-scanner_next.inl;50;2.047978;2.047978;0.0;0.0
ctype-utf8.c;3030;1.936009;1.936009;0.0;0.0
ctype-uca.inl;663;1.651991;1.651991;0.0;0.0
ctype-uca.c;31295;1.311966;1.311966;0.0;0.0
filesort.cc;2839;1.091986;1.091986;0.0;0.0
ctype-uca.c;34385;1.081991;1.081991;0.0;0.0
ctype-uca.inl;239;1.075993;1.075993;0.0;0.0
ctype-uca.inl;651;0.957975;0.957975;0.0;0.0
field.h;2277;0.948995;0.948995;0.0;0.0
field.cc;7805;0.927989;0.927989;0.0;0.0
ctype-uca-scanner_next.inl;84;0.927000;0.927000;0.0;0.0
page0cur.cc;580;0.915008;0.915008;0.0;0.0
ctype-mb.c;255;0.912991;0.912991;0.0;0.0
ctype-mb.c;255;0.900985;0.900985;0.0;0.0
rem0rec.inl;240;0.894993;0.894993;0.0;0.0
ctype-uca.c;34356;0.892990;0.892990;0.0;0.0
memmove-vec-unaligned-erms.S;395;0.876995;0.876995;0.0;0.0
memmove-vec-unaligned-erms.S;255;0.857999;0.857999;0.0;0.0
ctype-uca.c;34379;0.811004;0.811004;0.0;0.0
memmove-vec-unaligned-erms.S;377;0.759991;0.759991;0.0;0.0
ctype-uca.c;32016;0.751995;0.751995;0.0;0.0
ctype-utf8.c;83;0.740009;0.740009;0.0;0.0
sql_select.cc;26411;0.739993;0.739993;0.0;0.0
ctype-uca.c;34353;0.732002;0.732002;0.0;0.0
strings_def.h;99;0.723995;0.723995;0.0;0.0
memmove-vec-unaligned-erms.S;378;0.702991;0.702991;0.0;0.0
memmove-vec-unaligned-erms.S;392;0.680000;0.680000;0.0;0.0
ctype-uca-scanner_next.inl;84;0.651997;0.651997;0.0;0.0
ha_innodb.cc;9463;0.600990;0.600990;0.0;0.0
memmove-vec-unaligned-erms.S;376;0.598995;0.598995;0.0;0.0
ctype-utf8.c;3011;0.598002;0.598002;0.0;0.0
handler.h;4427;0.588003;0.588003;0.0;0.0
mf_qsort.c;131;0.585992;0.585992;0.0;0.0
ctype-uca-scanner_next.inl;218;0.584000;0.584000;0.0;0.0
net_serv.cc;618;0.558989;0.558989;0.0;0.0
sql_array.h;87;0.550987;0.550987;0.0;0.0
ctype-uca.c;31285;0.549990;0.549990;0.0;0.0
m_ctype.h;1176;0.537002;0.537002;0.0;0.0
ctype-uca.c;32017;0.529998;0.529998;0.0;0.0
page0cur.cc;604;0.518000;0.518000;0.0;0.0
hp_hash.c;293;0.500995;0.500995;0.0;0.0
ctype-uca.c;33945;0.498991;0.498991;0.0;0.0
item_cmpfunc.cc;2398;0.491007;0.491007;0.0;0.0
sql_class.h;4278;0.489997;0.489997;0.0;0.0
hp_hash.c;316;0.471002;0.471002;0.0;0.0
item_cmpfunc.h;1122;0.460010;0.460010;0.0;0.0
stl_algobase.h;239;0.460000;0.460000;0.0;0.0
opt_range.cc;13751;0.452005;0.452005;0.0;0.0
filesort.cc;877;0.450000;0.450000;0.0;0.0
memmove-vec-unaligned-erms.S;471;0.441003;0.441003;0.0;0.0
mf_qsort.c;170;0.440005;0.440005;0.0;0.0
hasher-mysql5x.c;23;0.432004;0.432004;0.0;0.0
hp_write.c;148;0.422989;0.422989;0.0;0.0
hp_write.c;45;0.410991;0.410991;0.0;0.0
mf_qsort.c;163;0.410977;0.410977;0.0;0.0
memmove-vec-unaligned-erms.S;492;0.407999;0.407999;0.0;0.0
sql_type.cc;5994;0.399997;0.399997;0.0;0.0
memmove-vec-unaligned-erms.S;489;0.399995;0.399995;0.0;0.0
hp_write.c;52;0.392999;0.392999;0.0;0.0
ctype-uca.inl;661;0.388995;0.388995;0.0;0.0
filesort.cc;2780;0.382001;0.382001;0.0;0.0
hp_write.c;350;0.380999;0.380999;0.0;0.0
ctype-uca.c;33945;0.361005;0.361005;0.0;0.0
hp_write.c;387;0.360007;0.360007;0.0;0.0
memmove-vec-unaligned-erms.S;379;0.360005;0.360005;0.0;0.0
opt_range.cc;13757;0.359992;0.359992;0.0;0.0
srw_lock.h;332;0.358995;0.358995;0.0;0.0
ctype-uca.inl;694;0.350993;0.350993;0.0;0.0
ctype-uca.c;33935;0.349970;0.349970;0.0;0.0
filesort.cc;2853;0.331005;0.331005;0.0;0.0
ctype-uca.inl;285;0.330999;0.330999;0.0;0.0
ctype-uca-scanner_next.inl;61;0.328993;0.328993;0.0;0.0
my_byteorder.h;92;0.320004;0.320004;0.0;0.0
hp_write.c;396;0.319997;0.319997;0.0;0.0
string_fortified.h;29;0.311007;0.311007;0.0;0.0
hp_write.c;324;0.310998;0.310998;0.0;0.0
atomic_base.h;641;0.309002;0.309002;0.0;0.0
ctype-uca.c;31286;0.309001;0.309001;0.0;0.0
hp_write.c;364;0.300990;0.300990;0.0;0.0
memmove-vec-unaligned-erms.S;491;0.299985;0.299985;0.0;0.0
sql_select.cc;26162;0.299985;0.299985;0.0;0.0
memmove-vec-unaligned-erms.S;468;0.291998;0.291998;0.0;0.0
strings_def.h;206;0.290997;0.290997;0.0;0.0
multi_range_read.cc;546;0.290001;0.290001;0.0;0.0
row0sel.cc;974;0.289995;0.289995;0.0;0.0
ha_heap.cc;410;0.289995;0.289995;0.0;0.0
my_byteorder.h;56;0.288995;0.288995;0.0;0.0
memmove-vec-unaligned-erms.S;464;0.272000;0.272000;0.0;0.0
filesort.cc;2733;0.271001;0.271001;0.0;0.0
string_fortified.h;59;0.267999;0.267999;0.0;0.0
sql_class.h;4416;0.260030;0.260030;0.0;0.0
ctype-uca.c;33945;0.258995;0.258995;0.0;0.0
sql_select.cc;24838;0.251990;0.251990;0.0;0.0
filesort.cc;1410;0.250999;0.250999;0.0;0.0
mf_qsort.c;128;0.241003;0.241003;0.0;0.0
sql_class.h;4278;0.239010;0.239010;0.0;0.0
filesort.cc;2770;0.230996;0.230996;0.0;0.0
ctype-mb.c;262;0.230996;0.230996;0.0;0.0
cancellation.c;38;0.230994;0.230994;0.0;0.0
ctype-uca.c;34355;0.230003;0.230003;0.0;0.0
memmove-vec-unaligned-erms.S;485;0.221001;0.221001;0.0;0.0
field.cc;7817;0.221001;0.221001;0.0;0.0
row0sel.cc;2956;0.220999;0.220999;0.0;0.0
read0types.h;132;0.219998;0.219998;0.0;0.0
sql_select.cc;26117;0.219998;0.219998;0.0;0.0
rem0rec.h;605;0.219996;0.219996;0.0;0.0
hp_write.c;259;0.219003;0.219003;0.0;0.0
ha_innodb.cc;20826;0.218999;0.218999;0.0;0.0
ha_heap.cc;308;0.218992;0.218992;0.0;0.0
ctype-uca.c;33935;0.218001;0.218001;0.0;0.0
hp_hash.c;297;0.211994;0.211994;0.0;0.0
ctype-simple.c;1276;0.210012;0.210012;0.0;0.0
memmove-vec-unaligned-erms.S;266;0.209995;0.209995;0.0;0.0
memcmp-avx2-movbe.S;416;0.209985;0.209985;0.0;0.0
hp_write.c;363;0.207990;0.207990;0.0;0.0
hp_write.c;56;0.201998;0.201998;0.0;0.0
sql_select.cc;26456;0.201006;0.201006;0.0;0.0
ctype-uca.c;34430;0.200989;0.200989;0.0;0.0
memmove-vec-unaligned-erms.S;387;0.199998;0.199998;0.0;0.0
ctype-uca.inl;237;0.199997;0.199997;0.0;0.0
ctype-mb.c;252;0.191027;0.191027;0.0;0.0
mf_qsort.c;163;0.190003;0.190003;0.0;0.0
row0sel.cc;3079;0.190000;0.190000;0.0;0.0
filesort.cc;2845;0.186999;0.186999;0.0;0.0
sql_select.cc;25001;0.180999;0.180999;0.0;0.0
field.cc;7804;0.179993;0.179993;0.0;0.0
protocol.cc;46;0.178995;0.178995;0.0;0.0
memmove-vec-unaligned-erms.S;484;0.171992;0.171992;0.0;0.0
rem0rec.inl;659;0.171006;0.171006;0.0;0.0
hp_write.c;49;0.171002;0.171002;0.0;0.0
hp_write.c;332;0.170997;0.170997;0.0;0.0
memmove-vec-unaligned-erms.S;490;0.170000;0.170000;0.0;0.0
sql_class.h;8161;0.168996;0.168996;0.0;0.0
multi_range_read.cc;625;0.160998;0.160998;0.0;0.0
sql_class.h;4278;0.160997;0.160997;0.0;0.0
memmove-vec-unaligned-erms.S;486;0.160005;0.160005;0.0;0.0
page0page.h;663;0.160001;0.160001;0.0;0.0
memcmp-avx2-movbe.S;417;0.160000;0.160000;0.0;0.0
row0sel.cc;3251;0.159999;0.159999;0.0;0.0
ctype-uca.c;32036;0.158002;0.158002;0.0;0.0
handler.h;4430;0.151002;0.151002;0.0;0.0
field.h;1518;0.150005;0.150005;0.0;0.0
memmove-vec-unaligned-erms.S;497;0.150001;0.150001;0.0;0.0
field.cc;1140;0.150000;0.150000;0.0;0.0
hp_scan.c;74;0.149999;0.149999;0.0;0.0
memmove-vec-unaligned-erms.S;487;0.149997;0.149997;0.0;0.0
hp_rrnd.c;29;0.149001;0.149001;0.0;0.0
malloc.c;3790;0.148998;0.148998;0.0;0.0
rem0rec.cc;408;0.148995;0.148995;0.0;0.0
row0sel.cc;5088;0.141002;0.141002;0.0;0.0
hp_write.c;301;0.141001;0.141001;0.0;0.0
protocol.cc;37;0.140997;0.140997;0.0;0.0
ctype-uca.c;34319;0.140994;0.140994;0.0;0.0
memset-vec-unaligned-erms.S;199;0.140004;0.140004;0.0;0.0
rem0rec.inl;251;0.139999;0.139999;0.0;0.0
ctype-uca.c;34385;0.139998;0.139998;0.0;0.0
ctype-simple.c;1279;0.139997;0.139997;0.0;0.0
row0sel.cc;981;0.139996;0.139996;0.0;0.0
hp_write.c;49;0.139992;0.139992;0.0;0.0
filesort.cc;2765;0.138004;0.138004;0.0;0.0
field.cc;1123;0.131003;0.131003;0.0;0.0
sql_class.h;4233;0.131001;0.131001;0.0;0.0
ha_innodb.cc;9517;0.130002;0.130002;0.0;0.0
ctype-uca.c;34356;0.130001;0.130001;0.0;0.0
filesort.cc;2871;0.129999;0.129999;0.0;0.0
sql_class.h;3514;0.129998;0.129998;0.0;0.0
strings_def.h;103;0.129996;0.129996;0.0;0.0
buf0buf.h;1778;0.121001;0.121001;0.0;0.0
hp_write.c;61;0.120997;0.120997;0.0;0.0
filesort.cc;2843;0.120996;0.120996;0.0;0.0
row0sel.cc;4430;0.120005;0.120005;0.0;0.0
sql_string.h;138;0.120002;0.120002;0.0;0.0
ctype-uca.c;34349;0.120002;0.120002;0.0;0.0
rem0rec.h;131;0.120000;0.120000;0.0;0.0
mf_qsort.c;135;0.120000;0.120000;0.0;0.0
row0sel.cc;5493;0.119999;0.119999;0.0;0.0
ctype-uca.c;34356;0.119997;0.119997;0.0;0.0
ut0byte.h;74;0.119996;0.119996;0.0;0.0
hp_write.c;321;0.119994;0.119994;0.0;0.0
sql_list.h;438;0.119001;0.119001;0.0;0.0
row0sel.cc;5164;0.118999;0.118999;0.0;0.0
dict0mem.h;2832;0.110999;0.110999;0.0;0.0
ha_heap.cc;419;0.110998;0.110998;0.0;0.0
sql_select.cc;29926;0.110996;0.110996;0.0;0.0
ctype-uca.c;32010;0.110010;0.110010;0.0;0.0
mysql_statement.h;214;0.110003;0.110003;0.0;0.0
memcmp-avx2-movbe.S;167;0.110002;0.110002;0.0;0.0
string_fortified.h;29;0.110001;0.110001;0.0;0.0
sql_string.h;263;0.109999;0.109999;0.0;0.0
memmove-vec-unaligned-erms.S;499;0.109999;0.109999;0.0;0.0
malloc.c;3293;0.109995;0.109995;0.0;0.0
sql_select.cc;24827;0.109986;0.109986;0.0;0.0
buf0buf.h;1774;0.108999;0.108999;0.0;0.0
my_alloc.c;356;0.108998;0.108998;0.0;0.0
hp_write.c;296;0.108995;0.108995;0.0;0.0
filesort.cc;2896;0.108993;0.108993;0.0;0.0
strings_def.h;98;0.107004;0.107004;0.0;0.0
handler.cc;4086;0.101002;0.101002;0.0;0.0
handler.cc;7529;0.101001;0.101001;0.0;0.0
hp_block.c;30;0.100999;0.100999;0.0;0.0
ctype-uca.c;32015;0.100996;0.100996;0.0;0.0
hp_write.c;216;0.100992;0.100992;0.0;0.0
sql_class.h;4239;0.100013;0.100013;0.0;0.0
item.cc;8129;0.100008;0.100008;0.0;0.0
memmove-vec-unaligned-erms.S;256;0.100003;0.100003;0.0;0.0
sql_select.h;848;0.100003;0.100003;0.0;0.0
protocol.h;153;0.100001;0.100001;0.0;0.0
atomic_base.h;631;0.099999;0.099999;0.0;0.0
ha_heap.cc;289;0.099999;0.099999;0.0;0.0
sql_select.cc;24934;0.099998;0.099998;0.0;0.0
field.cc;7555;0.099998;0.099998;0.0;0.0
row0sel.cc;3145;0.099996;0.099996;0.0;0.0
sql_plist.h;132;0.099001;0.099001;0.0;0.0
memmove-vec-unaligned-erms.S;381;0.099001;0.099001;0.0;0.0
memmove-vec-unaligned-erms.S;462;0.099000;0.099000;0.0;0.0
mtr0mtr.cc;347;0.098999;0.098999;0.0;0.0
hp_rrnd.c;40;0.098996;0.098996;0.0;0.0
memmove-vec-unaligned-erms.S;417;0.091998;0.091998;0.0;0.0
sql_select.cc;33925;0.091002;0.091002;0.0;0.0
m_ctype.h;1536;0.091001;0.091001;0.0;0.0
hp_hash.c;212;0.090999;0.090999;0.0;0.0
mf_qsort.c;133;0.090005;0.090005;0.0;0.0
field.cc;4688;0.090004;0.090004;0.0;0.0
hp_write.c;395;0.090003;0.090003;0.0;0.0
page0page.h;622;0.090003;0.090003;0.0;0.0
hasher-mysql5x.c;24;0.090001;0.090001;0.0;0.0
item.cc;4932;0.090000;0.090000;0.0;0.0
mf_qsort.c;141;0.090000;0.090000;0.0;0.0
row0sel.cc;2802;0.089999;0.089999;0.0;0.0
protocol.cc;1738;0.089999;0.089999;0.0;0.0
memmove-vec-unaligned-erms.S;334;0.089998;0.089998;0.0;0.0
memset-vec-unaligned-erms.S;350;0.089997;0.089997;0.0;0.0
pthread_mutex_lock.c;160;0.089997;0.089997;0.0;0.0
item.h;3864;0.089993;0.089993;0.0;0.0
mysqld.cc;3851;0.089009;0.089009;0.0;0.0
buf0buf.cc;2700;0.089001;0.089001;0.0;0.0
page0cur.cc;585;0.089001;0.089001;0.0;0.0
sql_select.cc;24867;0.088998;0.088998;0.0;0.0
ctype-uca.c;34398;0.088998;0.088998;0.0;0.0
heapdef.h;138;0.088997;0.088997;0.0;0.0
ctype-uca.c;33945;0.088997;0.088997;0.0;0.0
sql_select.cc;25020;0.082001;0.082001;0.0;0.0
hp_write.c;262;0.080998;0.080998;0.0;0.0
ctype-uca.c;32015;0.080998;0.080998;0.0;0.0
hp_write.c;203;0.080997;0.080997;0.0;0.0
protocol.cc;1355;0.080996;0.080996;0.0;0.0
ctype-uca-scanner_next.inl;104;0.080990;0.080990;0.0;0.0
ctype-uca.c;34354;0.080003;0.080003;0.0;0.0
filesort.cc;2757;0.080002;0.080002;0.0;0.0
filesort.cc;2914;0.080001;0.080001;0.0;0.0
hp_write.c;368;0.080001;0.080001;0.0;0.0
row0sel.cc;2920;0.080001;0.080001;0.0;0.0
records.cc;398;0.080001;0.080001;0.0;0.0
memmove-vec-unaligned-erms.S;505;0.080001;0.080001;0.0;0.0
protocol.cc;58;0.080001;0.080001;0.0;0.0
protocol.cc;1734;0.080000;0.080000;0.0;0.0
hp_write.c;344;0.079999;0.079999;0.0;0.0
ctype-uca.c;34339;0.079998;0.079998;0.0;0.0
row0sel.cc;5509;0.079997;0.079997;0.0;0.0
mf_qsort.c;154;0.079997;0.079997;0.0;0.0
ha_innodb.cc;2708;0.079996;0.079996;0.0;0.0
sql_select.cc;24849;0.079002;0.079002;0.0;0.0
memmove-vec-unaligned-erms.S;333;0.078998;0.078998;0.0;0.0
row0sel.cc;5621;0.078998;0.078998;0.0;0.0
item.cc;3768;0.078997;0.078997;0.0;0.0
row0sel.cc;4839;0.078927;0.078927;0.0;0.0
row0sel.cc;2985;0.078000;0.078000;0.0;0.0
ctype-uca.c;34379;0.077999;0.077999;0.0;0.0
memmove-vec-unaligned-erms.S;428;0.071004;0.071004;0.0;0.0
hp_write.c;341;0.071003;0.071003;0.0;0.0
memset-vec-unaligned-erms.S;306;0.070999;0.070999;0.0;0.0
handler.cc;4079;0.070997;0.070997;0.0;0.0
field.h;1518;0.070987;0.070987;0.0;0.0
row0sel.cc;3170;0.070003;0.070003;0.0;0.0
ctype-uca.inl;227;0.070002;0.070002;0.0;0.0
sql_array.h;90;0.070002;0.070002;0.0;0.0
pthread_mutex_lock.c;71;0.070001;0.070001;0.0;0.0
protocol.cc;1735;0.070001;0.070001;0.0;0.0
sql_error.h;1063;0.070001;0.070001;0.0;0.0
sql_select.cc;24410;0.070001;0.070001;0.0;0.0
hp_hash.c;297;0.070000;0.070000;0.0;0.0
strings_def.h;86;0.070000;0.070000;0.0;0.0
sql_string.h;259;0.070000;0.070000;0.0;0.0
hp_write.c;238;0.070000;0.070000;0.0;0.0
ctype-uca.c;34456;0.069999;0.069999;0.0;0.0
rem0rec.cc;267;0.069999;0.069999;0.0;0.0
page0cur.cc;814;0.069999;0.069999;0.0;0.0
hp_write.c;58;0.069999;0.069999;0.0;0.0
row0sel.cc;3859;0.069999;0.069999;0.0;0.0
memmove-vec-unaligned-erms.S;429;0.069998;0.069998;0.0;0.0
row0sel.cc;5274;0.069998;0.069998;0.0;0.0
field.h;1503;0.069998;0.069998;0.0;0.0
field_conv.cc;34;0.069997;0.069997;0.0;0.0
sql_prepare.cc;3648;0.069997;0.069997;0.0;0.0
sql_select.cc;13462;0.069997;0.069997;0.0;0.0
buf0lru.cc;725;0.069997;0.069997;0.0;0.0
ctype-uca-scanner_next.inl;90;0.069995;0.069995;0.0;0.0
ctype-uca.inl;296;0.069990;0.069990;0.0;0.0
malloc.c;4400;0.069000;0.069000;0.0;0.0
net_serv.cc;614;0.068998;0.068998;0.0;0.0
row0sel.cc;6177;0.068998;0.068998;0.0;0.0
memmove-vec-unaligned-erms.S;262;0.068997;0.068997;0.0;0.0
item.h;4626;0.062000;0.062000;0.0;0.0
ctype-mb.c;261;0.061002;0.061002;0.0;0.0
sql_profile.h;322;0.061002;0.061002;0.0;0.0
filesort_utils.h;293;0.061001;0.061001;0.0;0.0
hp_write.c;392;0.061001;0.061001;0.0;0.0
sql_select.cc;26424;0.060997;0.060997;0.0;0.0
memmove-vec-unaligned-erms.S;263;0.060005;0.060005;0.0;0.0
memmove-vec-unaligned-erms.S;525;0.060004;0.060004;0.0;0.0
mysqld.cc;3790;0.060003;0.060003;0.0;0.0
protocol.cc;1199;0.060002;0.060002;0.0;0.0
clock_gettime.c;30;0.060002;0.060002;0.0;0.0
my_malloc.c;71;0.060002;0.060002;0.0;0.0
mf_qsort.c;100;0.060002;0.060002;0.0;0.0
buf0buf.cc;2686;0.060001;0.060001;0.0;0.0
memmove-vec-unaligned-erms.S;523;0.060001;0.060001;0.0;0.0
sql_string.h;112;0.060001;0.060001;0.0;0.0
my_json_writer.h;323;0.060001;0.060001;0.0;0.0
row0sel.cc;3236;0.060001;0.060001;0.0;0.0
strings_def.h;97;0.060001;0.060001;0.0;0.0
memmove-vec-unaligned-erms.S;440;0.060000;0.060000;0.0;0.0
hp_scan.c;41;0.060000;0.060000;0.0;0.0
memmove-vec-unaligned-erms.S;494;0.060000;0.060000;0.0;0.0
rem0cmp.cc;329;0.060000;0.060000;0.0;0.0
row0sel.cc;5167;0.060000;0.060000;0.0;0.0
mf_qsort.c;144;0.059999;0.059999;0.0;0.0
my_alloc.c;271;0.059999;0.059999;0.0;0.0
mf_qsort.c;165;0.059999;0.059999;0.0;0.0
rem0rec.inl;659;0.059999;0.059999;0.0;0.0
rem0cmp.cc;207;0.059999;0.059999;0.0;0.0
rem0rec.cc;430;0.059999;0.059999;0.0;0.0
filesort.cc;2850;0.059999;0.059999;0.0;0.0
net_serv.cc;726;0.059999;0.059999;0.0;0.0
item_func.cc;602;0.059998;0.059998;0.0;0.0
ctype-uca.c;34356;0.059998;0.059998;0.0;0.0
sql_base.cc;1629;0.059997;0.059997;0.0;0.0
ha_innodb.cc;2653;0.059997;0.059997;0.0;0.0
array.c;340;0.059997;0.059997;0.0;0.0
sql_class.cc;3428;0.059997;0.059997;0.0;0.0
thr_rwlock.c;127;0.059997;0.059997;0.0;0.0
rem0cmp.cc;322;0.059996;0.059996;0.0;0.0
sql_class.cc;4926;0.059996;0.059996;0.0;0.0
net_serv.cc;891;0.059996;0.059996;0.0;0.0
sql_select.cc;24826;0.059996;0.059996;0.0;0.0
ctype-bin.c;87;0.059994;0.059994;0.0;0.0
ha_innodb.cc;9479;0.059003;0.059003;0.0;0.0
sql_class.h;4416;0.059002;0.059002;0.0;0.0
sql_class.cc;3443;0.059001;0.059001;0.0;0.0
fil0fil.h;1389;0.059000;0.059000;0.0;0.0
malloc.c;3034;0.058999;0.058999;0.0;0.0
memmove-vec-unaligned-erms.S;543;0.058999;0.058999;0.0;0.0
hp_write.c;291;0.058999;0.058999;0.0;0.0
malloc.c;3259;0.058999;0.058999;0.0;0.0
sql_select.cc;26418;0.058999;0.058999;0.0;0.0
net_serv.cc;453;0.058998;0.058998;0.0;0.0
my_alloc.c;490;0.058997;0.058997;0.0;0.0
sql_type.h;5474;0.057994;0.057994;0.0;0.0
filesort.cc;1407;0.051001;0.051001;0.0;0.0
malloc.c;3279;0.051001;0.051001;0.0;0.0
sql_type_int.h;210;0.051000;0.051000;0.0;0.0
dict0dict.inl;705;0.051000;0.051000;0.0;0.0
hp_hash.c;314;0.051000;0.051000;0.0;0.0
ctype-uca.c;34354;0.051000;0.051000;0.0;0.0
memmove-vec-unaligned-erms.S;365;0.050999;0.050999;0.0;0.0
memmove-vec-unaligned-erms.S;542;0.050999;0.050999;0.0;0.0
filesort_utils.cc;69;0.050997;0.050997;0.0;0.0
hp_hash.c;218;0.050997;0.050997;0.0;0.0
ctype-uca.c;34360;0.050017;0.050017;0.0;0.0
ctype-uca.c;34353;0.050004;0.050004;0.0;0.0
sql_list.h;426;0.050004;0.050004;0.0;0.0
my_alloc.c;360;0.050003;0.050003;0.0;0.0
row0sel.cc;5621;0.050003;0.050003;0.0;0.0
mf_qsort.c;124;0.050002;0.050002;0.0;0.0
opt_range.cc;14786;0.050002;0.050002;0.0;0.0
memmove-vec-unaligned-erms.S;332;0.050002;0.050002;0.0;0.0
sql_select.cc;26440;0.050002;0.050002;0.0;0.0
hp_write.c;324;0.050002;0.050002;0.0;0.0
memmove-vec-unaligned-erms.S;396;0.050001;0.050001;0.0;0.0
records.cc;605;0.050001;0.050001;0.0;0.0
mysql_stage.h;112;0.050001;0.050001;0.0;0.0
row0mysql.cc;1014;0.050001;0.050001;0.0;0.0
pthread_mutex_unlock.c;359;0.050001;0.050001;0.0;0.0
hp_write.c;65;0.050001;0.050001;0.0;0.0
hp_block.c;39;0.050001;0.050001;0.0;0.0
mf_qsort.c;165;0.050000;0.050000;0.0;0.0
item_func.cc;287;0.050000;0.050000;0.0;0.0
ha_innodb.cc;7149;0.050000;0.050000;0.0;0.0
ha_innodb.cc;9445;0.050000;0.050000;0.0;0.0
mf_qsort.c;124;0.050000;0.050000;0.0;0.0
sql_class.h;8088;0.050000;0.050000;0.0;0.0
sql_class.h;4422;0.050000;0.050000;0.0;0.0
field.cc;7812;0.050000;0.050000;0.0;0.0
rem0cmp.cc;323;0.049999;0.049999;0.0;0.0
sql_list.h;154;0.049999;0.049999;0.0;0.0
sql_select.cc;19757;0.049999;0.049999;0.0;0.0
hp_write.c;416;0.049999;0.049999;0.0;0.0
lf_hash.cc;108;0.049999;0.049999;0.0;0.0
my_alloc.c;311;0.049999;0.049999;0.0;0.0
handler.cc;4076;0.049999;0.049999;0.0;0.0
handler.cc;7599;0.049999;0.049999;0.0;0.0
hp_write.c;335;0.049999;0.049999;0.0;0.0
sql_array.h;90;0.049999;0.049999;0.0;0.0
memmove-vec-unaligned-erms.S;536;0.049998;0.049998;0.0;0.0
field.cc;7797;0.049998;0.049998;0.0;0.0
item.cc;3602;0.049998;0.049998;0.0;0.0
viosocket.c;178;0.049998;0.049998;0.0;0.0
opt_sargable_left.cc;122;0.049998;0.049998;0.0;0.0
field.cc;4692;0.049998;0.049998;0.0;0.0
my_thr_init.c;371;0.049998;0.049998;0.0;0.0
m_ctype.h;1176;0.049998;0.049998;0.0;0.0
filesort.cc;120;0.049998;0.049998;0.0;0.0
page0page.h;622;0.049998;0.049998;0.0;0.0
sql_prepare.cc;423;0.049998;0.049998;0.0;0.0
sql_limit.h;44;0.049998;0.049998;0.0;0.0
item.cc;6910;0.049998;0.049998;0.0;0.0
sql_select.cc;26426;0.049997;0.049997;0.0;0.0
memset-vec-unaligned-erms.S;427;0.049997;0.049997;0.0;0.0
sql_parse.cc;3510;0.049997;0.049997;0.0;0.0
memset-vec-unaligned-erms.S;266;0.049997;0.049997;0.0;0.0
hp_block.c;40;0.049996;0.049996;0.0;0.0
hp_write.c;376;0.049996;0.049996;0.0;0.0
filesort.cc;3021;0.049996;0.049996;0.0;0.0
ctype-uca.inl;232;0.049996;0.049996;0.0;0.0
item.cc;3769;0.049995;0.049995;0.0;0.0
my_alloc.c;360;0.049001;0.049001;0.0;0.0
hp_write.c;245;0.049000;0.049000;0.0;0.0
protocol.cc;1370;0.048999;0.048999;0.0;0.0
filesort.cc;2852;0.048998;0.048998;0.0;0.0
rem0rec.cc;827;0.048998;0.048998;0.0;0.0
protocol.cc;1312;0.048998;0.048998;0.0;0.0
item.h;1461;0.041999;0.041999;0.0;0.0
key.cc;522;0.041002;0.041002;0.0;0.0
heapdef.h;138;0.041002;0.041002;0.0;0.0
hp_hash.c;297;0.041000;0.041000;0.0;0.0
row0sel.cc;964;0.040999;0.040999;0.0;0.0
handler.cc;4192;0.040998;0.040998;0.0;0.0
memset-vec-unaligned-erms.S;295;0.040997;0.040997;0.0;0.0
memset-vec-unaligned-erms.S;302;0.040005;0.040005;0.0;0.0
sql_bitmap.h;168;0.040004;0.040004;0.0;0.0
item_func.cc;283;0.040003;0.040003;0.0;0.0
protocol.cc;36;0.040003;0.040003;0.0;0.0
psi_noop.c;170;0.040003;0.040003;0.0;0.0
item.h;4628;0.040002;0.040002;0.0;0.0
my_json_writer.h;449;0.040002;0.040002;0.0;0.0
opt_vcol_substitution.cc;136;0.040002;0.040002;0.0;0.0
page0cur.cc;103;0.040002;0.040002;0.0;0.0
handler.cc;4071;0.040002;0.040002;0.0;0.0
sql_class.h;5231;0.040002;0.040002;0.0;0.0
hasher-mysql5x.c;19;0.040002;0.040002;0.0;0.0
item.h;4522;0.040002;0.040002;0.0;0.0
row0sel.cc;5033;0.040002;0.040002;0.0;0.0
sql_explain.cc;107;0.040001;0.040001;0.0;0.0
lf_hash.cc;304;0.040001;0.040001;0.0;0.0
handler.cc;7544;0.040001;0.040001;0.0;0.0
ctype-uca.inl;295;0.040001;0.040001;0.0;0.0
ctype-uca.inl;697;0.040001;0.040001;0.0;0.0
malloc.c;4407;0.040001;0.040001;0.0;0.0
memmove-vec-unaligned-erms.S;501;0.040001;0.040001;0.0;0.0
item.cc;8128;0.040001;0.040001;0.0;0.0
buf0buf.cc;2932;0.040001;0.040001;0.0;0.0
memmove-vec-unaligned-erms.S;541;0.040001;0.040001;0.0;0.0
opt_range.cc;9089;0.040001;0.040001;0.0;0.0
malloc.c;3944;0.040001;0.040001;0.0;0.0
sql_parse.cc;2491;0.040001;0.040001;0.0;0.0
string_fortified.h;59;0.040000;0.040000;0.0;0.0
send.c;28;0.040000;0.040000;0.0;0.0
field.h;1412;0.040000;0.040000;0.0;0.0
my_json_writer.h;469;0.040000;0.040000;0.0;0.0
hp_write.c;96;0.040000;0.040000;0.0;0.0
memmove-vec-unaligned-erms.S;538;0.040000;0.040000;0.0;0.0
ha_innodb.cc;9475;0.040000;0.040000;0.0;0.0
malloc.c;3940;0.040000;0.040000;0.0;0.0
memmove-vec-unaligned-erms.S;308;0.040000;0.040000;0.0;0.0
mf_qsort.c;146;0.040000;0.040000;0.0;0.0
mf_cache.c;72;0.040000;0.040000;0.0;0.0
filesort.cc;2759;0.040000;0.040000;0.0;0.0
ha_heap.cc;297;0.040000;0.040000;0.0;0.0
lf_hash.cc;546;0.040000;0.040000;0.0;0.0
field.cc;4690;0.040000;0.040000;0.0;0.0
my_alloc.c;690;0.040000;0.040000;0.0;0.0
ha_innodb.cc;9320;0.040000;0.040000;0.0;0.0
sql_list.h;154;0.040000;0.040000;0.0;0.0
opt_context_store_replay.cc;1680;0.040000;0.040000;0.0;0.0
hp_write.c;408;0.040000;0.040000;0.0;0.0
sql_list.h;428;0.040000;0.040000;0.0;0.0
filesort.cc;2847;0.040000;0.040000;0.0;0.0
sql_explain.cc;3037;0.040000;0.040000;0.0;0.0
field.cc;1143;0.040000;0.040000;0.0;0.0
malloc.c;4366;0.040000;0.040000;0.0;0.0
mtr0mtr.cc;92;0.040000;0.040000;0.0;0.0
rem0rec.cc;465;0.040000;0.040000;0.0;0.0
cleanup_compat.c;40;0.040000;0.040000;0.0;0.0
handler.cc;4033;0.040000;0.040000;0.0;0.0
srw_lock.h;251;0.039999;0.039999;0.0;0.0
sql_alloc.h;37;0.039999;0.039999;0.0;0.0
field.h;1518;0.039999;0.039999;0.0;0.0
memmove-vec-unaligned-erms.S;537;0.039999;0.039999;0.0;0.0
ha_innodb.cc;16611;0.039999;0.039999;0.0;0.0
btr0pcur.cc;64;0.039999;0.039999;0.0;0.0
malloc.c;3039;0.039999;0.039999;0.0;0.0
dict0mem.h;2171;0.039999;0.039999;0.0;0.0
send.c;32;0.039999;0.039999;0.0;0.0
temporary_tables.cc;45;0.039999;0.039999;0.0;0.0
sql_base.cc;4672;0.039999;0.039999;0.0;0.0
item_func.h;205;0.039999;0.039999;0.0;0.0
handler.cc;4089;0.039999;0.039999;0.0;0.0
ctype-uca.inl;661;0.039999;0.039999;0.0;0.0
hp_write.c;392;0.039999;0.039999;0.0;0.0
sql_prepare.cc;5589;0.039999;0.039999;0.0;0.0
row0sel.cc;2956;0.039999;0.039999;0.0;0.0
mtr0mtr.cc;535;0.039999;0.039999;0.0;0.0
sql_explain.h;214;0.039999;0.039999;0.0;0.0
sql_select.cc;34827;0.039999;0.039999;0.0;0.0
ha_innodb.cc;16257;0.039999;0.039999;0.0;0.0
filesort_utils.h;164;0.039999;0.039999;0.0;0.0
hp_block.c;34;0.039999;0.039999;0.0;0.0
rem0rec.cc;429;0.039998;0.039998;0.0;0.0
array.c;348;0.039998;0.039998;0.0;0.0
sql_parse.cc;1688;0.039998;0.039998;0.0;0.0
lock.cc;472;0.039998;0.039998;0.0;0.0
ctype-mb.c;258;0.039998;0.039998;0.0;0.0
sql_parse.cc;6136;0.039998;0.039998;0.0;0.0
sql_profile.h;287;0.039998;0.039998;0.0;0.0
hash.c;196;0.039998;0.039998;0.0;0.0
viosocket.c;982;0.039998;0.039998;0.0;0.0
item.cc;3769;0.039998;0.039998;0.0;0.0
sql_class.cc;6179;0.039998;0.039998;0.0;0.0
dict0dict.inl;170;0.039998;0.039998;0.0;0.0
psi_noop.c;344;0.039998;0.039998;0.0;0.0
sql_parse.cc;2381;0.039997;0.039997;0.0;0.0
buf0buf.cc;3043;0.039997;0.039997;0.0;0.0
sql_select.cc;972;0.039997;0.039997;0.0;0.0
pthread_mutex_lock.c;76;0.039997;0.039997;0.0;0.0
ha_heap.cc;404;0.039997;0.039997;0.0;0.0
transaction.cc;103;0.039997;0.039997;0.0;0.0
net_serv.cc;898;0.039997;0.039997;0.0;0.0
mdl.cc;2703;0.039996;0.039996;0.0;0.0
page0cur.cc;672;0.039996;0.039996;0.0;0.0
mysql_stage.h;112;0.039995;0.039995;0.0;0.0
opt_range.cc;1355;0.039995;0.039995;0.0;0.0
sql_select.cc;26126;0.039006;0.039006;0.0;0.0
sql_select.cc;24991;0.039002;0.039002;0.0;0.0
row0sel.cc;3167;0.039001;0.039001;0.0;0.0
opt_trace_context.h;108;0.039001;0.039001;0.0;0.0
item.cc;747;0.039000;0.039000;0.0;0.0
memmove-vec-unaligned-erms.S;366;0.039000;0.039000;0.0;0.0
my_json_writer.h;396;0.039000;0.039000;0.0;0.0
sql_union.cc;2734;0.039000;0.039000;0.0;0.0
page0page.h;217;0.038999;0.038999;0.0;0.0
opt_range.cc;3570;0.038996;0.038996;0.0;0.0
malloc.c;3353;0.038965;0.038965;0.0;0.0
row0sel.cc;2816;0.031001;0.031001;0.0;0.0
sql_string.h;509;0.031001;0.031001;0.0;0.0
row0sel.cc;5493;0.031001;0.031001;0.0;0.0
ha_heap.cc;297;0.031001;0.031001;0.0;0.0
row0sel.cc;3864;0.031001;0.031001;0.0;0.0
rem0rec.cc;292;0.031000;0.031000;0.0;0.0
hp_write.c;213;0.031000;0.031000;0.0;0.0
mf_qsort.c;145;0.030999;0.030999;0.0;0.0
sql_class.cc;462;0.030999;0.030999;0.0;0.0
ctype-uca.inl;666;0.030999;0.030999;0.0;0.0
handler.cc;4200;0.030995;0.030995;0.0;0.0
item.h;4565;0.030003;0.030003;0.0;0.0
memmove-vec-unaligned-erms.S;498;0.030002;0.030002;0.0;0.0
sql_select.cc;13185;0.030002;0.030002;0.0;0.0
protocol.cc;58;0.030002;0.030002;0.0;0.0
hp_write.c;380;0.030002;0.030002;0.0;0.0
sql_class.cc;6433;0.030002;0.030002;0.0;0.0
sql_class.cc;3337;0.030002;0.030002;0.0;0.0
net_serv.cc;572;0.030002;0.030002;0.0;0.0
hp_block.c;39;0.030002;0.030002;0.0;0.0
handler.cc;3925;0.030002;0.030002;0.0;0.0
hp_scan.c;49;0.030001;0.030001;0.0;0.0
handler.cc;8000;0.030001;0.030001;0.0;0.0
sql_select.cc;33998;0.030001;0.030001;0.0;0.0
ctype-uca.c;34354;0.030001;0.030001;0.0;0.0
table_cache.cc;857;0.030001;0.030001;0.0;0.0
filesort.cc;1465;0.030001;0.030001;0.0;0.0
row0sel.cc;3859;0.030001;0.030001;0.0;0.0
buf0buf.cc;3007;0.030001;0.030001;0.0;0.0
item.cc;4859;0.030001;0.030001;0.0;0.0
sql_plugin.cc;1032;0.030001;0.030001;0.0;0.0
sql_statistics.cc;3259;0.030001;0.030001;0.0;0.0
buf0buf.cc;330;0.030001;0.030001;0.0;0.0
mf_qsort.c;206;0.030001;0.030001;0.0;0.0
sql_select.cc;33928;0.030001;0.030001;0.0;0.0
sql_select.cc;29536;0.030001;0.030001;0.0;0.0
filesort.cc;2926;0.030001;0.030001;0.0;0.0
dict0dict.cc;443;0.030001;0.030001;0.0;0.0
row0sel.cc;4440;0.030001;0.030001;0.0;0.0
ctype-ascii.h;110;0.030001;0.030001;0.0;0.0
net_serv.cc;387;0.030001;0.030001;0.0;0.0
protocol.cc;1365;0.030001;0.030001;0.0;0.0
sql_prepare.cc;5600;0.030001;0.030001;0.0;0.0
row0sel.cc;5965;0.030001;0.030001;0.0;0.0
s_ceil-sse4_1.S;31;0.030001;0.030001;0.0;0.0
records.cc;398;0.030001;0.030001;0.0;0.0
memmove-vec-unaligned-erms.S;367;0.030001;0.030001;0.0;0.0
row0sel.cc;5833;0.030001;0.030001;0.0;0.0
table.cc;7796;0.030001;0.030001;0.0;0.0
handler.cc;3987;0.030001;0.030001;0.0;0.0
my_thr_init.c;369;0.030001;0.030001;0.0;0.0
dict0dict.inl;67;0.030001;0.030001;0.0;0.0
handler.h;2046;0.030000;0.030000;0.0;0.0
sql_error.h;830;0.030000;0.030000;0.0;0.0
lf_hash.cc;128;0.030000;0.030000;0.0;0.0
sql_class.cc;3328;0.030000;0.030000;0.0;0.0
sql_string.h;315;0.030000;0.030000;0.0;0.0
btr0sea.cc;1698;0.030000;0.030000;0.0;0.0
item.h;3985;0.030000;0.030000;0.0;0.0
memset-vec-unaligned-erms.S;301;0.030000;0.030000;0.0;0.0
row0sel.cc;5022;0.030000;0.030000;0.0;0.0
field.h;1319;0.030000;0.030000;0.0;0.0
sql_error.h;1063;0.030000;0.030000;0.0;0.0
sql_class.h;6635;0.030000;0.030000;0.0;0.0
my_vsnprintf.c;745;0.030000;0.030000;0.0;0.0
sql_class.cc;4543;0.030000;0.030000;0.0;0.0
ha_innodb.cc;4711;0.030000;0.030000;0.0;0.0
sql_select.cc;23963;0.030000;0.030000;0.0;0.0
opt_range.h;434;0.030000;0.030000;0.0;0.0
my_json_writer.h;646;0.030000;0.030000;0.0;0.0
page0page.inl;366;0.030000;0.030000;0.0;0.0
mf_qsort.c;111;0.030000;0.030000;0.0;0.0
hp_rrnd.c;49;0.030000;0.030000;0.0;0.0
ha_innodb.cc;9463;0.030000;0.030000;0.0;0.0
page0cur.cc;338;0.030000;0.030000;0.0;0.0
malloc.c;3319;0.030000;0.030000;0.0;0.0
item.h;4762;0.030000;0.030000;0.0;0.0
sql_select.cc;26879;0.030000;0.030000;0.0;0.0
item.cc;4948;0.030000;0.030000;0.0;0.0
malloc.c;3289;0.030000;0.030000;0.0;0.0
sql_type.cc;1918;0.030000;0.030000;0.0;0.0
net_serv.cc;835;0.030000;0.030000;0.0;0.0
row0sel.cc;5494;0.030000;0.030000;0.0;0.0
hp_write.c;278;0.030000;0.030000;0.0;0.0
sql_base.cc;2296;0.030000;0.030000;0.0;0.0
row0sel.cc;4544;0.030000;0.030000;0.0;0.0
sql_select.cc;26440;0.030000;0.030000;0.0;0.0
sql_class.h;5831;0.030000;0.030000;0.0;0.0
row0sel.cc;5507;0.030000;0.030000;0.0;0.0
read0types.h;252;0.030000;0.030000;0.0;0.0
strmake.c;36;0.030000;0.030000;0.0;0.0
sql_select.cc;26160;0.030000;0.030000;0.0;0.0
rem0rec.inl;221;0.030000;0.030000;0.0;0.0
dict0mem.h;1395;0.030000;0.030000;0.0;0.0
filesort.cc;2998;0.030000;0.030000;0.0;0.0
filesort_utils.cc;69;0.030000;0.030000;0.0;0.0
field.h;1503;0.030000;0.030000;0.0;0.0
sql_select.cc;31788;0.030000;0.030000;0.0;0.0
sql_lex.cc;5305;0.030000;0.030000;0.0;0.0
small_vector.h;34;0.030000;0.030000;0.0;0.0
sql_select.cc;29913;0.030000;0.030000;0.0;0.0
table.cc;7873;0.030000;0.030000;0.0;0.0
ha_innodb.cc;7741;0.030000;0.030000;0.0;0.0
opt_trace.cc;63;0.030000;0.030000;0.0;0.0
my_byteorder.h;202;0.030000;0.030000;0.0;0.0
page0page.h;622;0.030000;0.030000;0.0;0.0
ha_innodb.cc;7340;0.030000;0.030000;0.0;0.0
rem0rec.cc;920;0.030000;0.030000;0.0;0.0
strlen-avx2.S;85;0.030000;0.030000;0.0;0.0
ilist.h;181;0.030000;0.030000;0.0;0.0
sql_union.cc;2842;0.030000;0.030000;0.0;0.0
psi_noop.c;867;0.030000;0.030000;0.0;0.0
sql_parse.cc;1275;0.030000;0.030000;0.0;0.0
sql_select.h;847;0.030000;0.030000;0.0;0.0
sql_class.cc;5193;0.030000;0.030000;0.0;0.0
sql_prepare.cc;3185;0.030000;0.030000;0.0;0.0
sql_type.h;7362;0.030000;0.030000;0.0;0.0
sql_select.cc;24784;0.029999;0.029999;0.0;0.0
sql_select.cc;24985;0.029999;0.029999;0.0;0.0
page0cur.cc;924;0.029999;0.029999;0.0;0.0
sql_prepare.cc;5364;0.029999;0.029999;0.0;0.0
buf0buf.h;1446;0.029999;0.029999;0.0;0.0
row0sel.cc;3076;0.029999;0.029999;0.0;0.0
mf_qsort.c;204;0.029999;0.029999;0.0;0.0
sql_type.cc;5951;0.029999;0.029999;0.0;0.0
item.cc;3770;0.029999;0.029999;0.0;0.0
row0sel.cc;3764;0.029999;0.029999;0.0;0.0
filesort_utils.h;208;0.029999;0.029999;0.0;0.0
strcoll.inl;246;0.029999;0.029999;0.0;0.0
mdl.cc;3581;0.029999;0.029999;0.0;0.0
crc32c_amd64.cc;188;0.029999;0.029999;0.0;0.0
mysql_mdl.h;113;0.029999;0.029999;0.0;0.0
net_serv.cc;631;0.029999;0.029999;0.0;0.0
rem0rec.cc;904;0.029999;0.029999;0.0;0.0
multi_range_read.cc;1730;0.029999;0.029999;0.0;0.0
protocol.cc;1849;0.029999;0.029999;0.0;0.0
sql_prepare.cc;968;0.029999;0.029999;0.0;0.0
filesort.cc;2856;0.029999;0.029999;0.0;0.0
sql_base.cc;10222;0.029999;0.029999;0.0;0.0
row0sel.cc;3168;0.029999;0.029999;0.0;0.0
row0sel.cc;5506;0.029999;0.029999;0.0;0.0
item.cc;3767;0.029999;0.029999;0.0;0.0
sql_select.cc;12546;0.029999;0.029999;0.0;0.0
sql_select.cc;29526;0.029999;0.029999;0.0;0.0
item.h;1461;0.029999;0.029999;0.0;0.0
sql_lex.cc;4510;0.029999;0.029999;0.0;0.0
sql_select.cc;24756;0.029999;0.029999;0.0;0.0
ctype-uca.c;33935;0.029999;0.029999;0.0;0.0
crc32c_amd64.cc;149;0.029999;0.029999;0.0;0.0
pthread_getspecific.c;55;0.029999;0.029999;0.0;0.0
protocol.cc;211;0.029999;0.029999;0.0;0.0
row0sel.cc;5862;0.029999;0.029999;0.0;0.0
sql_select.cc;24979;0.029999;0.029999;0.0;0.0
field.cc;2647;0.029999;0.029999;0.0;0.0
my_malloc.c;193;0.029999;0.029999;0.0;0.0
hp_hash.c;297;0.029999;0.029999;0.0;0.0
memmove-vec-unaligned-erms.S;306;0.029999;0.029999;0.0;0.0
sql_select.cc;29085;0.029999;0.029999;0.0;0.0
memcmp-avx2-movbe.S;414;0.029999;0.029999;0.0;0.0
item.cc;4859;0.029999;0.029999;0.0;0.0
opt_range.cc;9069;0.029999;0.029999;0.0;0.0
sql_parse.cc;3770;0.029999;0.029999;0.0;0.0
item.cc;4931;0.029999;0.029999;0.0;0.0
item.h;4611;0.029999;0.029999;0.0;0.0
hp_rrnd.c;45;0.029999;0.029999;0.0;0.0
btr0pcur.cc;217;0.029999;0.029999;0.0;0.0
table.cc;11229;0.029999;0.029999;0.0;0.0
opt_context_store_replay.cc;2389;0.029999;0.029999;0.0;0.0
table.cc;6047;0.029999;0.029999;0.0;0.0
opt_context_store_replay.cc;2392;0.029999;0.029999;0.0;0.0
sql_select.cc;13142;0.029999;0.029999;0.0;0.0
records.cc;594;0.029998;0.029998;0.0;0.0
mf_pack.c;335;0.029998;0.029998;0.0;0.0
key.cc;489;0.029998;0.029998;0.0;0.0
hp_write.c;407;0.029998;0.029998;0.0;0.0
sql_select.cc;4928;0.029998;0.029998;0.0;0.0
mdl.cc;2897;0.029998;0.029998;0.0;0.0
item.h;5995;0.029998;0.029998;0.0;0.0
rem0rec.cc;332;0.029998;0.029998;0.0;0.0
sql_explain.h;660;0.029998;0.029998;0.0;0.0
lf_hash.cc;115;0.029998;0.029998;0.0;0.0
field.cc;1144;0.029998;0.029998;0.0;0.0
rem0rec.cc;455;0.029998;0.029998;0.0;0.0
strcmp-avx2.S;289;0.029998;0.029998;0.0;0.0
small_vector.h;120;0.029998;0.029998;0.0;0.0
sql_select.cc;1943;0.029998;0.029998;0.0;0.0
sql_statistics.h;121;0.029998;0.029998;0.0;0.0
field.h;1208;0.029998;0.029998;0.0;0.0
handler.cc;4051;0.029998;0.029998;0.0;0.0
ctype-uca.c;34439;0.029998;0.029998;0.0;0.0
sql_explain.cc;3040;0.029998;0.029998;0.0;0.0
poll.c;43;0.029998;0.029998;0.0;0.0
sql_prepare.cc;4698;0.029998;0.029998;0.0;0.0
filesort.cc;437;0.029998;0.029998;0.0;0.0
sql_select.cc;25862;0.029998;0.029998;0.0;0.0
sql_base.cc;9839;0.029998;0.029998;0.0;0.0
handler.h;3980;0.029998;0.029998;0.0;0.0
hp_write.c;313;0.029998;0.029998;0.0;0.0
malloc.c;3247;0.029998;0.029998;0.0;0.0
sql_profile.h;322;0.029998;0.029998;0.0;0.0
mysqld.cc;1267;0.029997;0.029997;0.0;0.0
sql_select.cc;22115;0.029997;0.029997;0.0;0.0
opt_range.h;1022;0.029997;0.029997;0.0;0.0
lf_hash.cc;111;0.029997;0.029997;0.0;0.0
hp_write.c;291;0.029997;0.029997;0.0;0.0
net_serv.cc;616;0.029997;0.029997;0.0;0.0
opt_range.cc;1914;0.029997;0.029997;0.0;0.0
opt_range.cc;4189;0.029997;0.029997;0.0;0.0
sql_parse.cc;6151;0.029997;0.029997;0.0;0.0
sql_class.h;3513;0.029997;0.029997;0.0;0.0
mdl.h;875;0.029996;0.029996;0.0;0.0
sql_audit.cc;148;0.029996;0.029996;0.0;0.0
multi_range_read.cc;637;0.029996;0.029996;0.0;0.0
hp_hash.c;221;0.029996;0.029996;0.0;0.0
item.cc;3884;0.029996;0.029996;0.0;0.0
sql_class.h;5829;0.029995;0.029995;0.0;0.0
mf_tempdir.c;84;0.029995;0.029995;0.0;0.0
sql_prepare.cc;4800;0.029994;0.029994;0.0;0.0
filesort.cc;2760;0.029992;0.029992;0.0;0.0
mdl.cc;1113;0.029002;0.029002;0.0;0.0
sql_union.cc;2820;0.029001;0.029001;0.0;0.0
ctype-uca.c;34362;0.029001;0.029001;0.0;0.0
sql_statistics.cc;3204;0.029001;0.029001;0.0;0.0
opt_range.cc;1266;0.029000;0.029000;0.0;0.0
ctype-utf8.c;3015;0.029000;0.029000;0.0;0.0
ctype-uca.c;34413;0.029000;0.029000;0.0;0.0
item.h;2208;0.029000;0.029000;0.0;0.0
item.cc;1603;0.029000;0.029000;0.0;0.0
page0page.h;664;0.029000;0.029000;0.0;0.0
sql_lex.cc;3645;0.028999;0.028999;0.0;0.0
sql_class.cc;5187;0.028999;0.028999;0.0;0.0
sql_type.cc;1604;0.028999;0.028999;0.0;0.0
sql_explain.cc;1502;0.028999;0.028999;0.0;0.0
field.cc;2649;0.028999;0.028999;0.0;0.0
ctype-utf8.h;142;0.028998;0.028998;0.0;0.0
sql_select.cc;17659;0.028998;0.028998;0.0;0.0
clock_gettime.c;38;0.028998;0.028998;0.0;0.0
sql_parse.cc;3477;0.028996;0.028996;0.0;0.0
sql_select.cc;24828;0.021001;0.021001;0.0;0.0
row0sel.cc;4801;0.021001;0.021001;0.0;0.0
hp_write.c;215;0.021001;0.021001;0.0;0.0
sql_class.h;4278;0.021001;0.021001;0.0;0.0
sql_select.cc;28286;0.021000;0.021000;0.0;0.0
hp_write.c;296;0.021000;0.021000;0.0;0.0
multi_range_read.cc;630;0.021000;0.021000;0.0;0.0
sql_type.cc;207;0.020999;0.020999;0.0;0.0
buf0buf.cc;3007;0.020999;0.020999;0.0;0.0
row0sel.cc;5998;0.020999;0.020999;0.0;0.0
mf_qsort.c;172;0.020998;0.020998;0.0;0.0
handler.cc;6524;0.020014;0.020014;0.0;0.0
my_alloc.c;422;0.020010;0.020010;0.0;0.0
filesort_utils.h;218;0.020010;0.020010;0.0;0.0
item.h;3915;0.020004;0.020004;0.0;0.0
sql_class.cc;2523;0.020003;0.020003;0.0;0.0
sql_parse.cc;6253;0.020002;0.020002;0.0;0.0
malloc.c;3015;0.020002;0.020002;0.0;0.0
sql_class.cc;6161;0.020002;0.020002;0.0;0.0
sql_select.cc;2454;0.020002;0.020002;0.0;0.0
strlen-avx2.S;80;0.020002;0.020002;0.0;0.0
filesort.cc;2850;0.020002;0.020002;0.0;0.0
sql_select.cc;16870;0.020002;0.020002;0.0;0.0
ha_innodb.cc;9452;0.020002;0.020002;0.0;0.0
my_bitmap.c;141;0.020002;0.020002;0.0;0.0
row0sel.cc;3264;0.020002;0.020002;0.0;0.0
filesort_utils.h;232;0.020002;0.020002;0.0;0.0
field.cc;7542;0.020002;0.020002;0.0;0.0
item.h;4568;0.020002;0.020002;0.0;0.0
item.cc;3605;0.020002;0.020002;0.0;0.0
sql_string.h;255;0.020002;0.020002;0.0;0.0
my_vsnprintf.c;718;0.020002;0.020002;0.0;0.0
ha_innodb.cc;7747;0.020002;0.020002;0.0;0.0
pack.c;136;0.020002;0.020002;0.0;0.0
hp_write.c;318;0.020002;0.020002;0.0;0.0
handler.h;2047;0.020002;0.020002;0.0;0.0
row0sel.cc;5770;0.020002;0.020002;0.0;0.0
sql_list.h;435;0.020001;0.020001;0.0;0.0
item.cc;7010;0.020001;0.020001;0.0;0.0
opt_hints.cc;1310;0.020001;0.020001;0.0;0.0
opt_range.cc;3870;0.020001;0.020001;0.0;0.0
sql_select.cc;19531;0.020001;0.020001;0.0;0.0
mf_format.c;131;0.020001;0.020001;0.0;0.0
malloc.c;4351;0.020001;0.020001;0.0;0.0
row0sel.cc;4465;0.020001;0.020001;0.0;0.0
pthread_mutex_unlock.c;357;0.020001;0.020001;0.0;0.0
sql_bitmap.h;78;0.020001;0.020001;0.0;0.0
mysql_socket.h;303;0.020001;0.020001;0.0;0.0
my_vsnprintf.c;741;0.020001;0.020001;0.0;0.0
sql_lex.h;3898;0.020001;0.020001;0.0;0.0
row0sel.cc;5947;0.020001;0.020001;0.0;0.0
row0sel.cc;4059;0.020001;0.020001;0.0;0.0
sql_select.cc;30046;0.020001;0.020001;0.0;0.0
net_serv.cc;412;0.020001;0.020001;0.0;0.0
buf0buf.cc;2738;0.020001;0.020001;0.0;0.0
strcmp-avx2.S;287;0.020001;0.020001;0.0;0.0
hp_scan.c;62;0.020001;0.020001;0.0;0.0
ha_innodb.cc;7338;0.020001;0.020001;0.0;0.0
heapdef.h;137;0.020001;0.020001;0.0;0.0
psi_noop.c;629;0.020001;0.020001;0.0;0.0
sql_select.cc;8018;0.020001;0.020001;0.0;0.0
sql_select.cc;16605;0.020001;0.020001;0.0;0.0
row0sel.cc;5940;0.020001;0.020001;0.0;0.0
sql_class.cc;8971;0.020001;0.020001;0.0;0.0
m_ctype.h;1154;0.020001;0.020001;0.0;0.0
hp_write.c;351;0.020001;0.020001;0.0;0.0
my_vsnprintf.c;693;0.020001;0.020001;0.0;0.0
opt_range.cc;9434;0.020001;0.020001;0.0;0.0
sql_explain.cc;1275;0.020001;0.020001;0.0;0.0
filesort.cc;2765;0.020001;0.020001;0.0;0.0
sql_select.cc;15526;0.020001;0.020001;0.0;0.0
sql_class.cc;4306;0.020001;0.020001;0.0;0.0
mf_qsort.c;168;0.020001;0.020001;0.0;0.0
sql_limit.h;93;0.020001;0.020001;0.0;0.0
memmove-vec-unaligned-erms.S;519;0.020001;0.020001;0.0;0.0
item.cc;719;0.020001;0.020001;0.0;0.0
item_cmpfunc.cc;2404;0.020001;0.020001;0.0;0.0
sql_class.cc;1531;0.020001;0.020001;0.0;0.0
sql_select.cc;29513;0.020001;0.020001;0.0;0.0
sql_select.cc;6972;0.020001;0.020001;0.0;0.0
field.cc;7806;0.020001;0.020001;0.0;0.0
protocol.cc;1463;0.020001;0.020001;0.0;0.0
row0sel.cc;5809;0.020001;0.020001;0.0;0.0
filesort.cc;1534;0.020001;0.020001;0.0;0.0
row0sel.cc;5958;0.020001;0.020001;0.0;0.0
sql_class.h;6644;0.020001;0.020001;0.0;0.0
protocol.cc;1735;0.020001;0.020001;0.0;0.0
opt_range.cc;7756;0.020001;0.020001;0.0;0.0
row0sel.cc;5775;0.020001;0.020001;0.0;0.0
ha_innodb.cc;4758;0.020001;0.020001;0.0;0.0
sql_select.cc;33925;0.020001;0.020001;0.0;0.0
pthread_mutex_lock.c;115;0.020001;0.020001;0.0;0.0
ha_innodb.cc;3620;0.020001;0.020001;0.0;0.0
table.cc;7885;0.020001;0.020001;0.0;0.0
handler.cc;7557;0.020001;0.020001;0.0;0.0
sql_parse.cc;1450;0.020001;0.020001;0.0;0.0
rem0rec.cc;898;0.020001;0.020001;0.0;0.0
item.cc;11802;0.020001;0.020001;0.0;0.0
handler.h;4054;0.020001;0.020001;0.0;0.0
row0sel.cc;2955;0.020001;0.020001;0.0;0.0
hp_hash.c;355;0.020000;0.020000;0.0;0.0
sql_parse.cc;1226;0.020000;0.020000;0.0;0.0
sql_prepare.cc;3649;0.020000;0.020000;0.0;0.0
sql_select.h;2874;0.020000;0.020000;0.0;0.0
hp_rrnd.c;30;0.020000;0.020000;0.0;0.0
memmove-vec-unaligned-erms.S;275;0.020000;0.020000;0.0;0.0
sql_class.cc;1514;0.020000;0.020000;0.0;0.0
opt_range.cc;3607;0.020000;0.020000;0.0;0.0
sql_select.cc;33923;0.020000;0.020000;0.0;0.0
trx0trx.cc;1556;0.020000;0.020000;0.0;0.0
sql_parse.cc;3553;0.020000;0.020000;0.0;0.0
malloc.c;3272;0.020000;0.020000;0.0;0.0
item.h;2039;0.020000;0.020000;0.0;0.0
e_log2.c;133;0.020000;0.020000;0.0;0.0
ctype-uca.c;34353;0.020000;0.020000;0.0;0.0
ha_heap.cc;131;0.020000;0.020000;0.0;0.0
opt_range.cc;9632;0.020000;0.020000;0.0;0.0
sql_class.cc;6490;0.020000;0.020000;0.0;0.0
cleanup_compat.c;47;0.020000;0.020000;0.0;0.0
hp_write.c;49;0.020000;0.020000;0.0;0.0
field.cc;7801;0.020000;0.020000;0.0;0.0
sql_select.cc;29532;0.020000;0.020000;0.0;0.0
sql_select.cc;24866;0.020000;0.020000;0.0;0.0
sql_list.h;440;0.020000;0.020000;0.0;0.0
sql_select.cc;19432;0.020000;0.020000;0.0;0.0
sql_select.cc;17684;0.020000;0.020000;0.0;0.0
filesort.cc;2736;0.020000;0.020000;0.0;0.0
my_malloc.c;112;0.020000;0.020000;0.0;0.0
sql_lex.cc;5306;0.020000;0.020000;0.0;0.0
malloc.c;3007;0.020000;0.020000;0.0;0.0
rem0rec.inl;654;0.020000;0.020000;0.0;0.0
sql_select.cc;25879;0.020000;0.020000;0.0;0.0
sql_select.cc;34831;0.020000;0.020000;0.0;0.0
sql_select.cc;28340;0.020000;0.020000;0.0;0.0
opt_range.cc;1253;0.020000;0.020000;0.0;0.0
page0page.h;203;0.020000;0.020000;0.0;0.0
sql_select.cc;29396;0.020000;0.020000;0.0;0.0
sql_select.cc;3128;0.020000;0.020000;0.0;0.0
sql_parse.cc;7406;0.020000;0.020000;0.0;0.0
sql_select.cc;13381;0.020000;0.020000;0.0;0.0
sql_base.cc;9040;0.020000;0.020000;0.0;0.0
row0sel.cc;4498;0.020000;0.020000;0.0;0.0
sql_select.cc;14829;0.020000;0.020000;0.0;0.0
field.h;1196;0.020000;0.020000;0.0;0.0
row0sel.cc;3869;0.020000;0.020000;0.0;0.0
sql_select.cc;14465;0.020000;0.020000;0.0;0.0
filesort.cc;2857;0.020000;0.020000;0.0;0.0
my_vsnprintf.c;639;0.020000;0.020000;0.0;0.0
sql_select.cc;5240;0.020000;0.020000;0.0;0.0
sql_select.cc;9592;0.020000;0.020000;0.0;0.0
filesort_utils.cc;266;0.020000;0.020000;0.0;0.0
row0sel.cc;3238;0.020000;0.020000;0.0;0.0
filesort.cc;2762;0.020000;0.020000;0.0;0.0
mf_qsort.c;207;0.020000;0.020000;0.0;0.0
protocol.cc;1052;0.020000;0.020000;0.0;0.0
sql_select.cc;31088;0.020000;0.020000;0.0;0.0
buf0buf.cc;2829;0.020000;0.020000;0.0;0.0
hp_rrnd.c;34;0.020000;0.020000;0.0;0.0
ctype-uca.c;34438;0.020000;0.020000;0.0;0.0
field.cc;11417;0.020000;0.020000;0.0;0.0
hp_hash.c;300;0.020000;0.020000;0.0;0.0
item.cc;793;0.020000;0.020000;0.0;0.0
item_cmpfunc.cc;104;0.020000;0.020000;0.0;0.0
lock.cc;438;0.020000;0.020000;0.0;0.0
m_ctype.h;937;0.020000;0.020000;0.0;0.0
my_alloc.c;314;0.020000;0.020000;0.0;0.0
mysqld.cc;1274;0.020000;0.020000;0.0;0.0
opt_range.cc;4191;0.020000;0.020000;0.0;0.0
protocol.cc;1204;0.020000;0.020000;0.0;0.0
pthread_getspecific.c;64;0.020000;0.020000;0.0;0.0
row0sel.cc;4751;0.020000;0.020000;0.0;0.0
sql_base.cc;6040;0.020000;0.020000;0.0;0.0
sql_base.cc;2126;0.020000;0.020000;0.0;0.0
sql_parse.cc;7479;0.020000;0.020000;0.0;0.0
sql_parse.cc;6125;0.020000;0.020000;0.0;0.0
sql_prepare.cc;3277;0.020000;0.020000;0.0;0.0
sql_prepare.cc;4856;0.020000;0.020000;0.0;0.0
sql_select.cc;11305;0.020000;0.020000;0.0;0.0
sql_select.cc;29601;0.020000;0.020000;0.0;0.0
sql_select.cc;10163;0.020000;0.020000;0.0;0.0
sql_select.cc;974;0.020000;0.020000;0.0;0.0
sql_select.cc;12271;0.020000;0.020000;0.0;0.0
sql_select.cc;3219;0.020000;0.020000;0.0;0.0
sql_string.h;687;0.020000;0.020000;0.0;0.0
strcoll.inl;229;0.020000;0.020000;0.0;0.0
sql_select.cc;16473;0.020000;0.020000;0.0;0.0
memset-vec-unaligned-erms.S;421;0.020000;0.020000;0.0;0.0
mf_format.c;131;0.020000;0.020000;0.0;0.0
hp_write.c;316;0.020000;0.020000;0.0;0.0
item.h;6016;0.020000;0.020000;0.0;0.0
sql_select.cc;13204;0.020000;0.020000;0.0;0.0
ha_heap.cc;83;0.020000;0.020000;0.0;0.0
my_alloc.c;425;0.020000;0.020000;0.0;0.0
item.h;2629;0.020000;0.020000;0.0;0.0
btr0cur.cc;1110;0.020000;0.020000;0.0;0.0
field.h;1208;0.020000;0.020000;0.0;0.0
sql_select.cc;24419;0.020000;0.020000;0.0;0.0
field.h;2676;0.020000;0.020000;0.0;0.0
sql_select.cc;31090;0.020000;0.020000;0.0;0.0
temporary_tables.cc;519;0.020000;0.020000;0.0;0.0
sql_select.cc;5652;0.020000;0.020000;0.0;0.0
strings_def.h;222;0.020000;0.020000;0.0;0.0
sql_prepare.cc;3651;0.020000;0.020000;0.0;0.0
opt_range.cc;13756;0.020000;0.020000;0.0;0.0
ha_innodb.cc;3653;0.020000;0.020000;0.0;0.0
sql_class.cc;3331;0.020000;0.020000;0.0;0.0
sql_select.cc;27724;0.020000;0.020000;0.0;0.0
btr0btr.cc;230;0.020000;0.020000;0.0;0.0
opt_range.cc;2310;0.020000;0.020000;0.0;0.0
sql_select.cc;2870;0.020000;0.020000;0.0;0.0
opt_range.cc;1226;0.020000;0.020000;0.0;0.0
row0sel.cc;3110;0.020000;0.020000;0.0;0.0
sql_class.h;4827;0.020000;0.020000;0.0;0.0
hp_create.c;174;0.020000;0.020000;0.0;0.0
item.h;3864;0.020000;0.020000;0.0;0.0
field.cc;7807;0.020000;0.020000;0.0;0.0
sql_base.cc;4686;0.020000;0.020000;0.0;0.0
item.h;3981;0.020000;0.020000;0.0;0.0
rem0rec.inl;221;0.020000;0.020000;0.0;0.0
page0page.h;346;0.020000;0.020000;0.0;0.0
sql_select.cc;24983;0.020000;0.020000;0.0;0.0
item.h;6001;0.020000;0.020000;0.0;0.0
sql_string.h;297;0.020000;0.020000;0.0;0.0
malloc.c;3008;0.020000;0.020000;0.0;0.0
sql_select.cc;10136;0.020000;0.020000;0.0;0.0
row0sel.cc;3251;0.020000;0.020000;0.0;0.0
sql_array.h;66;0.020000;0.020000;0.0;0.0
opt_range.cc;7466;0.020000;0.020000;0.0;0.0
ha_innodb.cc;7297;0.020000;0.020000;0.0;0.0
hp_write.c;338;0.020000;0.020000;0.0;0.0
sql_sort.h;624;0.020000;0.020000;0.0;0.0
field.h;441;0.020000;0.020000;0.0;0.0
my_getsystime.c;50;0.020000;0.020000;0.0;0.0
sql_select.cc;16886;0.020000;0.020000;0.0;0.0
opt_subselect.cc;2332;0.020000;0.020000;0.0;0.0
pthread_mutex_lock.c;115;0.020000;0.020000;0.0;0.0
field.h;4189;0.020000;0.020000;0.0;0.0
transaction.cc;257;0.020000;0.020000;0.0;0.0
memset-vec-unaligned-erms.S;293;0.020000;0.020000;0.0;0.0
my_alloc.c;110;0.020000;0.020000;0.0;0.0
field.h;1706;0.020000;0.020000;0.0;0.0
sql_select.cc;2499;0.020000;0.020000;0.0;0.0
table.cc;3622;0.020000;0.020000;0.0;0.0
ha_heap.cc;452;0.020000;0.020000;0.0;0.0
strcpy-avx2.S;82;0.020000;0.020000;0.0;0.0
ha_innodb.cc;16621;0.020000;0.020000;0.0;0.0
ha_innodb.cc;7904;0.020000;0.020000;0.0;0.0
mysqld.cc;1226;0.020000;0.020000;0.0;0.0
net_serv.cc;1069;0.020000;0.020000;0.0;0.0
ha_innodb.cc;7662;0.020000;0.020000;0.0;0.0
item.h;678;0.020000;0.020000;0.0;0.0
mtr0mtr.cc;543;0.020000;0.020000;0.0;0.0
lf_dynarray.c;100;0.020000;0.020000;0.0;0.0
sql_lex.cc;5916;0.020000;0.020000;0.0;0.0
item.h;1151;0.020000;0.020000;0.0;0.0
sql_select.cc;9806;0.020000;0.020000;0.0;0.0
strcmp-avx2.S;206;0.020000;0.020000;0.0;0.0
btr0pcur.cc;172;0.020000;0.020000;0.0;0.0
sql_select.cc;12155;0.020000;0.020000;0.0;0.0
malloc.c;3038;0.020000;0.020000;0.0;0.0
key.cc;516;0.020000;0.020000;0.0;0.0
page0page.h;667;0.020000;0.020000;0.0;0.0
protocol.cc;663;0.019999;0.019999;0.0;0.0
handler.cc;7533;0.019999;0.019999;0.0;0.0
btr0cur.cc;1483;0.019999;0.019999;0.0;0.0
sql_select.cc;31109;0.019999;0.019999;0.0;0.0
fil0fil.h;727;0.019999;0.019999;0.0;0.0
page0cur.cc;85;0.019999;0.019999;0.0;0.0
ha_innodb.cc;7337;0.019999;0.019999;0.0;0.0
sql_select.cc;24655;0.019999;0.019999;0.0;0.0
page0cur.cc;232;0.019999;0.019999;0.0;0.0
btr0pcur.cc;221;0.019999;0.019999;0.0;0.0
row0sel.cc;5834;0.019999;0.019999;0.0;0.0
sql_select.cc;24851;0.019999;0.019999;0.0;0.0
sql_select.cc;498;0.019999;0.019999;0.0;0.0
row0sel.cc;4478;0.019999;0.019999;0.0;0.0
filesort.cc;1478;0.019999;0.019999;0.0;0.0
pthread_getspecific.c;24;0.019999;0.019999;0.0;0.0
ctype-uca-scanner_next.inl;155;0.019999;0.019999;0.0;0.0
memset-vec-unaligned-erms.S;249;0.019999;0.019999;0.0;0.0
my_alloc.c;361;0.019999;0.019999;0.0;0.0
sql_select.cc;18841;0.019999;0.019999;0.0;0.0
records.cc;396;0.019999;0.019999;0.0;0.0
crc32c_amd64.cc;630;0.019999;0.019999;0.0;0.0
hp_write.c;57;0.019999;0.019999;0.0;0.0
lock.cc;379;0.019999;0.019999;0.0;0.0
item.cc;6612;0.019999;0.019999;0.0;0.0
sql_select.cc;24847;0.019999;0.019999;0.0;0.0
hp_hash.c;300;0.019999;0.019999;0.0;0.0
item_func.cc;529;0.019999;0.019999;0.0;0.0
clock_gettime.c;40;0.019999;0.019999;0.0;0.0
sql_base.cc;1013;0.019999;0.019999;0.0;0.0
sql_base.cc;8360;0.019999;0.019999;0.0;0.0
sql_select.cc;22214;0.019999;0.019999;0.0;0.0
multi_range_read.cc;627;0.019999;0.019999;0.0;0.0
sql_select.cc;5877;0.019999;0.019999;0.0;0.0
e_log2.c;113;0.019999;0.019999;0.0;0.0
opt_range.cc;9079;0.019999;0.019999;0.0;0.0
hp_write.c;58;0.019999;0.019999;0.0;0.0
sp_cache.cc;258;0.019999;0.019999;0.0;0.0
field.cc;7544;0.019999;0.019999;0.0;0.0
sql_select.cc;34830;0.019999;0.019999;0.0;0.0
ha_innodb.cc;16771;0.019999;0.019999;0.0;0.0
pfs.cc;1369;0.019999;0.019999;0.0;0.0
sql_select.cc;31095;0.019999;0.019999;0.0;0.0
handler.cc;3849;0.019999;0.019999;0.0;0.0
filesort.cc;3018;0.019999;0.019999;0.0;0.0
trx0trx.cc;994;0.019999;0.019999;0.0;0.0
opt_subselect.cc;4353;0.019999;0.019999;0.0;0.0
lf_alloc-pin.c;299;0.019999;0.019999;0.0;0.0
lf_hash.cc;540;0.019999;0.019999;0.0;0.0
item.h;3930;0.019999;0.019999;0.0;0.0
memmove-vec-unaligned-erms.S;539;0.019999;0.019999;0.0;0.0
handler.cc;7605;0.019999;0.019999;0.0;0.0
hp_write.c;353;0.019999;0.019999;0.0;0.0
malloc.c;4218;0.019999;0.019999;0.0;0.0
sql_select.cc;1767;0.019999;0.019999;0.0;0.0
malloc.c;3988;0.019999;0.019999;0.0;0.0
mdl.h;670;0.019999;0.019999;0.0;0.0
handler.cc;1849;0.019999;0.019999;0.0;0.0
item.h;1742;0.019999;0.019999;0.0;0.0
memset-vec-unaligned-erms.S;297;0.019999;0.019999;0.0;0.0
sql_select.cc;25779;0.019999;0.019999;0.0;0.0
sql_error.cc;318;0.019999;0.019999;0.0;0.0
sql_class.cc;3423;0.019999;0.019999;0.0;0.0
sql_select.cc;1954;0.019999;0.019999;0.0;0.0
mf_qsort.c;217;0.019999;0.019999;0.0;0.0
strcmp-avx2.S;303;0.019999;0.019999;0.0;0.0
ha_innodb.cc;15263;0.019999;0.019999;0.0;0.0
ut0byte.h;75;0.019999;0.019999;0.0;0.0
sql_select.cc;28284;0.019999;0.019999;0.0;0.0
page0cur.cc;533;0.019999;0.019999;0.0;0.0
ha_innodb.cc;2707;0.019999;0.019999;0.0;0.0
sql_select.cc;21737;0.019999;0.019999;0.0;0.0
rem0rec.cc;657;0.019999;0.019999;0.0;0.0
opt_range.cc;10880;0.019999;0.019999;0.0;0.0
filesort.cc;2763;0.019999;0.019999;0.0;0.0
item_cmpfunc.cc;2413;0.019999;0.019999;0.0;0.0
sql_prepare.cc;3330;0.019999;0.019999;0.0;0.0
ha_innodb.cc;16657;0.019999;0.019999;0.0;0.0
opt_range.cc;8853;0.019999;0.019999;0.0;0.0
item.cc;7495;0.019999;0.019999;0.0;0.0
sql_analyze_stmt.cc;111;0.019999;0.019999;0.0;0.0
net_serv.cc;1104;0.019999;0.019999;0.0;0.0
sql_select.cc;32062;0.019999;0.019999;0.0;0.0
item.h;3139;0.019999;0.019999;0.0;0.0
net_serv.cc;1029;0.019999;0.019999;0.0;0.0
opt_range.cc;9445;0.019999;0.019999;0.0;0.0
sql_prepare.cc;3410;0.019999;0.019999;0.0;0.0
my_byteorder.h;149;0.019999;0.019999;0.0;0.0
row0sel.cc;4801;0.019999;0.019999;0.0;0.0
sql_class.h;5857;0.019999;0.019999;0.0;0.0
row0sel.cc;4369;0.019999;0.019999;0.0;0.0
hp_scan.c;67;0.019999;0.019999;0.0;0.0
ha_innodb.cc;5222;0.019999;0.019999;0.0;0.0
sql_base.cc;2157;0.019999;0.019999;0.0;0.0
sql_select.cc;24678;0.019999;0.019999;0.0;0.0
lf_hash.cc;125;0.019999;0.019999;0.0;0.0
rem0rec.cc;1988;0.019999;0.019999;0.0;0.0
lf_alloc-pin.c;458;0.019999;0.019999;0.0;0.0
mysql_statement.h;234;0.019999;0.019999;0.0;0.0
hp_scan.c;47;0.019999;0.019999;0.0;0.0
sql_select.cc;31101;0.019999;0.019999;0.0;0.0
handler.cc;7540;0.019999;0.019999;0.0;0.0
handler.cc;9198;0.019999;0.019999;0.0;0.0
protocol.cc;38;0.019999;0.019999;0.0;0.0
my_alloc.c;426;0.019999;0.019999;0.0;0.0
mysqld.cc;1238;0.019999;0.019999;0.0;0.0
my_alloc.c;525;0.019999;0.019999;0.0;0.0
thr_malloc.cc;63;0.019999;0.019999;0.0;0.0
hp_info.c;35;0.019999;0.019999;0.0;0.0
errno-loc.c;25;0.019999;0.019999;0.0;0.0
handler.h;4577;0.019999;0.019999;0.0;0.0
page0cur.cc;580;0.019999;0.019999;0.0;0.0
strcoll.inl;234;0.019999;0.019999;0.0;0.0
pthread_mutex_unlock.c;43;0.019999;0.019999;0.0;0.0
sql_select.cc;16808;0.019999;0.019999;0.0;0.0
sql_select.cc;12532;0.019999;0.019999;0.0;0.0
sql_select.cc;34020;0.019998;0.019998;0.0;0.0
psi_noop.c;507;0.019998;0.019998;0.0;0.0
page0page.cc;1282;0.019998;0.019998;0.0;0.0
mysqld.cc;742;0.019998;0.019998;0.0;0.0
ha_heap.cc;421;0.019998;0.019998;0.0;0.0
psi_noop.c;869;0.019998;0.019998;0.0;0.0
malloc.c;3932;0.019998;0.019998;0.0;0.0
sql_class.cc;5786;0.019998;0.019998;0.0;0.0
rowid_filter.cc;368;0.019998;0.019998;0.0;0.0
handler.cc;343;0.019998;0.019998;0.0;0.0
sql_class.cc;3433;0.019998;0.019998;0.0;0.0
filesort_utils.h;168;0.019998;0.019998;0.0;0.0
sql_base.cc;2157;0.019998;0.019998;0.0;0.0
mdl.cc;3768;0.019998;0.019998;0.0;0.0
sql_select.cc;27026;0.019998;0.019998;0.0;0.0
protocol.cc;58;0.019998;0.019998;0.0;0.0
malloc.c;4087;0.019998;0.019998;0.0;0.0
sql_select.cc;24747;0.019998;0.019998;0.0;0.0
handler.h;4434;0.019998;0.019998;0.0;0.0
sql_select.cc;2855;0.019998;0.019998;0.0;0.0
field.h;1199;0.019998;0.019998;0.0;0.0
buf0buf.cc;2781;0.019998;0.019998;0.0;0.0
field.cc;9910;0.019998;0.019998;0.0;0.0
my_alloc.c;333;0.019998;0.019998;0.0;0.0
sql_parse.cc;3759;0.019998;0.019998;0.0;0.0
sql_select.h;858;0.019998;0.019998;0.0;0.0
row0sel.cc;5776;0.019998;0.019998;0.0;0.0
sql_select.cc;3812;0.019998;0.019998;0.0;0.0
sql_parse.cc;2450;0.019998;0.019998;0.0;0.0
sql_select.cc;2811;0.019998;0.019998;0.0;0.0
my_vsnprintf.c;654;0.019998;0.019998;0.0;0.0
sql_lex.cc;3624;0.019998;0.019998;0.0;0.0
sql_base.cc;8706;0.019998;0.019998;0.0;0.0
ha_innodb.cc;14682;0.019998;0.019998;0.0;0.0
opt_range.cc;13769;0.019998;0.019998;0.0;0.0
lock.cc;836;0.019998;0.019998;0.0;0.0
sql_statistics.cc;4131;0.019998;0.019998;0.0;0.0
my_json_writer.h;607;0.019998;0.019998;0.0;0.0
field.h;2303;0.019998;0.019998;0.0;0.0
item.h;1160;0.019998;0.019998;0.0;0.0
sql_base.cc;2435;0.019998;0.019998;0.0;0.0
sql_cache.cc;1711;0.019998;0.019998;0.0;0.0
mf_qsort.c;211;0.019998;0.019998;0.0;0.0
item.cc;3892;0.019998;0.019998;0.0;0.0
hp_write.c;34;0.019998;0.019998;0.0;0.0
sql_audit.cc;136;0.019998;0.019998;0.0;0.0
field_conv.cc;35;0.019998;0.019998;0.0;0.0
mdl.h;344;0.019997;0.019997;0.0;0.0
my_alloc.c;53;0.019997;0.019997;0.0;0.0
sql_select.cc;14418;0.019997;0.019997;0.0;0.0
sql_class.cc;3446;0.019997;0.019997;0.0;0.0
opt_range.cc;12555;0.019997;0.019997;0.0;0.0
sql_select.cc;6357;0.019997;0.019997;0.0;0.0
ia32intrin.h;114;0.019997;0.019997;0.0;0.0
page0cur.cc;877;0.019997;0.019997;0.0;0.0
sql_select.cc;6090;0.019997;0.019997;0.0;0.0
page0page.cc;1320;0.019997;0.019997;0.0;0.0
structs.h;517;0.019997;0.019997;0.0;0.0
filesort_utils.cc;70;0.019997;0.019997;0.0;0.0
opt_range.cc;2834;0.019996;0.019996;0.0;0.0
sql_select.cc;9759;0.019996;0.019996;0.0;0.0
opt_trace_context.h;108;0.019996;0.019996;0.0;0.0
sql_sort.h;293;0.019996;0.019996;0.0;0.0
sql_select.cc;33116;0.019996;0.019996;0.0;0.0
item.cc;4773;0.019995;0.019995;0.0;0.0
sql_parse.cc;3988;0.019984;0.019984;0.0;0.0
row0sel.cc;3951;0.019004;0.019004;0.0;0.0
memset-vec-unaligned-erms.S;292;0.019002;0.019002;0.0;0.0
row0sel.cc;3879;0.019001;0.019001;0.0;0.0
strcpy-avx2.S;82;0.019001;0.019001;0.0;0.0
hp_hash.c;312;0.019000;0.019000;0.0;0.0
item_cmpfunc.cc;2282;0.019000;0.019000;0.0;0.0
sql_select.h;858;0.019000;0.019000;0.0;0.0
my_getsystime.c;54;0.019000;0.019000;0.0;0.0
item_cmpfunc.cc;2404;0.018999;0.018999;0.0;0.0
sql_select.cc;30432;0.018999;0.018999;0.0;0.0
opt_range.cc;8888;0.018999;0.018999;0.0;0.0
sql_class.cc;3333;0.018999;0.018999;0.0;0.0
table.cc;8922;0.018999;0.018999;0.0;0.0
opt_range.cc;7942;0.018999;0.018999;0.0;0.0
mysql_transaction.h;139;0.018999;0.018999;0.0;0.0
mysqld.cc;1242;0.018999;0.018999;0.0;0.0
sql_connect.cc;1456;0.018998;0.018998;0.0;0.0
lf_hash.cc;162;0.018998;0.018998;0.0;0.0
sql_base.cc;3427;0.018998;0.018998;0.0;0.0
field.h;4236;0.018998;0.018998;0.0;0.0
sql_string.cc;34;0.011002;0.011002;0.0;0.0
queues.c;180;0.011001;0.011001;0.0;0.0
row0sel.cc;5096;0.011001;0.011001;0.0;0.0
filesort_utils.cc;220;0.011001;0.011001;0.0;0.0
sql_select.cc;25886;0.011000;0.011000;0.0;0.0
row0sel.cc;5232;0.011000;0.011000;0.0;0.0
row0sel.cc;3163;0.011000;0.011000;0.0;0.0
buf0buf.cc;3004;0.011000;0.011000;0.0;0.0
key.cc;492;0.011000;0.011000;0.0;0.0
filesort_utils.h;218;0.011000;0.011000;0.0;0.0
handler.cc;4099;0.011000;0.011000;0.0;0.0
memmove-vec-unaligned-erms.S;445;0.011000;0.011000;0.0;0.0
my_stack_alloc.h;44;0.011000;0.011000;0.0;0.0
row0sel.cc;3347;0.011000;0.011000;0.0;0.0
hp_hash.c;219;0.010999;0.010999;0.0;0.0
dict0dict.inl;388;0.010999;0.010999;0.0;0.0
memmove-vec-unaligned-erms.S;335;0.010999;0.010999;0.0;0.0
ha_heap.cc;424;0.010999;0.010999;0.0;0.0
hp_write.c;148;0.010999;0.010999;0.0;0.0
filesort_utils.cc;230;0.010999;0.010999;0.0;0.0
filesort.cc;1462;0.010998;0.010998;0.0;0.0
row0sel.cc;4523;0.010998;0.010998;0.0;0.0
filesort_utils.cc;112;0.010998;0.010998;0.0;0.0
page0page.inl;371;0.010032;0.010032;0.0;0.0
item.cc;6751;0.010020;0.010020;0.0;0.0
filesort.cc;2468;0.010007;0.010007;0.0;0.0
sql_select.cc;22146;0.010006;0.010006;0.0;0.0
sql_select.cc;24748;0.010004;0.010004;0.0;0.0
sql_select.cc;2763;0.010004;0.010004;0.0;0.0
opt_range_mrr.cc;242;0.010003;0.010003;0.0;0.0
mtr0mtr.cc;587;0.010002;0.010002;0.0;0.0
sql_select.cc;20808;0.010002;0.010002;0.0;0.0
malloc.c;3283;0.010002;0.010002;0.0;0.0
ha_innodb.cc;9324;0.010002;0.010002;0.0;0.0
btr0btr.cc;228;0.010002;0.010002;0.0;0.0
protocol.cc;1745;0.010002;0.010002;0.0;0.0
mdl.cc;2757;0.010002;0.010002;0.0;0.0
sql_select.cc;28344;0.010002;0.010002;0.0;0.0
sql_select.cc;18946;0.010002;0.010002;0.0;0.0
dict0dict.cc;447;0.010002;0.010002;0.0;0.0
field.cc;7522;0.010002;0.010002;0.0;0.0
opt_sargable_left.cc;124;0.010002;0.010002;0.0;0.0
btr0cur.cc;4999;0.010002;0.010002;0.0;0.0
sql_explain.cc;1283;0.010002;0.010002;0.0;0.0
sql_parse.cc;1816;0.010002;0.010002;0.0;0.0
memmove-vec-unaligned-erms.S;380;0.010002;0.010002;0.0;0.0
sql_parse.cc;2499;0.010002;0.010002;0.0;0.0
sql_select.cc;17583;0.010002;0.010002;0.0;0.0
sql_select.cc;17127;0.010002;0.010002;0.0;0.0
sql_select.cc;13020;0.010002;0.010002;0.0;0.0
optimizer_costs.h;134;0.010002;0.010002;0.0;0.0
sql_select.cc;5864;0.010002;0.010002;0.0;0.0
row0sel.cc;4523;0.010002;0.010002;0.0;0.0
sql_class.h;5295;0.010001;0.010001;0.0;0.0
item.h;4604;0.010001;0.010001;0.0;0.0
field.h;1229;0.010001;0.010001;0.0;0.0
sql_lex.cc;5307;0.010001;0.010001;0.0;0.0
item_func.cc;387;0.010001;0.010001;0.0;0.0
sql_select.cc;24660;0.010001;0.010001;0.0;0.0
sql_array.h;122;0.010001;0.010001;0.0;0.0
item.cc;736;0.010001;0.010001;0.0;0.0
protocol.cc;1050;0.010001;0.010001;0.0;0.0
protocol.cc;1202;0.010001;0.010001;0.0;0.0
sql_select.cc;5699;0.010001;0.010001;0.0;0.0
sql_select.cc;463;0.010001;0.010001;0.0;0.0
sql_type_json.cc;117;0.010001;0.010001;0.0;0.0
page0cur.cc;590;0.010001;0.010001;0.0;0.0
table.cc;9090;0.010001;0.010001;0.0;0.0
handler.cc;4202;0.010001;0.010001;0.0;0.0
ha_heap.cc;775;0.010001;0.010001;0.0;0.0
hp_scan.c;35;0.010001;0.010001;0.0;0.0
sql_base.cc;8368;0.010001;0.010001;0.0;0.0
item.h;4543;0.010001;0.010001;0.0;0.0
handler.cc;7499;0.010001;0.010001;0.0;0.0
sql_union.cc;2835;0.010001;0.010001;0.0;0.0
sql_list.h;423;0.010001;0.010001;0.0;0.0
field.cc;2632;0.010001;0.010001;0.0;0.0
sql_explain.cc;904;0.010001;0.010001;0.0;0.0
small_vector.h;97;0.010001;0.010001;0.0;0.0
sql_select.cc;23346;0.010001;0.010001;0.0;0.0
ha_innodb.cc;17060;0.010001;0.010001;0.0;0.0
opt_range.cc;3062;0.010001;0.010001;0.0;0.0
sql_select.cc;6834;0.010001;0.010001;0.0;0.0
item_func.cc;568;0.010001;0.010001;0.0;0.0
hp_extra.c;31;0.010001;0.010001;0.0;0.0
filesort.cc;2708;0.010001;0.010001;0.0;0.0
opt_range_mrr.cc;83;0.010001;0.010001;0.0;0.0
sql_lex.cc;5828;0.010001;0.010001;0.0;0.0
mf_qsort.c;140;0.010001;0.010001;0.0;0.0
sql_select.cc;24787;0.010001;0.010001;0.0;0.0
sql_select.cc;13186;0.010001;0.010001;0.0;0.0
field.h;2704;0.010001;0.010001;0.0;0.0
page0cur.cc;217;0.010001;0.010001;0.0;0.0
sql_select.h;2061;0.010001;0.010001;0.0;0.0
item_cmpfunc.cc;107;0.010001;0.010001;0.0;0.0
field.h;1537;0.010001;0.010001;0.0;0.0
btr0pcur.cc;303;0.010001;0.010001;0.0;0.0
row0sel.cc;3955;0.010001;0.010001;0.0;0.0
sql_plist.h;124;0.010001;0.010001;0.0;0.0
item_cmpfunc.cc;2272;0.010001;0.010001;0.0;0.0
handler.cc;4108;0.010001;0.010001;0.0;0.0
handler.h;3982;0.010001;0.010001;0.0;0.0
opt_range.h;1405;0.010001;0.010001;0.0;0.0
memset-vec-unaligned-erms.S;303;0.010001;0.010001;0.0;0.0
sql_select.cc;29599;0.010001;0.010001;0.0;0.0
sql_base.cc;1001;0.010001;0.010001;0.0;0.0
my_json_writer.h;631;0.010001;0.010001;0.0;0.0
sql_select.cc;1764;0.010001;0.010001;0.0;0.0
sql_select.cc;7013;0.010001;0.010001;0.0;0.0
sql_select.cc;6107;0.010001;0.010001;0.0;0.0
rem0rec.cc;406;0.010001;0.010001;0.0;0.0
sql_parse.cc;1659;0.010001;0.010001;0.0;0.0
item.h;8953;0.010001;0.010001;0.0;0.0
sql_class.h;5904;0.010001;0.010001;0.0;0.0
array.c;102;0.010001;0.010001;0.0;0.0
multi_range_read.cc;562;0.010001;0.010001;0.0;0.0
item.h;2252;0.010001;0.010001;0.0;0.0
sql_select.cc;13204;0.010001;0.010001;0.0;0.0
transaction.cc;492;0.010001;0.010001;0.0;0.0
my_vsnprintf.c;325;0.010001;0.010001;0.0;0.0
opt_range.cc;2141;0.010001;0.010001;0.0;0.0
sql_select.cc;29087;0.010001;0.010001;0.0;0.0
my_malloc.c;204;0.010001;0.010001;0.0;0.0
row0sel.cc;3670;0.010001;0.010001;0.0;0.0
row0sel.cc;4649;0.010001;0.010001;0.0;0.0
mf_format.c;75;0.010001;0.010001;0.0;0.0
lf_hash.cc;504;0.010001;0.010001;0.0;0.0
sql_select.cc;31217;0.010001;0.010001;0.0;0.0
key.cc;521;0.010001;0.010001;0.0;0.0
sql_select.cc;16221;0.010001;0.010001;0.0;0.0
sql_select.cc;13402;0.010001;0.010001;0.0;0.0
sql_select.cc;22796;0.010001;0.010001;0.0;0.0
sql_base.cc;1002;0.010001;0.010001;0.0;0.0
lock.cc;157;0.010001;0.010001;0.0;0.0
sql_select.cc;24864;0.010001;0.010001;0.0;0.0
item.cc;6750;0.010001;0.010001;0.0;0.0
opt_range.cc;17224;0.010001;0.010001;0.0;0.0
sql_select.cc;31584;0.010001;0.010001;0.0;0.0
sql_select.cc;14651;0.010001;0.010001;0.0;0.0
sql_select.cc;13133;0.010001;0.010001;0.0;0.0
hp_scan.c;38;0.010001;0.010001;0.0;0.0
sql_type_json.cc;114;0.010001;0.010001;0.0;0.0
btr0cur.cc;4984;0.010001;0.010001;0.0;0.0
malloc.c;4196;0.010001;0.010001;0.0;0.0
small_vector.h;37;0.010001;0.010001;0.0;0.0
item.h;6200;0.010001;0.010001;0.0;0.0
sql_type.cc;1700;0.010001;0.010001;0.0;0.0
sql_select.cc;13204;0.010001;0.010001;0.0;0.0
page0cur.cc;614;0.010001;0.010001;0.0;0.0
page0cur.cc;604;0.010001;0.010001;0.0;0.0
mysqld.cc;1275;0.010001;0.010001;0.0;0.0
opt_range.cc;1282;0.010001;0.010001;0.0;0.0
sql_select.cc;4370;0.010001;0.010001;0.0;0.0
lf_hash.cc;462;0.010001;0.010001;0.0;0.0
sql_select.cc;28954;0.010001;0.010001;0.0;0.0
row0sel.cc;2961;0.010001;0.010001;0.0;0.0
net_serv.cc;663;0.010001;0.010001;0.0;0.0
btr0sea.cc;1702;0.010001;0.010001;0.0;0.0
hp_create.c;302;0.010001;0.010001;0.0;0.0
sql_prepare.cc;5628;0.010001;0.010001;0.0;0.0
net_serv.cc;415;0.010001;0.010001;0.0;0.0
sql_statistics.cc;4132;0.010001;0.010001;0.0;0.0
btr0cur.cc;597;0.010001;0.010001;0.0;0.0
sql_select.cc;33942;0.010001;0.010001;0.0;0.0
memmove-vec-unaligned-erms.S;364;0.010001;0.010001;0.0;0.0
hp_write.c;295;0.010001;0.010001;0.0;0.0
sql_select.cc;6382;0.010001;0.010001;0.0;0.0
atomic_base.h;501;0.010001;0.010001;0.0;0.0
queues.c;179;0.010001;0.010001;0.0;0.0
opt_range.h;442;0.010001;0.010001;0.0;0.0
row0sel.cc;4492;0.010001;0.010001;0.0;0.0
row0sel.cc;3929;0.010001;0.010001;0.0;0.0
ha_innodb.cc;14697;0.010001;0.010001;0.0;0.0
sql_select.cc;13186;0.010001;0.010001;0.0;0.0
sql_select.cc;13029;0.010001;0.010001;0.0;0.0
row0sel.cc;4820;0.010001;0.010001;0.0;0.0
sql_type.cc;8203;0.010001;0.010001;0.0;0.0
item.cc;584;0.010001;0.010001;0.0;0.0
poll.c;29;0.010001;0.010001;0.0;0.0
my_bitmap.h;110;0.010001;0.010001;0.0;0.0
opt_range.cc;12789;0.010001;0.010001;0.0;0.0
opt_range.cc;2165;0.010001;0.010001;0.0;0.0
ctype-simple.c;1247;0.010001;0.010001;0.0;0.0
sql_cache.cc;2225;0.010001;0.010001;0.0;0.0
ctype-uca.c;34438;0.010001;0.010001;0.0;0.0
sql_select.cc;1990;0.010001;0.010001;0.0;0.0
multi_range_read.cc;141;0.010001;0.010001;0.0;0.0
sql_select.cc;17614;0.010001;0.010001;0.0;0.0
handler.cc;8082;0.010001;0.010001;0.0;0.0
my_vsnprintf.c;121;0.010001;0.010001;0.0;0.0
sql_select.cc;10133;0.010001;0.010001;0.0;0.0
sql_select.h;2167;0.010001;0.010001;0.0;0.0
table.h;1747;0.010001;0.010001;0.0;0.0
sql_class.cc;2528;0.010001;0.010001;0.0;0.0
ha_innodb.cc;5246;0.010001;0.010001;0.0;0.0
sql_parse.cc;3576;0.010001;0.010001;0.0;0.0
sql_select.cc;17267;0.010001;0.010001;0.0;0.0
page0cur.cc;681;0.010001;0.010001;0.0;0.0
sql_select.cc;6255;0.010001;0.010001;0.0;0.0
table.cc;6011;0.010001;0.010001;0.0;0.0
my_alloc.c;677;0.010001;0.010001;0.0;0.0
item_func.cc;541;0.010001;0.010001;0.0;0.0
sql_type.h;6021;0.010001;0.010001;0.0;0.0
sql_statistics.cc;3267;0.010001;0.010001;0.0;0.0
sql_class.cc;4402;0.010001;0.010001;0.0;0.0
filesort.cc;2902;0.010001;0.010001;0.0;0.0
multi_range_read.cc;1786;0.010001;0.010001;0.0;0.0
sql_select.cc;24803;0.010001;0.010001;0.0;0.0
sql_parse.cc;1496;0.010001;0.010001;0.0;0.0
handler.cc;4801;0.010001;0.010001;0.0;0.0
row0sel.cc;3876;0.010001;0.010001;0.0;0.0
filesort_utils.cc;194;0.010001;0.010001;0.0;0.0
mdl.cc;1056;0.010001;0.010001;0.0;0.0
sql_explain.cc;102;0.010001;0.010001;0.0;0.0
protocol.cc;1031;0.010001;0.010001;0.0;0.0
opt_range_mrr.cc;258;0.010001;0.010001;0.0;0.0
ha_heap.cc;298;0.010001;0.010001;0.0;0.0
sql_base.cc;4371;0.010001;0.010001;0.0;0.0
sql_select.cc;22739;0.010001;0.010001;0.0;0.0
ha_heap.cc;247;0.010001;0.010001;0.0;0.0
data0data.h;604;0.010001;0.010001;0.0;0.0
my_malloc.c;209;0.010001;0.010001;0.0;0.0
e_log2.c;138;0.010001;0.010001;0.0;0.0
opt_range.cc;2819;0.010001;0.010001;0.0;0.0
page0page.cc;1296;0.010001;0.010001;0.0;0.0
hp_scan.c;76;0.010001;0.010001;0.0;0.0
item_func.cc;404;0.010001;0.010001;0.0;0.0
sql_cte.cc;1409;0.010001;0.010001;0.0;0.0
row0sel.cc;4486;0.010001;0.010001;0.0;0.0
multi_range_read.cc;187;0.010001;0.010001;0.0;0.0
sql_select.cc;22592;0.010001;0.010001;0.0;0.0
opt_range.cc;9582;0.010001;0.010001;0.0;0.0
item.h;2208;0.010001;0.010001;0.0;0.0
sql_explain.h;280;0.010001;0.010001;0.0;0.0
handler.cc;4111;0.010001;0.010001;0.0;0.0
my_malloc.c;121;0.010001;0.010001;0.0;0.0
filesort.cc;141;0.010001;0.010001;0.0;0.0
multi_range_read.cc;587;0.010001;0.010001;0.0;0.0
btr0pcur.cc;219;0.010001;0.010001;0.0;0.0
handler.cc;7604;0.010001;0.010001;0.0;0.0
page0cur.cc;672;0.010001;0.010001;0.0;0.0
opt_range.cc;9479;0.010001;0.010001;0.0;0.0
sql_select.cc;24758;0.010001;0.010001;0.0;0.0
sql_class.h;8157;0.010001;0.010001;0.0;0.0
handler.cc;4103;0.010001;0.010001;0.0;0.0
pthread_mutex_unlock.c;52;0.010001;0.010001;0.0;0.0
table.cc;8928;0.010001;0.010001;0.0;0.0
row0sel.cc;4164;0.010001;0.010001;0.0;0.0
hp_create.c;217;0.010001;0.010001;0.0;0.0
mf_qsort.c;179;0.010001;0.010001;0.0;0.0
sql_select.cc;2508;0.010001;0.010001;0.0;0.0
my_byteorder.h;74;0.010001;0.010001;0.0;0.0
rem0rec.cc;749;0.010001;0.010001;0.0;0.0
my_alloc.c;311;0.010001;0.010001;0.0;0.0
opt_context_store_replay.cc;1674;0.010001;0.010001;0.0;0.0
field.h;1710;0.010001;0.010001;0.0;0.0
int2str.c;110;0.010001;0.010001;0.0;0.0
field.cc;2620;0.010001;0.010001;0.0;0.0
opt_range.cc;14874;0.010001;0.010001;0.0;0.0
sql_explain.h;217;0.010001;0.010001;0.0;0.0
opt_range.cc;10459;0.010001;0.010001;0.0;0.0
multi_range_read.cc;630;0.010001;0.010001;0.0;0.0
sql_string.h;355;0.010001;0.010001;0.0;0.0
rem0rec.cc;367;0.010001;0.010001;0.0;0.0
filesort.cc;395;0.010001;0.010001;0.0;0.0
clock_gettime.c;86;0.010001;0.010001;0.0;0.0
malloc.c;3034;0.010001;0.010001;0.0;0.0
my_malloc.c;203;0.010001;0.010001;0.0;0.0
sql_connect.cc;1512;0.010001;0.010001;0.0;0.0
opt_subselect.cc;6540;0.010001;0.010001;0.0;0.0
handler.cc;3960;0.010001;0.010001;0.0;0.0
array.c;239;0.010001;0.010001;0.0;0.0
memset-vec-unaligned-erms.S;236;0.010001;0.010001;0.0;0.0
filesort.cc;3002;0.010001;0.010001;0.0;0.0
rem0rec.cc;464;0.010000;0.010000;0.0;0.0
ilist.h;196;0.010000;0.010000;0.0;0.0
hp_extra.c;34;0.010000;0.010000;0.0;0.0
ha_innodb.cc;7423;0.010000;0.010000;0.0;0.0
my_alloc.c;335;0.010000;0.010000;0.0;0.0
sql_class.cc;1527;0.010000;0.010000;0.0;0.0
lf_alloc-pin.c;340;0.010000;0.010000;0.0;0.0
sql_select.cc;20306;0.010000;0.010000;0.0;0.0
sql_array.h;299;0.010000;0.010000;0.0;0.0
ctype-uca.c;34435;0.010000;0.010000;0.0;0.0
transaction.cc;206;0.010000;0.010000;0.0;0.0
sql_select.cc;17138;0.010000;0.010000;0.0;0.0
sql_explain.cc;52;0.010000;0.010000;0.0;0.0
sql_class.cc;423;0.010000;0.010000;0.0;0.0
sql_select.cc;23344;0.010000;0.010000;0.0;0.0
sql_select.cc;13033;0.010000;0.010000;0.0;0.0
opt_hints.cc;1814;0.010000;0.010000;0.0;0.0
field.cc;11417;0.010000;0.010000;0.0;0.0
table.cc;8984;0.010000;0.010000;0.0;0.0
sql_base.cc;6967;0.010000;0.010000;0.0;0.0
sql_plugin.cc;1056;0.010000;0.010000;0.0;0.0
opt_hints.cc;1289;0.010000;0.010000;0.0;0.0
sql_base.cc;1722;0.010000;0.010000;0.0;0.0
buf0buf.cc;3016;0.010000;0.010000;0.0;0.0
psi_noop.c;527;0.010000;0.010000;0.0;0.0
mdl.cc;1981;0.010000;0.010000;0.0;0.0
opt_range.h;539;0.010000;0.010000;0.0;0.0
sql_select.cc;5851;0.010000;0.010000;0.0;0.0
sql_select.cc;29116;0.010000;0.010000;0.0;0.0
transaction.cc;479;0.010000;0.010000;0.0;0.0
lf_alloc-pin.c;293;0.010000;0.010000;0.0;0.0
sql_select.cc;1908;0.010000;0.010000;0.0;0.0
sql_class.cc;1519;0.010000;0.010000;0.0;0.0
protocol.cc;1024;0.010000;0.010000;0.0;0.0
ha_innodb.cc;3161;0.010000;0.010000;0.0;0.0
sql_union.cc;2954;0.010000;0.010000;0.0;0.0
page0cur.cc;585;0.010000;0.010000;0.0;0.0
strcpy-avx2.S;166;0.010000;0.010000;0.0;0.0
sql_string.cc;41;0.010000;0.010000;0.0;0.0
sql_select.cc;24262;0.010000;0.010000;0.0;0.0
my_bitmap.c;202;0.010000;0.010000;0.0;0.0
sql_select.cc;34412;0.010000;0.010000;0.0;0.0
sql_class.cc;6494;0.010000;0.010000;0.0;0.0
row0sel.cc;3877;0.010000;0.010000;0.0;0.0
sql_lex.cc;5630;0.010000;0.010000;0.0;0.0
ha_innodb.cc;9011;0.010000;0.010000;0.0;0.0
sql_explain.cc;1505;0.010000;0.010000;0.0;0.0
sql_prepare.cc;3390;0.010000;0.010000;0.0;0.0
sql_lex.cc;5627;0.010000;0.010000;0.0;0.0
sql_select.cc;10412;0.010000;0.010000;0.0;0.0
sql_select.cc;14406;0.010000;0.010000;0.0;0.0
sql_analyze_stmt.h;335;0.010000;0.010000;0.0;0.0
mf_iocache.c;1872;0.010000;0.010000;0.0;0.0
lex_ident.h;39;0.010000;0.010000;0.0;0.0
sql_lex.h;1916;0.010000;0.010000;0.0;0.0
opt_range_mrr.cc;98;0.010000;0.010000;0.0;0.0
sql_select.cc;7138;0.010000;0.010000;0.0;0.0
sql_select.cc;3580;0.010000;0.010000;0.0;0.0
sql_explain.cc;1490;0.010000;0.010000;0.0;0.0
sql_base.cc;9843;0.010000;0.010000;0.0;0.0
ha_heap.cc;696;0.010000;0.010000;0.0;0.0
malloc.c;1594;0.010000;0.010000;0.0;0.0
sql_base.cc;9192;0.010000;0.010000;0.0;0.0
sql_select.cc;19545;0.010000;0.010000;0.0;0.0
item.cc;7278;0.010000;0.010000;0.0;0.0
sql_parse.cc;2459;0.010000;0.010000;0.0;0.0
sql_select.cc;9588;0.010000;0.010000;0.0;0.0
sql_parse.cc;3997;0.010000;0.010000;0.0;0.0
ha_innodb.cc;2755;0.010000;0.010000;0.0;0.0
sql_select.cc;11710;0.010000;0.010000;0.0;0.0
sql_lex.cc;3721;0.010000;0.010000;0.0;0.0
sql_select.cc;16244;0.010000;0.010000;0.0;0.0
hp_scan.c;29;0.010000;0.010000;0.0;0.0
opt_index_cond_pushdown.cc;425;0.010000;0.010000;0.0;0.0
sql_lex.cc;5613;0.010000;0.010000;0.0;0.0
sql_select.cc;17778;0.010000;0.010000;0.0;0.0
hp_write.c;234;0.010000;0.010000;0.0;0.0
handler.cc;6445;0.010000;0.010000;0.0;0.0
sql_lex.cc;3812;0.010000;0.010000;0.0;0.0
mysql_statement.h;183;0.010000;0.010000;0.0;0.0
handler.cc;4328;0.010000;0.010000;0.0;0.0
handler.h;6003;0.010000;0.010000;0.0;0.0
ha_heap.cc;773;0.010000;0.010000;0.0;0.0
sql_prepare.cc;3211;0.010000;0.010000;0.0;0.0
sql_prepare.cc;3324;0.010000;0.010000;0.0;0.0
multi_range_read.cc;88;0.010000;0.010000;0.0;0.0
filesort.cc;2919;0.010000;0.010000;0.0;0.0
memset-vec-unaligned-erms.S;198;0.010000;0.010000;0.0;0.0
sql_select.cc;14676;0.010000;0.010000;0.0;0.0
opt_range.cc;10753;0.010000;0.010000;0.0;0.0
page0cur.cc;448;0.010000;0.010000;0.0;0.0
sql_select.cc;25832;0.010000;0.010000;0.0;0.0
sql_base.cc;8100;0.010000;0.010000;0.0;0.0
sql_class.h;5170;0.010000;0.010000;0.0;0.0
item.h;1289;0.010000;0.010000;0.0;0.0
sql_select.cc;30075;0.010000;0.010000;0.0;0.0
mysqld.cc;742;0.010000;0.010000;0.0;0.0
lock.cc;848;0.010000;0.010000;0.0;0.0
sql_select.cc;26995;0.010000;0.010000;0.0;0.0
item.cc;6550;0.010000;0.010000;0.0;0.0
sql_select.cc;24373;0.010000;0.010000;0.0;0.0
sql_table.cc;674;0.010000;0.010000;0.0;0.0
sql_class.cc;6593;0.010000;0.010000;0.0;0.0
btr0cur.cc;5337;0.010000;0.010000;0.0;0.0
field_conv.cc;724;0.010000;0.010000;0.0;0.0
protocol.cc;218;0.010000;0.010000;0.0;0.0
sql_explain.cc;185;0.010000;0.010000;0.0;0.0
dict0dict.cc;3877;0.010000;0.010000;0.0;0.0
opt_range.cc;1278;0.010000;0.010000;0.0;0.0
item.h;1977;0.010000;0.010000;0.0;0.0
trx0trx.cc;945;0.010000;0.010000;0.0;0.0
ctype-ascii.h;97;0.010000;0.010000;0.0;0.0
sql_select.cc;31291;0.010000;0.010000;0.0;0.0
sql_select.cc;26149;0.010000;0.010000;0.0;0.0
field_conv.cc;774;0.010000;0.010000;0.0;0.0
sql_select.cc;492;0.010000;0.010000;0.0;0.0
opt_trace_context.h;97;0.010000;0.010000;0.0;0.0
table.h;2001;0.010000;0.010000;0.0;0.0
sql_lex.cc;5673;0.010000;0.010000;0.0;0.0
sql_explain.cc;82;0.010000;0.010000;0.0;0.0
my_json_writer.h;395;0.010000;0.010000;0.0;0.0
memmove-vec-unaligned-erms.S;447;0.010000;0.010000;0.0;0.0
page0cur.cc;244;0.010000;0.010000;0.0;0.0
mf_iocache.c;1875;0.010000;0.010000;0.0;0.0
sql_class.cc;9021;0.010000;0.010000;0.0;0.0
sql_select.cc;2636;0.010000;0.010000;0.0;0.0
sql_string.cc;38;0.010000;0.010000;0.0;0.0
sql_select.cc;15527;0.010000;0.010000;0.0;0.0
item.cc;4394;0.010000;0.010000;0.0;0.0
sql_select.cc;21713;0.010000;0.010000;0.0;0.0
sql_lex.cc;4776;0.010000;0.010000;0.0;0.0
handler.h;3756;0.010000;0.010000;0.0;0.0
opt_range.cc;17226;0.010000;0.010000;0.0;0.0
sql_select.cc;3186;0.010000;0.010000;0.0;0.0
filesort.cc;2859;0.010000;0.010000;0.0;0.0
field_conv.cc;935;0.010000;0.010000;0.0;0.0
field.h;4213;0.010000;0.010000;0.0;0.0
sql_parse.cc;3759;0.010000;0.010000;0.0;0.0
malloc.c;3337;0.010000;0.010000;0.0;0.0
sql_select.cc;24784;0.010000;0.010000;0.0;0.0
lock.cc;146;0.010000;0.010000;0.0;0.0
sql_select.cc;13230;0.010000;0.010000;0.0;0.0
sql_select.cc;13145;0.010000;0.010000;0.0;0.0
sql_parse.cc;6680;0.010000;0.010000;0.0;0.0
e_log2.c;129;0.010000;0.010000;0.0;0.0
dict0dict.inl;734;0.010000;0.010000;0.0;0.0
sql_select.cc;3985;0.010000;0.010000;0.0;0.0
sql_class.cc;8907;0.010000;0.010000;0.0;0.0
sql_select.cc;31694;0.010000;0.010000;0.0;0.0
lock.cc;465;0.010000;0.010000;0.0;0.0
field.cc;8092;0.010000;0.010000;0.0;0.0
row0sel.cc;3860;0.010000;0.010000;0.0;0.0
sql_class.cc;4402;0.010000;0.010000;0.0;0.0
sql_class.cc;2329;0.010000;0.010000;0.0;0.0
sql_select.cc;20570;0.010000;0.010000;0.0;0.0
sql_prepare.cc;5629;0.010000;0.010000;0.0;0.0
opt_range.cc;3036;0.010000;0.010000;0.0;0.0
sql_select.cc;10331;0.010000;0.010000;0.0;0.0
opt_range.cc;12605;0.010000;0.010000;0.0;0.0
hash.c;234;0.010000;0.010000;0.0;0.0
malloc.c;4268;0.010000;0.010000;0.0;0.0
item.cc;3380;0.010000;0.010000;0.0;0.0
opt_range.cc;264;0.010000;0.010000;0.0;0.0
opt_range.cc;3869;0.010000;0.010000;0.0;0.0
sql_select.cc;22021;0.010000;0.010000;0.0;0.0
sql_select.cc;17485;0.010000;0.010000;0.0;0.0
opt_range.cc;1254;0.010000;0.010000;0.0;0.0
field.cc;7565;0.010000;0.010000;0.0;0.0
sql_select.cc;16227;0.010000;0.010000;0.0;0.0
sql_select.cc;22451;0.010000;0.010000;0.0;0.0
sql_select.cc;21329;0.010000;0.010000;0.0;0.0
field.cc;4658;0.010000;0.010000;0.0;0.0
strnmov.c;41;0.010000;0.010000;0.0;0.0
viosocket.c;199;0.010000;0.010000;0.0;0.0
opt_range.cc;11818;0.010000;0.010000;0.0;0.0
sql_prepare.cc;5532;0.010000;0.010000;0.0;0.0
sql_base.cc;4941;0.010000;0.010000;0.0;0.0
opt_range.cc;8352;0.010000;0.010000;0.0;0.0
sql_select.cc;26426;0.010000;0.010000;0.0;0.0
handler.cc;2155;0.010000;0.010000;0.0;0.0
table.cc;9011;0.010000;0.010000;0.0;0.0
sql_class.cc;6439;0.010000;0.010000;0.0;0.0
sql_select.cc;7135;0.010000;0.010000;0.0;0.0
my_alloc.c;333;0.010000;0.010000;0.0;0.0
sql_select.cc;10396;0.010000;0.010000;0.0;0.0
ha_innodb.cc;9222;0.010000;0.010000;0.0;0.0
opt_split.cc;407;0.010000;0.010000;0.0;0.0
ha_heap.h;50;0.010000;0.010000;0.0;0.0
ut0byte.h;92;0.010000;0.010000;0.0;0.0
xa.cc;218;0.010000;0.010000;0.0;0.0
sql_class.h;6421;0.010000;0.010000;0.0;0.0
sql_select.cc;12383;0.010000;0.010000;0.0;0.0
int2str.c;120;0.010000;0.010000;0.0;0.0
sql_select.cc;24734;0.010000;0.010000;0.0;0.0
trx0trx.cc;1754;0.010000;0.010000;0.0;0.0
memcmp-avx2-movbe.S;479;0.010000;0.010000;0.0;0.0
page0cur.cc;585;0.010000;0.010000;0.0;0.0
array.c;304;0.010000;0.010000;0.0;0.0
btr0cur.cc;1550;0.010000;0.010000;0.0;0.0
btr0cur.cc;1260;0.010000;0.010000;0.0;0.0
btr0pcur.cc;477;0.010000;0.010000;0.0;0.0
ctype-uca-scanner_next.inl;125;0.010000;0.010000;0.0;0.0
ctype-uca-scanner_next.inl;158;0.010000;0.010000;0.0;0.0
ctype-uca.c;32036;0.010000;0.010000;0.0;0.0
ctype-utf8.h;186;0.010000;0.010000;0.0;0.0
dict0dict.cc;2175;0.010000;0.010000;0.0;0.0
dict0dict.inl;66;0.010000;0.010000;0.0;0.0
dict0mem.h;2167;0.010000;0.010000;0.0;0.0
dict0mem.h;1398;0.010000;0.010000;0.0;0.0
e_log2.c;134;0.010000;0.010000;0.0;0.0
e_log2.c;127;0.010000;0.010000;0.0;0.0
field.cc;11805;0.010000;0.010000;0.0;0.0
field.cc;7523;0.010000;0.010000;0.0;0.0
field.cc;2246;0.010000;0.010000;0.0;0.0
field.cc;11811;0.010000;0.010000;0.0;0.0
field.cc;11690;0.010000;0.010000;0.0;0.0
field.h;2674;0.010000;0.010000;0.0;0.0
field.h;2902;0.010000;0.010000;0.0;0.0
filesort.cc;2849;0.010000;0.010000;0.0;0.0
filesort.cc;331;0.010000;0.010000;0.0;0.0
filesort.cc;683;0.010000;0.010000;0.0;0.0
filesort_utils.cc;382;0.010000;0.010000;0.0;0.0
filesort_utils.cc;395;0.010000;0.010000;0.0;0.0
filesort_utils.cc;328;0.010000;0.010000;0.0;0.0
ha_heap.cc;681;0.010000;0.010000;0.0;0.0
ha_heap.cc;405;0.010000;0.010000;0.0;0.0
ha_heap.cc;229;0.010000;0.010000;0.0;0.0
ha_heap.cc;305;0.010000;0.010000;0.0;0.0
ha_heap.cc;712;0.010000;0.010000;0.0;0.0
ha_heap.h;38;0.010000;0.010000;0.0;0.0
ha_innodb.cc;9222;0.010000;0.010000;0.0;0.0
ha_innodb.cc;14683;0.010000;0.010000;0.0;0.0
ha_innodb.cc;7371;0.010000;0.010000;0.0;0.0
ha_innodb.cc;8940;0.010000;0.010000;0.0;0.0
ha_innodb.cc;14627;0.010000;0.010000;0.0;0.0
ha_innodb.cc;9328;0.010000;0.010000;0.0;0.0
ha_innodb.cc;16447;0.010000;0.010000;0.0;0.0
handler.cc;401;0.010000;0.010000;0.0;0.0
handler.cc;2254;0.010000;0.010000;0.0;0.0
handler.cc;7607;0.010000;0.010000;0.0;0.0
handler.cc;3968;0.010000;0.010000;0.0;0.0
handler.cc;6521;0.010000;0.010000;0.0;0.0
handler.cc;3732;0.010000;0.010000;0.0;0.0
handler.cc;2170;0.010000;0.010000;0.0;0.0
handler.h;4391;0.010000;0.010000;0.0;0.0
handler.h;2151;0.010000;0.010000;0.0;0.0
handler.h;3072;0.010000;0.010000;0.0;0.0
handler.h;4968;0.010000;0.010000;0.0;0.0
handler.h;3979;0.010000;0.010000;0.0;0.0
hp_block.c;34;0.010000;0.010000;0.0;0.0
hp_block.c;92;0.010000;0.010000;0.0;0.0
hp_info.c;42;0.010000;0.010000;0.0;0.0
hp_rrnd.c;35;0.010000;0.010000;0.0;0.0
int2str.c;69;0.010000;0.010000;0.0;0.0
item.cc;734;0.010000;0.010000;0.0;0.0
item.cc;3399;0.010000;0.010000;0.0;0.0
item.cc;8164;0.010000;0.010000;0.0;0.0
item.cc;6833;0.010000;0.010000;0.0;0.0
item.cc;8092;0.010000;0.010000;0.0;0.0
item.cc;8163;0.010000;0.010000;0.0;0.0
item.cc;1606;0.010000;0.010000;0.0;0.0
item.cc;7016;0.010000;0.010000;0.0;0.0
item.cc;11833;0.010000;0.010000;0.0;0.0
item.h;655;0.010000;0.010000;0.0;0.0
item.h;3980;0.010000;0.010000;0.0;0.0
item.h;2770;0.010000;0.010000;0.0;0.0
item.h;1875;0.010000;0.010000;0.0;0.0
item.h;2226;0.010000;0.010000;0.0;0.0
item.h;2209;0.010000;0.010000;0.0;0.0
item.h;1083;0.010000;0.010000;0.0;0.0
item.h;2223;0.010000;0.010000;0.0;0.0
item.h;1855;0.010000;0.010000;0.0;0.0
item.h;1151;0.010000;0.010000;0.0;0.0
item_cmpfunc.cc;2274;0.010000;0.010000;0.0;0.0
item_func.h;214;0.010000;0.010000;0.0;0.0
key.cc;516;0.010000;0.010000;0.0;0.0
ldiv.c;24;0.010000;0.010000;0.0;0.0
lf_hash.cc;456;0.010000;0.010000;0.0;0.0
lf_hash.cc;164;0.010000;0.010000;0.0;0.0
lf_hash.cc;130;0.010000;0.010000;0.0;0.0
lf_hash.cc;192;0.010000;0.010000;0.0;0.0
lock0lock.cc;6986;0.010000;0.010000;0.0;0.0
m_string.h;315;0.010000;0.010000;0.0;0.0
malloc.c;3333;0.010000;0.010000;0.0;0.0
malloc.c;4319;0.010000;0.010000;0.0;0.0
malloc.c;3942;0.010000;0.010000;0.0;0.0
malloc.c;1895;0.010000;0.010000;0.0;0.0
mdl.cc;1366;0.010000;0.010000;0.0;0.0
mdl.cc;1658;0.010000;0.010000;0.0;0.0
memcmp-avx2-movbe.S;450;0.010000;0.010000;0.0;0.0
memmove-vec-unaligned-erms.S;305;0.010000;0.010000;0.0;0.0
memmove-vec-unaligned-erms.S;422;0.010000;0.010000;0.0;0.0
memmove-vec-unaligned-erms.S;368;0.010000;0.010000;0.0;0.0
memset-vec-unaligned-erms.S;211;0.010000;0.010000;0.0;0.0
memset-vec-unaligned-erms.S;294;0.010000;0.010000;0.0;0.0
memset-vec-unaligned-erms.S;288;0.010000;0.010000;0.0;0.0
mf_iocache.c;352;0.010000;0.010000;0.0;0.0
mf_iocache.c;138;0.010000;0.010000;0.0;0.0
mf_pack.c;166;0.010000;0.010000;0.0;0.0
mf_qsort.c;117;0.010000;0.010000;0.0;0.0
mf_qsort.c;148;0.010000;0.010000;0.0;0.0
mf_qsort.c;184;0.010000;0.010000;0.0;0.0
mf_qsort.c;116;0.010000;0.010000;0.0;0.0
multi_range_read.cc;136;0.010000;0.010000;0.0;0.0
multi_range_read.cc;53;0.010000;0.010000;0.0;0.0
multi_range_read.cc;1142;0.010000;0.010000;0.0;0.0
my_alloc.c;191;0.010000;0.010000;0.0;0.0
my_alloc.c;406;0.010000;0.010000;0.0;0.0
my_alloc.c;312;0.010000;0.010000;0.0;0.0
my_bitmap.c;197;0.010000;0.010000;0.0;0.0
my_bitmap.c;500;0.010000;0.010000;0.0;0.0
my_bitmap.h;116;0.010000;0.010000;0.0;0.0
my_bitmap.h;138;0.010000;0.010000;0.0;0.0
my_getsystime.c;84;0.010000;0.010000;0.0;0.0
my_getsystime.c;53;0.010000;0.010000;0.0;0.0
my_json_writer.h;454;0.010000;0.010000;0.0;0.0
my_malloc.c;220;0.010000;0.010000;0.0;0.0
my_vsnprintf.c;634;0.010000;0.010000;0.0;0.0
my_vsnprintf.c;646;0.010000;0.010000;0.0;0.0
my_vsnprintf.c;803;0.010000;0.010000;0.0;0.0
mysql_idle.h;85;0.010000;0.010000;0.0;0.0
mysql_thread.h;745;0.010000;0.010000;0.0;0.0
net_serv.cc;392;0.010000;0.010000;0.0;0.0
opt_context_store_replay.cc;1698;0.010000;0.010000;0.0;0.0
opt_hints.cc;1312;0.010000;0.010000;0.0;0.0
opt_range.cc;12442;0.010000;0.010000;0.0;0.0
opt_range.cc;3085;0.010000;0.010000;0.0;0.0
opt_range.cc;12654;0.010000;0.010000;0.0;0.0
opt_range.cc;10859;0.010000;0.010000;0.0;0.0
opt_range.cc;17241;0.010000;0.010000;0.0;0.0
opt_range.cc;8065;0.010000;0.010000;0.0;0.0
opt_range.cc;1245;0.010000;0.010000;0.0;0.0
opt_range.cc;9600;0.010000;0.010000;0.0;0.0
opt_range.cc;8861;0.010000;0.010000;0.0;0.0
opt_range.cc;1355;0.010000;0.010000;0.0;0.0
opt_range.cc;2642;0.010000;0.010000;0.0;0.0
opt_range.cc;14783;0.010000;0.010000;0.0;0.0
opt_range.cc;2735;0.010000;0.010000;0.0;0.0
opt_range.cc;10967;0.010000;0.010000;0.0;0.0
opt_range.cc;10142;0.010000;0.010000;0.0;0.0
opt_range.cc;2270;0.010000;0.010000;0.0;0.0
opt_range.h;548;0.010000;0.010000;0.0;0.0
opt_range.h;711;0.010000;0.010000;0.0;0.0
opt_subselect.cc;3166;0.010000;0.010000;0.0;0.0
opt_trace.cc;57;0.010000;0.010000;0.0;0.0
page0cur.cc;227;0.010000;0.010000;0.0;0.0
page0cur.cc;855;0.010000;0.010000;0.0;0.0
page0cur.cc;231;0.010000;0.010000;0.0;0.0
page0cur.cc;68;0.010000;0.010000;0.0;0.0
page0cur.cc;865;0.010000;0.010000;0.0;0.0
page0cur.cc;889;0.010000;0.010000;0.0;0.0
page0cur.cc;181;0.010000;0.010000;0.0;0.0
page0cur.inl;137;0.010000;0.010000;0.0;0.0
page0page.h;782;0.010000;0.010000;0.0;0.0
page0page.h;787;0.010000;0.010000;0.0;0.0
protocol.cc;1269;0.010000;0.010000;0.0;0.0
protocol.cc;1258;0.010000;0.010000;0.0;0.0
protocol.h;70;0.010000;0.010000;0.0;0.0
read0types.h;135;0.010000;0.010000;0.0;0.0
records.cc;189;0.010000;0.010000;0.0;0.0
records.cc;615;0.010000;0.010000;0.0;0.0
records.cc;398;0.010000;0.010000;0.0;0.0
rem0rec.cc;380;0.010000;0.010000;0.0;0.0
rem0rec.cc;2045;0.010000;0.010000;0.0;0.0
rem0rec.cc;1990;0.010000;0.010000;0.0;0.0
rem0rec.h;618;0.010000;0.010000;0.0;0.0
row0sel.cc;3156;0.010000;0.010000;0.0;0.0
row0sel.cc;3347;0.010000;0.010000;0.0;0.0
row0sel.cc;2781;0.010000;0.010000;0.0;0.0
row0sel.cc;3110;0.010000;0.010000;0.0;0.0
row0sel.cc;4579;0.010000;0.010000;0.0;0.0
row0sel.cc;5089;0.010000;0.010000;0.0;0.0
row0sel.cc;2956;0.010000;0.010000;0.0;0.0
row0sel.cc;5499;0.010000;0.010000;0.0;0.0
row0sel.cc;3769;0.010000;0.010000;0.0;0.0
row0sel.cc;5723;0.010000;0.010000;0.0;0.0
row0sel.cc;2956;0.010000;0.010000;0.0;0.0
row0sel.cc;5561;0.010000;0.010000;0.0;0.0
rowid_filter.cc;409;0.010000;0.010000;0.0;0.0
sql_acl.cc;10315;0.010000;0.010000;0.0;0.0
sql_audit.cc;176;0.010000;0.010000;0.0;0.0
sql_base.cc;2166;0.010000;0.010000;0.0;0.0
sql_base.cc;9844;0.010000;0.010000;0.0;0.0
sql_base.cc;8361;0.010000;0.010000;0.0;0.0
sql_base.cc;2496;0.010000;0.010000;0.0;0.0
sql_base.cc;4491;0.010000;0.010000;0.0;0.0
sql_base.cc;1713;0.010000;0.010000;0.0;0.0
sql_base.cc;993;0.010000;0.010000;0.0;0.0
sql_base.cc;2160;0.010000;0.010000;0.0;0.0
sql_base.cc;8344;0.010000;0.010000;0.0;0.0
sql_base.cc;1717;0.010000;0.010000;0.0;0.0
sql_bitmap.h;113;0.010000;0.010000;0.0;0.0
sql_class.cc;4897;0.010000;0.010000;0.0;0.0
sql_class.cc;1009;0.010000;0.010000;0.0;0.0
sql_class.cc;4907;0.010000;0.010000;0.0;0.0
sql_class.cc;4546;0.010000;0.010000;0.0;0.0
sql_class.cc;4895;0.010000;0.010000;0.0;0.0
sql_class.cc;1523;0.010000;0.010000;0.0;0.0
sql_class.cc;3450;0.010000;0.010000;0.0;0.0
sql_class.cc;4306;0.010000;0.010000;0.0;0.0
sql_class.cc;4411;0.010000;0.010000;0.0;0.0
sql_class.h;4911;0.010000;0.010000;0.0;0.0
sql_explain.cc;50;0.010000;0.010000;0.0;0.0
sql_explain.cc;179;0.010000;0.010000;0.0;0.0
sql_lex.cc;5698;0.010000;0.010000;0.0;0.0
sql_lex.cc;4513;0.010000;0.010000;0.0;0.0
sql_lex.h;1925;0.010000;0.010000;0.0;0.0
sql_list.h;183;0.010000;0.010000;0.0;0.0
sql_parse.cc;1646;0.010000;0.010000;0.0;0.0
sql_parse.cc;3769;0.010000;0.010000;0.0;0.0
sql_parse.cc;6021;0.010000;0.010000;0.0;0.0
sql_parse.cc;7472;0.010000;0.010000;0.0;0.0
sql_parse.cc;6845;0.010000;0.010000;0.0;0.0
sql_parse.cc;3767;0.010000;0.010000;0.0;0.0
sql_prepare.cc;5481;0.010000;0.010000;0.0;0.0
sql_prepare.cc;3650;0.010000;0.010000;0.0;0.0
sql_prepare.cc;3260;0.010000;0.010000;0.0;0.0
sql_prepare.cc;4863;0.010000;0.010000;0.0;0.0
sql_prepare.cc;5420;0.010000;0.010000;0.0;0.0
sql_prepare.cc;3657;0.010000;0.010000;0.0;0.0
sql_prepare.cc;3636;0.010000;0.010000;0.0;0.0
sql_prepare.cc;415;0.010000;0.010000;0.0;0.0
sql_prepare.cc;354;0.010000;0.010000;0.0;0.0
sql_select.cc;12204;0.010000;0.010000;0.0;0.0
sql_select.cc;1916;0.010000;0.010000;0.0;0.0
sql_select.cc;23999;0.010000;0.010000;0.0;0.0
sql_select.cc;28965;0.010000;0.010000;0.0;0.0
sql_select.cc;3070;0.010000;0.010000;0.0;0.0
sql_select.cc;26093;0.010000;0.010000;0.0;0.0
sql_select.cc;1883;0.010000;0.010000;0.0;0.0
sql_select.cc;22696;0.010000;0.010000;0.0;0.0
sql_select.cc;1377;0.010000;0.010000;0.0;0.0
sql_select.cc;34872;0.010000;0.010000;0.0;0.0
sql_select.cc;3125;0.010000;0.010000;0.0;0.0
sql_select.cc;29317;0.010000;0.010000;0.0;0.0
sql_select.cc;16645;0.010000;0.010000;0.0;0.0
sql_select.cc;29335;0.010000;0.010000;0.0;0.0
sql_select.cc;23055;0.010000;0.010000;0.0;0.0
sql_select.cc;17274;0.010000;0.010000;0.0;0.0
sql_select.cc;28339;0.010000;0.010000;0.0;0.0
sql_select.cc;13204;0.010000;0.010000;0.0;0.0
sql_select.cc;22751;0.010000;0.010000;0.0;0.0
sql_select.cc;511;0.010000;0.010000;0.0;0.0
sql_select.cc;7808;0.010000;0.010000;0.0;0.0
sql_select.cc;20663;0.010000;0.010000;0.0;0.0
sql_select.cc;11541;0.010000;0.010000;0.0;0.0
sql_select.cc;5727;0.010000;0.010000;0.0;0.0
sql_select.cc;4961;0.010000;0.010000;0.0;0.0
sql_select.cc;10284;0.010000;0.010000;0.0;0.0
sql_select.cc;16819;0.010000;0.010000;0.0;0.0
sql_select.cc;3431;0.010000;0.010000;0.0;0.0
sql_select.cc;7015;0.010000;0.010000;0.0;0.0
sql_select.cc;6257;0.010000;0.010000;0.0;0.0
sql_select.cc;14770;0.010000;0.010000;0.0;0.0
sql_select.cc;2344;0.010000;0.010000;0.0;0.0
sql_select.cc;2854;0.010000;0.010000;0.0;0.0
sql_select.cc;3427;0.010000;0.010000;0.0;0.0
sql_select.cc;1501;0.010000;0.010000;0.0;0.0
sql_select.cc;1986;0.010000;0.010000;0.0;0.0
sql_select.cc;2496;0.010000;0.010000;0.0;0.0
sql_select.cc;31537;0.010000;0.010000;0.0;0.0
sql_select.cc;2786;0.010000;0.010000;0.0;0.0
sql_select.cc;1513;0.010000;0.010000;0.0;0.0
sql_select.cc;6837;0.010000;0.010000;0.0;0.0
sql_select.cc;22199;0.010000;0.010000;0.0;0.0
sql_select.cc;22433;0.010000;0.010000;0.0;0.0
sql_select.cc;12352;0.010000;0.010000;0.0;0.0
sql_select.cc;26415;0.010000;0.010000;0.0;0.0
sql_select.cc;23061;0.010000;0.010000;0.0;0.0
sql_select.cc;29109;0.010000;0.010000;0.0;0.0
sql_select.cc;16219;0.010000;0.010000;0.0;0.0
sql_select.cc;10355;0.010000;0.010000;0.0;0.0
sql_select.cc;5431;0.010000;0.010000;0.0;0.0
sql_select.cc;29957;0.010000;0.010000;0.0;0.0
sql_select.cc;16806;0.010000;0.010000;0.0;0.0
sql_select.cc;34431;0.010000;0.010000;0.0;0.0
sql_select.cc;16828;0.010000;0.010000;0.0;0.0
sql_select.cc;2186;0.010000;0.010000;0.0;0.0
sql_select.cc;16172;0.010000;0.010000;0.0;0.0
sql_select.cc;24743;0.010000;0.010000;0.0;0.0
sql_select.cc;1739;0.010000;0.010000;0.0;0.0
sql_select.cc;26892;0.010000;0.010000;0.0;0.0
sql_select.h;2167;0.010000;0.010000;0.0;0.0
sql_select.h;1125;0.010000;0.010000;0.0;0.0
sql_statistics.cc;3264;0.010000;0.010000;0.0;0.0
sql_type.cc;8941;0.010000;0.010000;0.0;0.0
sql_type.h;5473;0.010000;0.010000;0.0;0.0
sql_type.h;4266;0.010000;0.010000;0.0;0.0
sql_union.cc;2956;0.010000;0.010000;0.0;0.0
sql_window.cc;347;0.010000;0.010000;0.0;0.0
stl_iterator.h;281;0.010000;0.010000;0.0;0.0
strchr-avx2.S;59;0.010000;0.010000;0.0;0.0
strcmp-avx2.S;319;0.010000;0.010000;0.0;0.0
strcpy-avx2.S;281;0.010000;0.010000;0.0;0.0
strcpy-avx2.S;168;0.010000;0.010000;0.0;0.0
strings_def.h;221;0.010000;0.010000;0.0;0.0
strlen-avx2.S;77;0.010000;0.010000;0.0;0.0
strnmov.c;41;0.010000;0.010000;0.0;0.0
structs.h;531;0.010000;0.010000;0.0;0.0
table.cc;10584;0.010000;0.010000;0.0;0.0
table.cc;10583;0.010000;0.010000;0.0;0.0
thr_malloc.cc;64;0.010000;0.010000;0.0;0.0
transaction.cc;243;0.010000;0.010000;0.0;0.0
trx0trx.cc;512;0.010000;0.010000;0.0;0.0
trx0trx.cc;1567;0.010000;0.010000;0.0;0.0
trx0trx.h;1169;0.010000;0.010000;0.0;0.0
filesort.cc;328;0.010000;0.010000;0.0;0.0
opt_range.cc;1932;0.010000;0.010000;0.0;0.0
sql_select.cc;2838;0.010000;0.010000;0.0;0.0
multi_range_read.cc;1732;0.010000;0.010000;0.0;0.0
row0sel.cc;3167;0.010000;0.010000;0.0;0.0
item_cmpfunc.h;1089;0.010000;0.010000;0.0;0.0
field.cc;11419;0.010000;0.010000;0.0;0.0
mf_qsort.c;100;0.010000;0.010000;0.0;0.0
sql_class.cc;3487;0.010000;0.010000;0.0;0.0
sql_select.cc;4283;0.010000;0.010000;0.0;0.0
filesort_utils.h;167;0.010000;0.010000;0.0;0.0
sql_parse.cc;2526;0.010000;0.010000;0.0;0.0
sql_explain.h;217;0.010000;0.010000;0.0;0.0
opt_subselect.cc;6710;0.010000;0.010000;0.0;0.0
ha_innodb.cc;7478;0.010000;0.010000;0.0;0.0
my_decimal.h;145;0.010000;0.010000;0.0;0.0
row0sel.cc;5868;0.010000;0.010000;0.0;0.0
memmove-vec-unaligned-erms.S;325;0.010000;0.010000;0.0;0.0
row0sel.cc;2600;0.010000;0.010000;0.0;0.0
field.h;2216;0.010000;0.010000;0.0;0.0
my_bitmap.c;510;0.010000;0.010000;0.0;0.0
hp_close.c;35;0.010000;0.010000;0.0;0.0
sql_base.cc;9165;0.010000;0.010000;0.0;0.0
sql_select.cc;3981;0.010000;0.010000;0.0;0.0
field.h;4191;0.010000;0.010000;0.0;0.0
lf_hash.cc;212;0.010000;0.010000;0.0;0.0
opt_range.cc;12959;0.010000;0.010000;0.0;0.0
hp_write.c;343;0.010000;0.010000;0.0;0.0
ctype-uca.c;32036;0.010000;0.010000;0.0;0.0
net_serv.cc;582;0.010000;0.010000;0.0;0.0
handler.cc;9763;0.010000;0.010000;0.0;0.0
protocol.cc;266;0.010000;0.010000;0.0;0.0
rem0rec.inl;251;0.010000;0.010000;0.0;0.0
sql_select.cc;21940;0.010000;0.010000;0.0;0.0
sql_select.cc;14646;0.010000;0.010000;0.0;0.0
sql_select.cc;33970;0.010000;0.010000;0.0;0.0
memmove-vec-unaligned-erms.S;443;0.010000;0.010000;0.0;0.0
ha_innodb.cc;9529;0.010000;0.010000;0.0;0.0
page0cur.cc;450;0.010000;0.010000;0.0;0.0
sql_select.cc;2216;0.010000;0.010000;0.0;0.0
lf_dynarray.c;96;0.010000;0.010000;0.0;0.0
trx0trx.h;1151;0.010000;0.010000;0.0;0.0
hp_create.c;39;0.010000;0.010000;0.0;0.0
key.cc;499;0.010000;0.010000;0.0;0.0
opt_range.cc;7480;0.010000;0.010000;0.0;0.0
sql_select.cc;7012;0.010000;0.010000;0.0;0.0
strcmp-avx2.S;294;0.010000;0.010000;0.0;0.0
opt_range.cc;14781;0.010000;0.010000;0.0;0.0
opt_sargable_left.cc;156;0.010000;0.010000;0.0;0.0
row0sel.cc;3856;0.010000;0.010000;0.0;0.0
my_bitmap.c;127;0.010000;0.010000;0.0;0.0
opt_vcol_substitution.cc;289;0.010000;0.010000;0.0;0.0
sql_select.cc;17135;0.010000;0.010000;0.0;0.0
lf_hash.cc;542;0.010000;0.010000;0.0;0.0
sql_parse.cc;6003;0.010000;0.010000;0.0;0.0
stl_vector.h;1864;0.010000;0.010000;0.0;0.0
sql_select.cc;34024;0.010000;0.010000;0.0;0.0
malloc.c;4516;0.010000;0.010000;0.0;0.0
sql_list.h;60;0.010000;0.010000;0.0;0.0
sql_queue.h;29;0.010000;0.010000;0.0;0.0
opt_range.h;438;0.010000;0.010000;0.0;0.0
procedure.cc;85;0.010000;0.010000;0.0;0.0
dict0dict.inl;39;0.010000;0.010000;0.0;0.0
malloc.c;1594;0.010000;0.010000;0.0;0.0
mf_qsort.c;131;0.010000;0.010000;0.0;0.0
filesort_utils.cc;136;0.010000;0.010000;0.0;0.0
page0cur.cc;564;0.010000;0.010000;0.0;0.0
row0sel.cc;4613;0.010000;0.010000;0.0;0.0
sql_select.cc;30416;0.010000;0.010000;0.0;0.0
transaction.cc;217;0.010000;0.010000;0.0;0.0
sql_prepare.cc;3573;0.010000;0.010000;0.0;0.0
handler.cc;9773;0.010000;0.010000;0.0;0.0
sql_select.cc;14425;0.010000;0.010000;0.0;0.0
page0cur.cc;492;0.010000;0.010000;0.0;0.0
sql_select.cc;22127;0.010000;0.010000;0.0;0.0
sql_parse.cc;1266;0.010000;0.010000;0.0;0.0
rem0rec.inl;223;0.010000;0.010000;0.0;0.0
strlen-avx2.S;59;0.010000;0.010000;0.0;0.0
sql_class.cc;4892;0.010000;0.010000;0.0;0.0
filesort.cc;1538;0.010000;0.010000;0.0;0.0
sql_select.cc;14276;0.010000;0.010000;0.0;0.0
memmove-vec-unaligned-erms.S;404;0.010000;0.010000;0.0;0.0
sql_select.cc;28919;0.010000;0.010000;0.0;0.0
sql_lex.cc;5798;0.010000;0.010000;0.0;0.0
hp_scan.c;59;0.010000;0.010000;0.0;0.0
queues.c;177;0.010000;0.010000;0.0;0.0
ha_innodb.cc;7441;0.010000;0.010000;0.0;0.0
array.c;48;0.010000;0.010000;0.0;0.0
hp_create.c;76;0.010000;0.010000;0.0;0.0
my_bitmap.c;506;0.010000;0.010000;0.0;0.0
sql_type.cc;1990;0.010000;0.010000;0.0;0.0
mdl.cc;1352;0.010000;0.010000;0.0;0.0
item_cmpfunc.h;1127;0.010000;0.010000;0.0;0.0
btr0cur.cc;4990;0.010000;0.010000;0.0;0.0
filesort.cc;2215;0.010000;0.010000;0.0;0.0
rem0rec.cc;745;0.010000;0.010000;0.0;0.0
page0cur.cc;645;0.010000;0.010000;0.0;0.0
sql_select.cc;14067;0.010000;0.010000;0.0;0.0
handler.cc;9745;0.010000;0.010000;0.0;0.0
sql_select.h;2008;0.010000;0.010000;0.0;0.0
sql_lex.h;1925;0.010000;0.010000;0.0;0.0
handler.h;3749;0.010000;0.010000;0.0;0.0
handler.cc;1671;0.010000;0.010000;0.0;0.0
sql_error.h;756;0.010000;0.010000;0.0;0.0
ha_innodb.cc;8996;0.010000;0.010000;0.0;0.0
lock.cc;912;0.010000;0.010000;0.0;0.0
sql_base.cc;7037;0.010000;0.010000;0.0;0.0
hp_write.c;370;0.010000;0.010000;0.0;0.0
m_ctype.h;1453;0.010000;0.010000;0.0;0.0
row0mysql.cc;384;0.010000;0.010000;0.0;0.0
records.cc;354;0.010000;0.010000;0.0;0.0
item_cmpfunc.h;1125;0.010000;0.010000;0.0;0.0
row0sel.cc;2777;0.010000;0.010000;0.0;0.0
strchr-avx2.S;69;0.010000;0.010000;0.0;0.0
opt_range.cc;2635;0.010000;0.010000;0.0;0.0
ha_innodb.cc;15094;0.010000;0.010000;0.0;0.0
sql_select.cc;31775;0.010000;0.010000;0.0;0.0
opt_range.cc;9580;0.010000;0.010000;0.0;0.0
sql_class.cc;3455;0.010000;0.010000;0.0;0.0
protocol.cc;1358;0.010000;0.010000;0.0;0.0
protocol.cc;1077;0.010000;0.010000;0.0;0.0
opt_range.cc;1220;0.010000;0.010000;0.0;0.0
opt_range.cc;10837;0.010000;0.010000;0.0;0.0
sql_lex.cc;4418;0.010000;0.010000;0.0;0.0
filesort.cc;629;0.010000;0.010000;0.0;0.0
opt_hints.cc;1369;0.010000;0.010000;0.0;0.0
sql_select.cc;4368;0.010000;0.010000;0.0;0.0
field.h;1565;0.010000;0.010000;0.0;0.0
hp_write.c;285;0.010000;0.010000;0.0;0.0
sql_select.cc;2870;0.010000;0.010000;0.0;0.0
sql_base.cc;860;0.010000;0.010000;0.0;0.0
sql_explain.cc;1007;0.010000;0.010000;0.0;0.0
item_func.h;162;0.010000;0.010000;0.0;0.0
field.h;1200;0.010000;0.010000;0.0;0.0
opt_range.cc;12498;0.010000;0.010000;0.0;0.0
mf_tempdir.c;77;0.010000;0.010000;0.0;0.0
field.h;1199;0.010000;0.010000;0.0;0.0
btr0cur.cc;5260;0.010000;0.010000;0.0;0.0
my_malloc.c;95;0.010000;0.010000;0.0;0.0
multi_range_read.cc;256;0.010000;0.010000;0.0;0.0
filesort.cc;455;0.010000;0.010000;0.0;0.0
sql_select.cc;6494;0.010000;0.010000;0.0;0.0
sql_select.cc;29919;0.010000;0.010000;0.0;0.0
opt_range_mrr.cc;81;0.010000;0.010000;0.0;0.0
hp_extra.c;52;0.010000;0.010000;0.0;0.0
field.h;2309;0.010000;0.010000;0.0;0.0
ha_innodb.cc;2706;0.010000;0.010000;0.0;0.0
buf0types.h;142;0.010000;0.010000;0.0;0.0
sql_select.cc;4383;0.010000;0.010000;0.0;0.0
item.h;1160;0.010000;0.010000;0.0;0.0
sql_select.cc;14509;0.010000;0.010000;0.0;0.0
sql_base.cc;10229;0.010000;0.010000;0.0;0.0
my_bitmap.c;161;0.010000;0.010000;0.0;0.0
sql_select.cc;10057;0.010000;0.010000;0.0;0.0
sql_select.cc;31795;0.010000;0.010000;0.0;0.0
sql_select.cc;3000;0.010000;0.010000;0.0;0.0
sql_select.cc;21330;0.010000;0.010000;0.0;0.0
sql_base.cc;1073;0.010000;0.010000;0.0;0.0
sql_select.cc;31861;0.010000;0.010000;0.0;0.0
sql_class.cc;4925;0.010000;0.010000;0.0;0.0
field.h;1321;0.010000;0.010000;0.0;0.0
sql_class.cc;6434;0.010000;0.010000;0.0;0.0
sql_prepare.cc;4758;0.010000;0.010000;0.0;0.0
filesort_utils.cc;308;0.010000;0.010000;0.0;0.0
handler.cc;9761;0.010000;0.010000;0.0;0.0
hp_hash.c;218;0.010000;0.010000;0.0;0.0
sql_select.cc;12452;0.010000;0.010000;0.0;0.0
field_conv.cc;934;0.010000;0.010000;0.0;0.0
sql_class.h;5294;0.010000;0.010000;0.0;0.0
row0sel.cc;5948;0.010000;0.010000;0.0;0.0
filesort.cc;403;0.010000;0.010000;0.0;0.0
page0page.inl;366;0.010000;0.010000;0.0;0.0
item.cc;8070;0.010000;0.010000;0.0;0.0
my_json_writer.h;626;0.010000;0.010000;0.0;0.0
protocol.cc;1350;0.010000;0.010000;0.0;0.0
row0sel.cc;4369;0.010000;0.010000;0.0;0.0
mf_pack.c;151;0.010000;0.010000;0.0;0.0
filesort.cc;2995;0.010000;0.010000;0.0;0.0
sql_base.cc;5827;0.010000;0.010000;0.0;0.0
filesort_utils.h;189;0.010000;0.010000;0.0;0.0
sql_base.cc;9826;0.010000;0.010000;0.0;0.0
sql_select.cc;24057;0.010000;0.010000;0.0;0.0
malloc.c;1597;0.010000;0.010000;0.0;0.0
sql_select.cc;17472;0.010000;0.010000;0.0;0.0
lf_hash.cc;499;0.010000;0.010000;0.0;0.0
hp_write.c;371;0.010000;0.010000;0.0;0.0
thr_lock.c;1157;0.010000;0.010000;0.0;0.0
hasher-mysql5x.c;20;0.010000;0.010000;0.0;0.0
opt_split.cc;1473;0.010000;0.010000;0.0;0.0
memmove-vec-unaligned-erms.S;550;0.010000;0.010000;0.0;0.0
sql_select.cc;14660;0.010000;0.010000;0.0;0.0
ha_innodb.cc;7239;0.010000;0.010000;0.0;0.0
net_serv.cc;847;0.010000;0.010000;0.0;0.0
sql_select.cc;7840;0.010000;0.010000;0.0;0.0
sql_prepare.cc;4863;0.010000;0.010000;0.0;0.0
handler.cc;7512;0.010000;0.010000;0.0;0.0
mf_cache.c;45;0.010000;0.010000;0.0;0.0
item.cc;3769;0.010000;0.010000;0.0;0.0
sql_select.cc;21985;0.010000;0.010000;0.0;0.0
item.h;3977;0.010000;0.010000;0.0;0.0
row0sel.cc;3961;0.010000;0.010000;0.0;0.0
crc32c_amd64.cc;147;0.010000;0.010000;0.0;0.0
malloc.c;4484;0.010000;0.010000;0.0;0.0
sql_select.cc;2794;0.010000;0.010000;0.0;0.0
sql_select.cc;1544;0.010000;0.010000;0.0;0.0
handler.h;4969;0.010000;0.010000;0.0;0.0
opt_subselect.cc;2548;0.010000;0.010000;0.0;0.0
sql_class.cc;3390;0.010000;0.010000;0.0;0.0
mdl.cc;2493;0.010000;0.010000;0.0;0.0
hp_create.c;365;0.010000;0.010000;0.0;0.0
opt_range.h;431;0.010000;0.010000;0.0;0.0
ilist.h;179;0.010000;0.010000;0.0;0.0
sql_select.cc;34852;0.010000;0.010000;0.0;0.0
sql_select.h;847;0.010000;0.010000;0.0;0.0
sql_select.cc;26112;0.010000;0.010000;0.0;0.0
hp_write.c;316;0.010000;0.010000;0.0;0.0
buf0buf.h;1470;0.010000;0.010000;0.0;0.0
page0page.cc;1319;0.010000;0.010000;0.0;0.0
mtr0mtr.cc;92;0.010000;0.010000;0.0;0.0
filesort.cc;2869;0.010000;0.010000;0.0;0.0
item_cmpfunc.cc;2400;0.010000;0.010000;0.0;0.0
item.cc;4422;0.010000;0.010000;0.0;0.0
sql_lex.cc;5985;0.010000;0.010000;0.0;0.0
opt_trace.cc;420;0.010000;0.010000;0.0;0.0
data0data.h;609;0.010000;0.010000;0.0;0.0
sql_select.cc;5242;0.010000;0.010000;0.0;0.0
row0sel.cc;5793;0.010000;0.010000;0.0;0.0
dict0dict.inl;781;0.010000;0.010000;0.0;0.0
mf_format.c;59;0.010000;0.010000;0.0;0.0
sql_select.cc;13084;0.010000;0.010000;0.0;0.0
field.cc;11421;0.010000;0.010000;0.0;0.0
memmove-vec-unaligned-erms.S;418;0.010000;0.010000;0.0;0.0
ctype-simple.c;1250;0.010000;0.010000;0.0;0.0
sql_select.cc;1450;0.010000;0.010000;0.0;0.0
row0sel.cc;4509;0.010000;0.010000;0.0;0.0
btr0pcur.cc;177;0.010000;0.010000;0.0;0.0
field_conv.cc;859;0.010000;0.010000;0.0;0.0
sql_lex.h;1657;0.010000;0.010000;0.0;0.0
sql_lex.cc;6336;0.010000;0.010000;0.0;0.0
row0sel.cc;5164;0.010000;0.010000;0.0;0.0
sql_select.cc;22025;0.010000;0.010000;0.0;0.0
mdl.cc;1565;0.010000;0.010000;0.0;0.0
sql_base.h;663;0.010000;0.010000;0.0;0.0
my_bitmap.c;201;0.010000;0.010000;0.0;0.0
my_alloc.c;116;0.010000;0.010000;0.0;0.0
my_bitmap.h;111;0.010000;0.010000;0.0;0.0
sql_select.cc;31861;0.010000;0.010000;0.0;0.0
records.cc;359;0.010000;0.010000;0.0;0.0
field.h;4236;0.010000;0.010000;0.0;0.0
pthread_getspecific.c;54;0.010000;0.010000;0.0;0.0
handler.cc;4137;0.010000;0.010000;0.0;0.0
my_alloc.c;509;0.010000;0.010000;0.0;0.0
sql_select.cc;16819;0.010000;0.010000;0.0;0.0
sql_select.cc;26418;0.010000;0.010000;0.0;0.0
field.h;925;0.010000;0.010000;0.0;0.0
page0cur.cc;643;0.010000;0.010000;0.0;0.0
strmake.c;36;0.010000;0.010000;0.0;0.0
item.h;1461;0.010000;0.010000;0.0;0.0
my_alloc.c;312;0.010000;0.010000;0.0;0.0
errno-loc.c;26;0.010000;0.010000;0.0;0.0
malloc.c;4238;0.010000;0.010000;0.0;0.0
opt_subselect.cc;5282;0.010000;0.010000;0.0;0.0
rem0rec.cc;675;0.010000;0.010000;0.0;0.0
sql_lex.h;4964;0.010000;0.010000;0.0;0.0
btr0pcur.cc;163;0.010000;0.010000;0.0;0.0
sql_select.cc;24700;0.010000;0.010000;0.0;0.0
sql_parse.cc;432;0.010000;0.010000;0.0;0.0
sql_select.cc;18848;0.010000;0.010000;0.0;0.0
item.h;832;0.010000;0.010000;0.0;0.0
field.h;2689;0.010000;0.010000;0.0;0.0
btr0pcur.cc;336;0.010000;0.010000;0.0;0.0
opt_range.cc;8863;0.010000;0.010000;0.0;0.0
sql_prepare.cc;969;0.010000;0.010000;0.0;0.0
sql_select.cc;31674;0.010000;0.010000;0.0;0.0
mf_qsort.c;193;0.010000;0.010000;0.0;0.0
rem0rec.cc;364;0.010000;0.010000;0.0;0.0
hp_info.c;23;0.010000;0.010000;0.0;0.0
sql_select.cc;20326;0.010000;0.010000;0.0;0.0
item.cc;1046;0.010000;0.010000;0.0;0.0
sql_select.cc;22663;0.010000;0.010000;0.0;0.0
sql_select.cc;31843;0.010000;0.010000;0.0;0.0
mtr0mtr.cc;186;0.010000;0.010000;0.0;0.0
sql_type.h;7362;0.010000;0.010000;0.0;0.0
net_serv.cc;382;0.009999;0.009999;0.0;0.0
ha_heap.cc;756;0.009999;0.009999;0.0;0.0
opt_range.cc;12930;0.009999;0.009999;0.0;0.0
sql_base.cc;5011;0.009999;0.009999;0.0;0.0
malloc.c;4275;0.009999;0.009999;0.0;0.0
protocol.cc;1036;0.009999;0.009999;0.0;0.0
my_alloc.c;361;0.009999;0.009999;0.0;0.0
thr_rwlock.c;159;0.009999;0.009999;0.0;0.0
handler.cc;6449;0.009999;0.009999;0.0;0.0
hp_scan.c;46;0.009999;0.009999;0.0;0.0
sql_parse.cc;1474;0.009999;0.009999;0.0;0.0
item_func.cc;287;0.009999;0.009999;0.0;0.0
sql_base.cc;1007;0.009999;0.009999;0.0;0.0
atomic_base.h;536;0.009999;0.009999;0.0;0.0
table.h;2377;0.009999;0.009999;0.0;0.0
ha_innodb.cc;16862;0.009999;0.009999;0.0;0.0
sql_select.cc;16408;0.009999;0.009999;0.0;0.0
sql_select.cc;5265;0.009999;0.009999;0.0;0.0
net_serv.cc;1074;0.009999;0.009999;0.0;0.0
ha_heap.cc;291;0.009999;0.009999;0.0;0.0
sql_select.cc;19470;0.009999;0.009999;0.0;0.0
item.h;4523;0.009999;0.009999;0.0;0.0
item.cc;4857;0.009999;0.009999;0.0;0.0
sql_class.cc;3237;0.009999;0.009999;0.0;0.0
sql_select.cc;3186;0.009999;0.009999;0.0;0.0
multi_range_read.cc;1741;0.009999;0.009999;0.0;0.0
sql_select.cc;31612;0.009999;0.009999;0.0;0.0
mf_pack.c;164;0.009999;0.009999;0.0;0.0
opt_subselect.cc;5952;0.009999;0.009999;0.0;0.0
btr0pcur.h;412;0.009999;0.009999;0.0;0.0
field.cc;7551;0.009999;0.009999;0.0;0.0
memmove-vec-unaligned-erms.S;451;0.009999;0.009999;0.0;0.0
memmove-vec-unaligned-erms.S;521;0.009999;0.009999;0.0;0.0
mem_root_array.h;156;0.009999;0.009999;0.0;0.0
sql_select.cc;29536;0.009999;0.009999;0.0;0.0
my_vsnprintf.c;220;0.009999;0.009999;0.0;0.0
sql_select.cc;2479;0.009999;0.009999;0.0;0.0
handler.h;3121;0.009999;0.009999;0.0;0.0
item.h;2932;0.009999;0.009999;0.0;0.0
sql_select.cc;16563;0.009999;0.009999;0.0;0.0
rem0rec.cc;938;0.009999;0.009999;0.0;0.0
sql_select.cc;11670;0.009999;0.009999;0.0;0.0
net_serv.cc;1101;0.009999;0.009999;0.0;0.0
item_func.h;216;0.009999;0.009999;0.0;0.0
opt_range.cc;7994;0.009999;0.009999;0.0;0.0
handler.cc;1493;0.009999;0.009999;0.0;0.0
opt_range.h;745;0.009999;0.009999;0.0;0.0
sql_select.cc;570;0.009999;0.009999;0.0;0.0
table.cc;10480;0.009999;0.009999;0.0;0.0
item_func.cc;362;0.009999;0.009999;0.0;0.0
memcmp-avx2-movbe.S;73;0.009999;0.009999;0.0;0.0
multi_range_read.cc;86;0.009999;0.009999;0.0;0.0
trx0trx.cc;931;0.009999;0.009999;0.0;0.0
opt_range.cc;10039;0.009999;0.009999;0.0;0.0
ha_innodb.cc;9147;0.009999;0.009999;0.0;0.0
sql_base.cc;9808;0.009999;0.009999;0.0;0.0
ha_innodb.cc;1810;0.009999;0.009999;0.0;0.0
mf_iocache.c;285;0.009999;0.009999;0.0;0.0
sql_select.cc;13538;0.009999;0.009999;0.0;0.0
sql_select.cc;22470;0.009999;0.009999;0.0;0.0
sql_select.cc;31516;0.009999;0.009999;0.0;0.0
sql_class.h;8403;0.009999;0.009999;0.0;0.0
sql_select.cc;31769;0.009999;0.009999;0.0;0.0
sql_class.h;1918;0.009999;0.009999;0.0;0.0
item.h;1875;0.009999;0.009999;0.0;0.0
sql_select.cc;2889;0.009999;0.009999;0.0;0.0
sql_string.cc;31;0.009999;0.009999;0.0;0.0
lock.cc;338;0.009999;0.009999;0.0;0.0
sql_select.cc;3794;0.009999;0.009999;0.0;0.0
ha_innodb.cc;15485;0.009999;0.009999;0.0;0.0
lock.cc;403;0.009999;0.009999;0.0;0.0
opt_split.cc;1469;0.009999;0.009999;0.0;0.0
sql_lex.h;1002;0.009999;0.009999;0.0;0.0
item.h;768;0.009999;0.009999;0.0;0.0
sql_select.cc;32057;0.009999;0.009999;0.0;0.0
malloc.c;4283;0.009999;0.009999;0.0;0.0
sql_lex.cc;5668;0.009999;0.009999;0.0;0.0
lf_hash.cc;111;0.009999;0.009999;0.0;0.0
row0sel.cc;2737;0.009999;0.009999;0.0;0.0
item.h;6199;0.009999;0.009999;0.0;0.0
row0sel.cc;5022;0.009999;0.009999;0.0;0.0
item.h;3988;0.009999;0.009999;0.0;0.0
protocol.cc;1251;0.009999;0.009999;0.0;0.0
handler.h;2194;0.009999;0.009999;0.0;0.0
item.h;6005;0.009999;0.009999;0.0;0.0
ha_innodb.cc;3166;0.009999;0.009999;0.0;0.0
sql_select.cc;21573;0.009999;0.009999;0.0;0.0
item.h;3696;0.009999;0.009999;0.0;0.0
item.h;3977;0.009999;0.009999;0.0;0.0
sql_select.cc;12449;0.009999;0.009999;0.0;0.0
handler.h;4387;0.009999;0.009999;0.0;0.0
array.c;93;0.009999;0.009999;0.0;0.0
sql_select.cc;5180;0.009999;0.009999;0.0;0.0
lock.cc;443;0.009999;0.009999;0.0;0.0
item.h;8955;0.009999;0.009999;0.0;0.0
malloc.c;3293;0.009999;0.009999;0.0;0.0
page0cur.cc;653;0.009999;0.009999;0.0;0.0
sql_class.cc;3432;0.009999;0.009999;0.0;0.0
sql_select.cc;10285;0.009999;0.009999;0.0;0.0
mf_dirname.c;34;0.009999;0.009999;0.0;0.0
opt_range.cc;3560;0.009999;0.009999;0.0;0.0
sql_explain.cc;102;0.009999;0.009999;0.0;0.0
hp_scan.c;32;0.009999;0.009999;0.0;0.0
protocol.cc;1263;0.009999;0.009999;0.0;0.0
opt_range.cc;2840;0.009999;0.009999;0.0;0.0
sql_base.cc;6653;0.009999;0.009999;0.0;0.0
malloc.c;1288;0.009999;0.009999;0.0;0.0
sql_select.cc;17340;0.009999;0.009999;0.0;0.0
table.cc;10373;0.009999;0.009999;0.0;0.0
opt_range_mrr.cc;377;0.009999;0.009999;0.0;0.0
sql_select.cc;31465;0.009999;0.009999;0.0;0.0
sql_select.h;2150;0.009999;0.009999;0.0;0.0
sql_select.cc;23059;0.009999;0.009999;0.0;0.0
sql_select.cc;16828;0.009999;0.009999;0.0;0.0
ctype-bin.c;91;0.009999;0.009999;0.0;0.0
sql_lex.h;1452;0.009999;0.009999;0.0;0.0
sql_select.cc;13343;0.009999;0.009999;0.0;0.0
sql_class.cc;5190;0.009999;0.009999;0.0;0.0
sql_select.cc;1586;0.009999;0.009999;0.0;0.0
small_vector.h;60;0.009999;0.009999;0.0;0.0
crc32c_amd64.cc;144;0.009999;0.009999;0.0;0.0
net_serv.cc;727;0.009999;0.009999;0.0;0.0
sql_select.cc;2595;0.009999;0.009999;0.0;0.0
handler.cc;2260;0.009999;0.009999;0.0;0.0
sql_select.cc;31403;0.009999;0.009999;0.0;0.0
ha_innodb.cc;9155;0.009999;0.009999;0.0;0.0
item.h;2684;0.009999;0.009999;0.0;0.0
item.cc;5133;0.009999;0.009999;0.0;0.0
sql_type.h;3170;0.009999;0.009999;0.0;0.0
field.cc;9909;0.009999;0.009999;0.0;0.0
item.cc;6629;0.009999;0.009999;0.0;0.0
sql_select.cc;3997;0.009999;0.009999;0.0;0.0
my_bit.h;161;0.009999;0.009999;0.0;0.0
hp_write.c;289;0.009999;0.009999;0.0;0.0
sql_class.cc;2579;0.009999;0.009999;0.0;0.0
sql_select.cc;6994;0.009999;0.009999;0.0;0.0
sql_union.cc;2948;0.009999;0.009999;0.0;0.0
opt_range.cc;12585;0.009999;0.009999;0.0;0.0
item.cc;3386;0.009999;0.009999;0.0;0.0
field.h;2277;0.009999;0.009999;0.0;0.0
memcmp-avx2-movbe.S;444;0.009999;0.009999;0.0;0.0
sql_list.h;427;0.009999;0.009999;0.0;0.0
ha_heap.cc;420;0.009999;0.009999;0.0;0.0
btr0pcur.cc;80;0.009999;0.009999;0.0;0.0
mf_iocache.c;347;0.009999;0.009999;0.0;0.0
btr0btr.cc;247;0.009999;0.009999;0.0;0.0
item.cc;3885;0.009999;0.009999;0.0;0.0
btr0cur.cc;5401;0.009999;0.009999;0.0;0.0
sql_analyze_stmt.h;80;0.009999;0.009999;0.0;0.0
filesort.cc;2176;0.009999;0.009999;0.0;0.0
read0read.cc;173;0.009999;0.009999;0.0;0.0
sql_acl.cc;9981;0.009999;0.009999;0.0;0.0
sql_base.cc;5821;0.009999;0.009999;0.0;0.0
ilist.h;178;0.009999;0.009999;0.0;0.0
opt_subselect.cc;1002;0.009999;0.009999;0.0;0.0
pack.c;132;0.009999;0.009999;0.0;0.0
sql_select.cc;8154;0.009999;0.009999;0.0;0.0
row0sel.cc;4545;0.009999;0.009999;0.0;0.0
field.cc;2250;0.009999;0.009999;0.0;0.0
sql_cache.cc;1397;0.009999;0.009999;0.0;0.0
sql_select.cc;9971;0.009999;0.009999;0.0;0.0
filesort.cc;108;0.009999;0.009999;0.0;0.0
filesort.cc;1464;0.009999;0.009999;0.0;0.0
sql_select.cc;21966;0.009999;0.009999;0.0;0.0
my_alloc.c;407;0.009999;0.009999;0.0;0.0
ha_innodb.cc;15466;0.009999;0.009999;0.0;0.0
my_alloc.c;150;0.009999;0.009999;0.0;0.0
handler.h;3071;0.009999;0.009999;0.0;0.0
sql_plist.h;194;0.009999;0.009999;0.0;0.0
hp_write.c;320;0.009999;0.009999;0.0;0.0
sql_select.cc;22124;0.009999;0.009999;0.0;0.0
sql_base.cc;7013;0.009999;0.009999;0.0;0.0
row0sel.cc;5587;0.009999;0.009999;0.0;0.0
buf0buf.inl;51;0.009999;0.009999;0.0;0.0
sql_base.cc;7203;0.009999;0.009999;0.0;0.0
ha_innodb.cc;15185;0.009999;0.009999;0.0;0.0
sql_select.cc;31594;0.009999;0.009999;0.0;0.0
rem0rec.cc;2038;0.009999;0.009999;0.0;0.0
opt_range.h;593;0.009999;0.009999;0.0;0.0
trx0trx.cc;1554;0.009999;0.009999;0.0;0.0
item.h;2255;0.009999;0.009999;0.0;0.0
sql_select.cc;1497;0.009999;0.009999;0.0;0.0
sql_limit.h;94;0.009999;0.009999;0.0;0.0
sql_select.cc;4459;0.009999;0.009999;0.0;0.0
lf_hash.cc;220;0.009999;0.009999;0.0;0.0
page0cur.cc;340;0.009999;0.009999;0.0;0.0
filesort.cc;2917;0.009999;0.009999;0.0;0.0
lf_hash.cc;185;0.009999;0.009999;0.0;0.0
sql_string.h;820;0.009999;0.009999;0.0;0.0
handler.cc;4097;0.009999;0.009999;0.0;0.0
sql_cache.cc;1070;0.009999;0.009999;0.0;0.0
multi_range_read.cc;602;0.009999;0.009999;0.0;0.0
sql_select.cc;17852;0.009999;0.009999;0.0;0.0
sql_select.cc;9804;0.009999;0.009999;0.0;0.0
item.h;2316;0.009999;0.009999;0.0;0.0
structs.h;531;0.009999;0.009999;0.0;0.0
sql_base.cc;5846;0.009999;0.009999;0.0;0.0
opt_subselect.cc;6765;0.009999;0.009999;0.0;0.0
sql_base.cc;8483;0.009999;0.009999;0.0;0.0
sql_base.cc;8696;0.009999;0.009999;0.0;0.0
sql_base.cc;2363;0.009999;0.009999;0.0;0.0
sql_lex.cc;6327;0.009999;0.009999;0.0;0.0
sql_select.cc;27001;0.009999;0.009999;0.0;0.0
sql_prepare.cc;3407;0.009999;0.009999;0.0;0.0
sql_select.cc;29924;0.009999;0.009999;0.0;0.0
sql_select.cc;31159;0.009999;0.009999;0.0;0.0
sql_base.cc;3421;0.009999;0.009999;0.0;0.0
sql_class.cc;4403;0.009999;0.009999;0.0;0.0
viosocket.c;398;0.009999;0.009999;0.0;0.0
sql_connect.cc;1512;0.009999;0.009999;0.0;0.0
ha_innodb.cc;15242;0.009999;0.009999;0.0;0.0
sql_select.cc;6849;0.009999;0.009999;0.0;0.0
opt_range.cc;12876;0.009999;0.009999;0.0;0.0
table_cache.cc;448;0.009999;0.009999;0.0;0.0
item.h;1246;0.009999;0.009999;0.0;0.0
sql_parse.cc;1684;0.009999;0.009999;0.0;0.0
sql_select.cc;9873;0.009999;0.009999;0.0;0.0
sql_base.cc;1037;0.009999;0.009999;0.0;0.0
table.cc;10583;0.009999;0.009999;0.0;0.0
ha_innodb.cc;3621;0.009999;0.009999;0.0;0.0
viosocket.c;955;0.009999;0.009999;0.0;0.0
opt_range.cc;3140;0.009999;0.009999;0.0;0.0
transaction.cc;525;0.009999;0.009999;0.0;0.0
handler.h;2145;0.009999;0.009999;0.0;0.0
int2str.c;111;0.009999;0.009999;0.0;0.0
transaction.cc;294;0.009999;0.009999;0.0;0.0
opt_hints.cc;1370;0.009999;0.009999;0.0;0.0
sql_string.h;266;0.009999;0.009999;0.0;0.0
btr0cur.cc;4986;0.009999;0.009999;0.0;0.0
hp_write.c;339;0.009999;0.009999;0.0;0.0
rem0rec.inl;437;0.009999;0.009999;0.0;0.0
sql_acl.cc;9966;0.009999;0.009999;0.0;0.0
handler.h;3739;0.009999;0.009999;0.0;0.0
handler.cc;2222;0.009999;0.009999;0.0;0.0
page0cur.cc;884;0.009999;0.009999;0.0;0.0
sql_select.cc;28348;0.009999;0.009999;0.0;0.0
lf_hash.cc;127;0.009999;0.009999;0.0;0.0
sql_select.cc;22249;0.009999;0.009999;0.0;0.0
pfs.cc;2540;0.009999;0.009999;0.0;0.0
sql_lex.cc;5138;0.009999;0.009999;0.0;0.0
opt_range.cc;2893;0.009999;0.009999;0.0;0.0
select_result.h;99;0.009999;0.009999;0.0;0.0
opt_context_store_replay.cc;1659;0.009999;0.009999;0.0;0.0
sql_select.cc;16799;0.009999;0.009999;0.0;0.0
opt_range.cc;1212;0.009999;0.009999;0.0;0.0
handler.h;4967;0.009999;0.009999;0.0;0.0
sql_select.cc;1514;0.009999;0.009999;0.0;0.0
sql_select.cc;5153;0.009999;0.009999;0.0;0.0
page0cur.cc;226;0.009999;0.009999;0.0;0.0
filesort.cc;700;0.009999;0.009999;0.0;0.0
sql_explain.cc;1286;0.009999;0.009999;0.0;0.0
sql_select.cc;26451;0.009999;0.009999;0.0;0.0
opt_range.cc;12807;0.009999;0.009999;0.0;0.0
sql_base.cc;1962;0.009999;0.009999;0.0;0.0
transaction.cc;212;0.009999;0.009999;0.0;0.0
ha_innodb.cc;9475;0.009999;0.009999;0.0;0.0
filesort_utils.cc;387;0.009999;0.009999;0.0;0.0
sql_select.cc;3934;0.009999;0.009999;0.0;0.0
sql_class.cc;6164;0.009999;0.009999;0.0;0.0
key.cc;497;0.009999;0.009999;0.0;0.0
ha_innodb.cc;7463;0.009999;0.009999;0.0;0.0
my_alloc.c;407;0.009999;0.009999;0.0;0.0
net_serv.cc;816;0.009999;0.009999;0.0;0.0
trx0sys.h;887;0.009999;0.009999;0.0;0.0
sql_parse.cc;7461;0.009999;0.009999;0.0;0.0
sql_base.cc;8363;0.009999;0.009999;0.0;0.0
opt_range.cc;12474;0.009999;0.009999;0.0;0.0
handler.cc;7544;0.009999;0.009999;0.0;0.0
btr0cur.cc;1242;0.009999;0.009999;0.0;0.0
item.h;763;0.009999;0.009999;0.0;0.0
sql_select.cc;16479;0.009999;0.009999;0.0;0.0
hp_create.c;158;0.009999;0.009999;0.0;0.0
field.h;925;0.009999;0.009999;0.0;0.0
rem0rec.cc;674;0.009999;0.009999;0.0;0.0
filesort.cc;2201;0.009999;0.009999;0.0;0.0
sql_select.cc;3004;0.009999;0.009999;0.0;0.0
ha_innodb.cc;20852;0.009999;0.009999;0.0;0.0
sql_select.cc;17784;0.009999;0.009999;0.0;0.0
handler.cc;3963;0.009999;0.009999;0.0;0.0
sql_select.cc;29078;0.009999;0.009999;0.0;0.0
sql_class.cc;398;0.009999;0.009999;0.0;0.0
item.cc;5111;0.009999;0.009999;0.0;0.0
ha_innodb.cc;16624;0.009999;0.009999;0.0;0.0
sql_select.cc;463;0.009999;0.009999;0.0;0.0
sql_class.h;6364;0.009999;0.009999;0.0;0.0
sql_oracle_outer_join.cc;749;0.009999;0.009999;0.0;0.0
transaction.cc;33;0.009999;0.009999;0.0;0.0
sql_class.cc;6186;0.009999;0.009999;0.0;0.0
sql_select.cc;7124;0.009999;0.009999;0.0;0.0
hash.c;197;0.009999;0.009999;0.0;0.0
sql_select.cc;2089;0.009999;0.009999;0.0;0.0
trx0trx.cc;1753;0.009999;0.009999;0.0;0.0
malloc.c;1598;0.009999;0.009999;0.0;0.0
sql_select.cc;460;0.009999;0.009999;0.0;0.0
dict0mem.h;1392;0.009999;0.009999;0.0;0.0
ha_innodb.cc;2716;0.009999;0.009999;0.0;0.0
my_vsnprintf.c;764;0.009999;0.009999;0.0;0.0
sql_base.cc;4930;0.009999;0.009999;0.0;0.0
item.h;6157;0.009999;0.009999;0.0;0.0
mysql_transaction.h;134;0.009999;0.009999;0.0;0.0
item.cc;3772;0.009999;0.009999;0.0;0.0
sql_base.cc;4194;0.009999;0.009999;0.0;0.0
sql_parse.cc;432;0.009999;0.009999;0.0;0.0
mf_pack.c;162;0.009999;0.009999;0.0;0.0
sql_prepare.cc;5430;0.009999;0.009999;0.0;0.0
lf_hash.cc;132;0.009999;0.009999;0.0;0.0
sql_parse.cc;7528;0.009999;0.009999;0.0;0.0
sql_base.cc;2353;0.009999;0.009999;0.0;0.0
sql_class.cc;3489;0.009999;0.009999;0.0;0.0
sql_class.cc;6168;0.009999;0.009999;0.0;0.0
mysql_thread.h;999;0.009999;0.009999;0.0;0.0
sql_select.cc;8836;0.009999;0.009999;0.0;0.0
sql_select.cc;625;0.009999;0.009999;0.0;0.0
sql_select.cc;24660;0.009999;0.009999;0.0;0.0
sql_base.cc;4491;0.009999;0.009999;0.0;0.0
item.cc;11799;0.009999;0.009999;0.0;0.0
sql_select.cc;5156;0.009999;0.009999;0.0;0.0
sql_class.cc;4401;0.009999;0.009999;0.0;0.0
sql_select.cc;6497;0.009999;0.009999;0.0;0.0
sql_select.cc;7798;0.009999;0.009999;0.0;0.0
field.h;1547;0.009999;0.009999;0.0;0.0
trx0trx.cc;1583;0.009999;0.009999;0.0;0.0
mf_qsort.c;217;0.009999;0.009999;0.0;0.0
wsrep_dummy.cc;94;0.009999;0.009999;0.0;0.0
table.h;1749;0.009999;0.009999;0.0;0.0
item.cc;5129;0.009999;0.009999;0.0;0.0
item.cc;6562;0.009999;0.009999;0.0;0.0
field.h;2887;0.009999;0.009999;0.0;0.0
protocol.cc;47;0.009999;0.009999;0.0;0.0
net_serv.cc;905;0.009999;0.009999;0.0;0.0
sql_select.cc;5420;0.009999;0.009999;0.0;0.0
btr0pcur.cc;515;0.009999;0.009999;0.0;0.0
sql_class.h;5391;0.009999;0.009999;0.0;0.0
sql_select.cc;4900;0.009999;0.009999;0.0;0.0
my_bit.h;160;0.009999;0.009999;0.0;0.0
sql_parse.cc;1613;0.009999;0.009999;0.0;0.0
lock.cc;819;0.009999;0.009999;0.0;0.0
sql_select.cc;29324;0.009999;0.009999;0.0;0.0
sql_lex.cc;6324;0.009999;0.009999;0.0;0.0
sql_base.cc;4381;0.009999;0.009999;0.0;0.0
sql_parse.cc;6015;0.009999;0.009999;0.0;0.0
sql_base.cc;5806;0.009999;0.009999;0.0;0.0
item.cc;6629;0.009999;0.009999;0.0;0.0
item.cc;8168;0.009999;0.009999;0.0;0.0
my_bitmap.h;116;0.009999;0.009999;0.0;0.0
lf_hash.cc;256;0.009999;0.009999;0.0;0.0
handler.h;3981;0.009999;0.009999;0.0;0.0
sql_select.cc;34186;0.009999;0.009999;0.0;0.0
sql_class.cc;3387;0.009999;0.009999;0.0;0.0
table.cc;3621;0.009999;0.009999;0.0;0.0
net_serv.cc;955;0.009999;0.009999;0.0;0.0
sql_base.cc;8608;0.009999;0.009999;0.0;0.0
sql_select.cc;29940;0.009999;0.009999;0.0;0.0
opt_range.cc;13673;0.009999;0.009999;0.0;0.0
records.cc;192;0.009999;0.009999;0.0;0.0
malloc.c;4340;0.009999;0.009999;0.0;0.0
sql_select.cc;13205;0.009999;0.009999;0.0;0.0
ha_innodb.cc;2663;0.009999;0.009999;0.0;0.0
sql_list.h;298;0.009999;0.009999;0.0;0.0
temporary_tables.cc;523;0.009998;0.009998;0.0;0.0
sql_string.h;564;0.009998;0.009998;0.0;0.0
sql_base.cc;1720;0.009998;0.009998;0.0;0.0
sql_parse.cc;7087;0.009998;0.009998;0.0;0.0
sql_array.h;131;0.009998;0.009998;0.0;0.0
opt_context_store_replay.cc;1659;0.009998;0.009998;0.0;0.0
sql_select.cc;6107;0.009998;0.009998;0.0;0.0
sql_class.h;4931;0.009998;0.009998;0.0;0.0
viosocket.c;255;0.009998;0.009998;0.0;0.0
sql_error.cc;331;0.009998;0.009998;0.0;0.0
ctype-unidata.h;129;0.009998;0.009998;0.0;0.0
mf_iocache.c;298;0.009998;0.009998;0.0;0.0
opt_range.h;1021;0.009998;0.009998;0.0;0.0
sql_select.cc;20867;0.009998;0.009998;0.0;0.0
opt_range.cc;9077;0.009998;0.009998;0.0;0.0
select_result.h;125;0.009998;0.009998;0.0;0.0
field.h;2289;0.009998;0.009998;0.0;0.0
sql_select.cc;3455;0.009998;0.009998;0.0;0.0
sql_select.cc;31626;0.009998;0.009998;0.0;0.0
sql_select.cc;7829;0.009998;0.009998;0.0;0.0
sql_prepare.cc;405;0.009998;0.009998;0.0;0.0
sql_base.cc;4392;0.009998;0.009998;0.0;0.0
sql_select.cc;30051;0.009998;0.009998;0.0;0.0
opt_trace_context.h;96;0.009998;0.009998;0.0;0.0
sql_select.cc;2598;0.009998;0.009998;0.0;0.0
ilist.h;140;0.009998;0.009998;0.0;0.0
mdl.cc;3596;0.009998;0.009998;0.0;0.0
opt_range.cc;2807;0.009998;0.009998;0.0;0.0
sql_analyze_stmt.h;102;0.009998;0.009998;0.0;0.0
sql_explain.cc;110;0.009998;0.009998;0.0;0.0
sql_lex.cc;4802;0.009998;0.009998;0.0;0.0
net_serv.cc;385;0.009998;0.009998;0.0;0.0
memcmp-avx2-movbe.S;443;0.009998;0.009998;0.0;0.0
ha_heap.cc;304;0.009998;0.009998;0.0;0.0
ha_heap.cc;400;0.009998;0.009998;0.0;0.0
sql_select.cc;2428;0.009998;0.009998;0.0;0.0
trx0trx.cc;935;0.009998;0.009998;0.0;0.0
hp_scan.c;73;0.009998;0.009998;0.0;0.0
mf_pack.c;151;0.009998;0.009998;0.0;0.0
my_apc.h;84;0.009998;0.009998;0.0;0.0
lf_hash.cc;452;0.009998;0.009998;0.0;0.0
hp_create.c;308;0.009998;0.009998;0.0;0.0
sql_select.cc;668;0.009998;0.009998;0.0;0.0
sql_list.h;439;0.009998;0.009998;0.0;0.0
sql_lex.cc;5615;0.009998;0.009998;0.0;0.0
ut0byte.h;92;0.009998;0.009998;0.0;0.0
handler.cc;3785;0.009998;0.009998;0.0;0.0
my_alloc.c;372;0.009998;0.009998;0.0;0.0
opt_range.cc;3739;0.009998;0.009998;0.0;0.0
array.c;59;0.009998;0.009998;0.0;0.0
opt_range.cc;12552;0.009998;0.009998;0.0;0.0
ha_innodb.cc;3621;0.009998;0.009998;0.0;0.0
table.cc;7792;0.009998;0.009998;0.0;0.0
sql_parse.cc;1293;0.009998;0.009998;0.0;0.0
mdl.cc;828;0.009998;0.009998;0.0;0.0
sql_select.cc;26421;0.009998;0.009998;0.0;0.0
sql_type.cc;1698;0.009998;0.009998;0.0;0.0
sql_select.cc;12551;0.009998;0.009998;0.0;0.0
mdl.h;335;0.009998;0.009998;0.0;0.0
sql_plist.h;90;0.009998;0.009998;0.0;0.0
sql_select.cc;13533;0.009998;0.009998;0.0;0.0
sql_select.cc;5704;0.009998;0.009998;0.0;0.0
net_serv.cc;395;0.009998;0.009998;0.0;0.0
sql_lex.cc;5642;0.009997;0.009997;0.0;0.0
sql_select.cc;22000;0.009997;0.009997;0.0;0.0
sql_prepare.cc;3186;0.009997;0.009997;0.0;0.0
memmove-vec-unaligned-erms.S;488;0.009997;0.009997;0.0;0.0
opt_range.h;446;0.009997;0.009997;0.0;0.0
sql_select.cc;31103;0.009997;0.009997;0.0;0.0
strings_def.h;96;0.009997;0.009997;0.0;0.0
ha_innodb.cc;16728;0.009997;0.009997;0.0;0.0
item.cc;6744;0.009997;0.009997;0.0;0.0
sql_select.h;2046;0.009997;0.009997;0.0;0.0
fil0fil.h;745;0.009997;0.009997;0.0;0.0
item.h;3127;0.009997;0.009997;0.0;0.0
sql_select.cc;3187;0.009997;0.009997;0.0;0.0
sql_select.cc;14523;0.009997;0.009997;0.0;0.0
multi_range_read.cc;618;0.009997;0.009997;0.0;0.0
item.cc;11801;0.009997;0.009997;0.0;0.0
sql_select.cc;29253;0.009997;0.009997;0.0;0.0
page0cur.cc;628;0.009997;0.009997;0.0;0.0
filesort.h;125;0.009997;0.009997;0.0;0.0
sql_select.cc;31087;0.009997;0.009997;0.0;0.0
viosocket.c;157;0.009997;0.009997;0.0;0.0
field.cc;7814;0.009997;0.009997;0.0;0.0
item.cc;800;0.009997;0.009997;0.0;0.0
sql_select.cc;31125;0.009997;0.009997;0.0;0.0
sql_select.cc;2765;0.009997;0.009997;0.0;0.0
lf_hash.cc;213;0.009997;0.009997;0.0;0.0
sql_select.cc;13549;0.009997;0.009997;0.0;0.0
sql_select.cc;30414;0.009996;0.009996;0.0;0.0
sql_select.cc;17010;0.009996;0.009996;0.0;0.0
page0cur.cc;457;0.009996;0.009996;0.0;0.0
trx0trx.h;1177;0.009996;0.009996;0.0;0.0
sql_select.cc;22714;0.009996;0.009996;0.0;0.0
ctype-uca.c;34591;0.009991;0.009991;0.0;0.0
sql_select.cc;29996;0.009985;0.009985;0.0;0.0
row0sel.cc;3103;0.009971;0.009971;0.0;0.0
sql_list.h;154;0.009965;0.009965;0.0;0.0
btr0btr.cc;224;0.009001;0.009001;0.0;0.0
ha_innodb.cc;15114;0.009001;0.009001;0.0;0.0
handler.cc;4013;0.009001;0.009001;0.0;0.0
row0sel.cc;4563;0.009001;0.009001;0.0;0.0
sql_select.cc;8849;0.009000;0.009000;0.0;0.0
sql_select.cc;34846;0.009000;0.009000;0.0;0.0
hp_write.c;60;0.009000;0.009000;0.0;0.0
sql_lex.cc;3798;0.009000;0.009000;0.0;0.0
buf0types.h;132;0.009000;0.009000;0.0;0.0
hp_write.c;357;0.009000;0.009000;0.0;0.0
sql_select.cc;31676;0.009000;0.009000;0.0;0.0
field.h;2286;0.009000;0.009000;0.0;0.0
row0sel.cc;4643;0.009000;0.009000;0.0;0.0
filesort.cc;2757;0.009000;0.009000;0.0;0.0
filesort.cc;454;0.009000;0.009000;0.0;0.0
sql_parse.cc;7384;0.009000;0.009000;0.0;0.0
ctype-bin.c;95;0.009000;0.009000;0.0;0.0
sql_select.cc;4246;0.009000;0.009000;0.0;0.0
hp_scan.c;65;0.009000;0.009000;0.0;0.0
opt_range.cc;3610;0.009000;0.009000;0.0;0.0
sql_class.cc;400;0.009000;0.009000;0.0;0.0
page0cur.cc;923;0.009000;0.009000;0.0;0.0
opt_range.cc;10830;0.009000;0.009000;0.0;0.0
sql_type.cc;1605;0.009000;0.009000;0.0;0.0
multi_range_read.cc;1475;0.008999;0.008999;0.0;0.0
handler.h;3779;0.008999;0.008999;0.0;0.0
btr0cur.cc;5030;0.008999;0.008999;0.0;0.0
my_bit.h;161;0.008999;0.008999;0.0;0.0
my_bitmap.c;569;0.008999;0.008999;0.0;0.0
sql_plist.h;177;0.008999;0.008999;0.0;0.0
filesort.cc;2206;0.008999;0.008999;0.0;0.0
sql_select.cc;3506;0.008999;0.008999;0.0;0.0
lf_alloc-pin.c;248;0.008999;0.008999;0.0;0.0
mdl.cc;3769;0.008999;0.008999;0.0;0.0
hp_scan.c;77;0.008999;0.008999;0.0;0.0
dict0dict.cc;3885;0.008999;0.008999;0.0;0.0
lock.cc;399;0.008999;0.008999;0.0;0.0
opt_range_mrr.cc;300;0.008999;0.008999;0.0;0.0
sql_select.cc;29156;0.008999;0.008999;0.0;0.0
mdl.cc;1582;0.008999;0.008999;0.0;0.0
sql_audit.cc;135;0.008999;0.008999;0.0;0.0
sql_error.cc;428;0.008999;0.008999;0.0;0.0
sql_prepare.cc;5581;0.008999;0.008999;0.0;0.0
sql_select.h;2008;0.008998;0.008998;0.0;0.0
filesort_utils.cc;277;0.008998;0.008998;0.0;0.0
