Source File;Source Line;CPU Time;CPU Time:Effective Time;CPU Time:Spin Time;CPU Time:Overhead Time
[Unknown source file];[Unknown];44.342289;44.342289;0.0;0.0
syscall_cancel.S;56;14.899830;14.899830;0.0;0.0
page0cur.cc;103;3.639857;3.639857;0.0;0.0
page0cur.cc;85;1.519935;1.519935;0.0;0.0
my_byteorder.h;92;1.099930;1.099930;0.0;0.0
sql_class.h;3514;0.779947;0.779947;0.0;0.0
stl_algobase.h;239;0.759940;0.759940;0.0;0.0
cancellation.c;38;0.699946;0.699946;0.0;0.0
pthread_mutex_lock.c;160;0.659968;0.659968;0.0;0.0
page0cur.cc;231;0.569969;0.569969;0.0;0.0
btr0cur.cc;1269;0.509965;0.509965;0.0;0.0
my_alloc.c;271;0.479954;0.479954;0.0;0.0
sql_select.cc;13462;0.449973;0.449973;0.0;0.0
memmove-vec-unaligned-erms.S;392;0.430007;0.430007;0.0;0.0
srw_lock.h;332;0.429970;0.429970;0.0;0.0
strlen-avx2.S;85;0.390004;0.390004;0.0;0.0
memcmp-avx2-movbe.S;416;0.379991;0.379991;0.0;0.0
atomic_base.h;641;0.379968;0.379968;0.0;0.0
sql_list.h;154;0.349998;0.349998;0.0;0.0
protocol.cc;1199;0.339999;0.339999;0.0;0.0
item.cc;3768;0.329978;0.329978;0.0;0.0
memmove-vec-unaligned-erms.S;378;0.319990;0.319990;0.0;0.0
ha_innodb.cc;16611;0.309984;0.309984;0.0;0.0
my_alloc.c;361;0.309982;0.309982;0.0;0.0
strcoll.inl;229;0.299985;0.299985;0.0;0.0
my_alloc.c;360;0.299980;0.299980;0.0;0.0
mysql_stage.h;112;0.289990;0.289990;0.0;0.0
ha_innodb.cc;2708;0.289989;0.289989;0.0;0.0
string_fortified.h;59;0.279991;0.279991;0.0;0.0
sql_profile.h;322;0.279982;0.279982;0.0;0.0
memcmp-avx2-movbe.S;417;0.269978;0.269978;0.0;0.0
memmove-vec-unaligned-erms.S;377;0.259988;0.259988;0.0;0.0
item.cc;6612;0.259981;0.259981;0.0;0.0
lf_dynarray.c;96;0.249988;0.249988;0.0;0.0
pthread_mutex_lock.c;71;0.249988;0.249988;0.0;0.0
page0page.h;667;0.249983;0.249983;0.0;0.0
lf_hash.cc;130;0.239992;0.239992;0.0;0.0
crc32c_amd64.cc;149;0.239987;0.239987;0.0;0.0
my_alloc.c;356;0.239985;0.239985;0.0;0.0
item_cmpfunc.cc;7594;0.239985;0.239985;0.0;0.0
mdl.cc;1113;0.239965;0.239965;0.0;0.0
viosocket.c;255;0.229988;0.229988;0.0;0.0
memcmp-avx2-movbe.S;167;0.229985;0.229985;0.0;0.0
lf_hash.cc;456;0.229983;0.229983;0.0;0.0
rem0cmp.cc;329;0.219996;0.219996;0.0;0.0
pthread_mutex_unlock.c;359;0.219992;0.219992;0.0;0.0
my_bit.h;161;0.219988;0.219988;0.0;0.0
lf_hash.cc;111;0.219985;0.219985;0.0;0.0
sql_class.cc;3428;0.209993;0.209993;0.0;0.0
page0page.h;622;0.209990;0.209990;0.0;0.0
item_cmpfunc.cc;7604;0.209988;0.209988;0.0;0.0
lf_alloc-pin.c;299;0.209987;0.209987;0.0;0.0
cset_narrowing.h;83;0.209986;0.209986;0.0;0.0
sql_select.cc;1943;0.209975;0.209975;0.0;0.0
buf0buf.h;1778;0.200007;0.200007;0.0;0.0
rem0rec.cc;827;0.199990;0.199990;0.0;0.0
ha_innodb.cc;2653;0.199989;0.199989;0.0;0.0
sql_class.h;5295;0.199985;0.199985;0.0;0.0
page0cur.cc;585;0.199984;0.199984;0.0;0.0
dict0dict.cc;443;0.199983;0.199983;0.0;0.0
field.h;2887;0.190003;0.190003;0.0;0.0
ha_innodb.cc;7337;0.189993;0.189993;0.0;0.0
my_byteorder.h;56;0.189988;0.189988;0.0;0.0
item_cmpfunc.h;3618;0.179990;0.179990;0.0;0.0
sql_parse.cc;6136;0.179990;0.179990;0.0;0.0
item_func.cc;143;0.179990;0.179990;0.0;0.0
lf_hash.cc;111;0.179990;0.179990;0.0;0.0
item.h;4522;0.179989;0.179989;0.0;0.0
field.cc;7812;0.179988;0.179988;0.0;0.0
sql_explain.h;214;0.179987;0.179987;0.0;0.0
sql_error.h;1063;0.179981;0.179981;0.0;0.0
item_func.cc;418;0.179977;0.179977;0.0;0.0
strings_def.h;100;0.169991;0.169991;0.0;0.0
lf_hash.cc;128;0.169991;0.169991;0.0;0.0
page0cur.cc;340;0.169990;0.169990;0.0;0.0
sql_parse.cc;2381;0.169989;0.169989;0.0;0.0
lf_hash.cc;108;0.169988;0.169988;0.0;0.0
opt_subselect.cc;4079;0.169980;0.169980;0.0;0.0
memmove-vec-unaligned-erms.S;376;0.160002;0.160002;0.0;0.0
malloc.c;3007;0.159995;0.159995;0.0;0.0
sql_class.cc;3237;0.159994;0.159994;0.0;0.0
item.h;5995;0.159994;0.159994;0.0;0.0
sql_list.h;440;0.159994;0.159994;0.0;0.0
rem0cmp.cc;207;0.159993;0.159993;0.0;0.0
item.h;3864;0.159993;0.159993;0.0;0.0
sql_select.cc;26093;0.159992;0.159992;0.0;0.0
sql_type.h;5474;0.159990;0.159990;0.0;0.0
page0cur.cc;580;0.159990;0.159990;0.0;0.0
item_cmpfunc.cc;7595;0.159989;0.159989;0.0;0.0
sql_statistics.cc;3259;0.159988;0.159988;0.0;0.0
page0cur.cc;877;0.159986;0.159986;0.0;0.0
sql_list.h;428;0.159986;0.159986;0.0;0.0
ha_innodb.cc;7340;0.159985;0.159985;0.0;0.0
sql_class.cc;6490;0.149995;0.149995;0.0;0.0
sql_lex.cc;5138;0.149994;0.149994;0.0;0.0
row0sel.cc;4579;0.149993;0.149993;0.0;0.0
sql_lex.h;1452;0.149993;0.149993;0.0;0.0
ha_innodb.cc;16257;0.149992;0.149992;0.0;0.0
ha_innodb.cc;5203;0.149992;0.149992;0.0;0.0
net_serv.cc;618;0.149992;0.149992;0.0;0.0
protocol.cc;1735;0.149991;0.149991;0.0;0.0
sql_list.h;824;0.149990;0.149990;0.0;0.0
lf_hash.cc;213;0.149990;0.149990;0.0;0.0
sql_select.cc;16215;0.149990;0.149990;0.0;0.0
lf_hash.cc;125;0.149990;0.149990;0.0;0.0
malloc.c;3293;0.149990;0.149990;0.0;0.0
array.c;239;0.149989;0.149989;0.0;0.0
sql_base.cc;1629;0.149986;0.149986;0.0;0.0
cleanup_compat.c;40;0.149975;0.149975;0.0;0.0
sql_select.cc;31254;0.149961;0.149961;0.0;0.0
item.h;1271;0.140008;0.140008;0.0;0.0
rem0cmp.cc;322;0.139998;0.139998;0.0;0.0
sql_explain.cc;3037;0.139995;0.139995;0.0;0.0
sql_audit.cc;148;0.139993;0.139993;0.0;0.0
trx0trx.cc;1556;0.139993;0.139993;0.0;0.0
protocol.cc;1247;0.139993;0.139993;0.0;0.0
strcmp-avx2.S;289;0.139992;0.139992;0.0;0.0
sql_list.h;426;0.139992;0.139992;0.0;0.0
sql_select.cc;4368;0.139992;0.139992;0.0;0.0
item_func.h;214;0.139991;0.139991;0.0;0.0
handler.cc;8000;0.139990;0.139990;0.0;0.0
ha_innodb.cc;16621;0.139990;0.139990;0.0;0.0
sql_parse.cc;2450;0.139990;0.139990;0.0;0.0
pthread_getspecific.c;55;0.139990;0.139990;0.0;0.0
handler.cc;6449;0.139989;0.139989;0.0;0.0
sql_select.cc;29940;0.139988;0.139988;0.0;0.0
item.h;4764;0.139987;0.139987;0.0;0.0
field.h;1321;0.139982;0.139982;0.0;0.0
sql_base.cc;4686;0.130005;0.130005;0.0;0.0
sql_select.cc;5134;0.130005;0.130005;0.0;0.0
sql_lex.h;3898;0.130002;0.130002;0.0;0.0
buf0buf.h;1774;0.129998;0.129998;0.0;0.0
my_json_writer.h;469;0.129997;0.129997;0.0;0.0
sql_select.cc;17019;0.129996;0.129996;0.0;0.0
stl_algobase.h;239;0.129994;0.129994;0.0;0.0
field.cc;2246;0.129994;0.129994;0.0;0.0
memset-vec-unaligned-erms.S;350;0.129994;0.129994;0.0;0.0
item_func.cc;448;0.129994;0.129994;0.0;0.0
item.h;2731;0.129993;0.129993;0.0;0.0
strings_def.h;98;0.129992;0.129992;0.0;0.0
field.h;2216;0.129992;0.129992;0.0;0.0
send.c;32;0.129992;0.129992;0.0;0.0
sql_prepare.cc;386;0.129992;0.129992;0.0;0.0
sql_prepare.cc;354;0.129992;0.129992;0.0;0.0
sql_parse.cc;6260;0.129992;0.129992;0.0;0.0
trx0trx.h;1151;0.129992;0.129992;0.0;0.0
sql_select.cc;5266;0.129991;0.129991;0.0;0.0
sql_select.cc;5240;0.129991;0.129991;0.0;0.0
sql_lex.cc;5305;0.129991;0.129991;0.0;0.0
handler.cc;7728;0.129990;0.129990;0.0;0.0
lf_hash.cc;305;0.129988;0.129988;0.0;0.0
item_cmpfunc.cc;521;0.129988;0.129988;0.0;0.0
sql_parse.cc;2491;0.129985;0.129985;0.0;0.0
sql_prepare.cc;968;0.129985;0.129985;0.0;0.0
sql_select.cc;17050;0.120023;0.120023;0.0;0.0
field.h;2689;0.120005;0.120005;0.0;0.0
mysql_thread.h;745;0.119999;0.119999;0.0;0.0
item_cmpfunc.cc;438;0.119998;0.119998;0.0;0.0
malloc.c;3039;0.119997;0.119997;0.0;0.0
table_cache.cc;448;0.119996;0.119996;0.0;0.0
memmove-vec-unaligned-erms.S;395;0.119995;0.119995;0.0;0.0
rem0cmp.cc;323;0.119995;0.119995;0.0;0.0
item.h;6157;0.119994;0.119994;0.0;0.0
sql_type.cc;1938;0.119994;0.119994;0.0;0.0
protocol.cc;1052;0.119994;0.119994;0.0;0.0
string_fortified.h;29;0.119993;0.119993;0.0;0.0
lock.cc;379;0.119993;0.119993;0.0;0.0
item.cc;432;0.119993;0.119993;0.0;0.0
sql_bitmap.h;78;0.119993;0.119993;0.0;0.0
sql_parse.cc;3767;0.119993;0.119993;0.0;0.0
page0cur.cc;672;0.119992;0.119992;0.0;0.0
strcoll.inl;246;0.119992;0.119992;0.0;0.0
sql_class.cc;6161;0.119992;0.119992;0.0;0.0
sql_cte.cc;113;0.119992;0.119992;0.0;0.0
sql_type.cc;35;0.119991;0.119991;0.0;0.0
item_func.cc;445;0.119991;0.119991;0.0;0.0
page0page.h;664;0.119991;0.119991;0.0;0.0
sql_limit.h;44;0.119991;0.119991;0.0;0.0
strlen-avx2.S;77;0.119991;0.119991;0.0;0.0
sql_parse.cc;1688;0.119991;0.119991;0.0;0.0
ha_innodb.cc;17030;0.119990;0.119990;0.0;0.0
strcoll.inl;149;0.119990;0.119990;0.0;0.0
sql_prepare.cc;4698;0.119990;0.119990;0.0;0.0
item_cmpfunc.cc;421;0.119989;0.119989;0.0;0.0
sql_type.cc;34;0.119988;0.119988;0.0;0.0
item.h;3930;0.110014;0.110014;0.0;0.0
item.h;2039;0.110011;0.110011;0.0;0.0
page0cur.cc;169;0.109998;0.109998;0.0;0.0
sql_connect.cc;1512;0.109998;0.109998;0.0;0.0
pthread_mutex_unlock.c;43;0.109996;0.109996;0.0;0.0
sql_class.h;5303;0.109996;0.109996;0.0;0.0
lf_hash.cc;125;0.109996;0.109996;0.0;0.0
item.cc;3769;0.109996;0.109996;0.0;0.0
lock.cc;472;0.109995;0.109995;0.0;0.0
clock_gettime.c;30;0.109995;0.109995;0.0;0.0
buf0buf.inl;40;0.109995;0.109995;0.0;0.0
memmove-vec-unaligned-erms.S;387;0.109994;0.109994;0.0;0.0
structs.h;531;0.109994;0.109994;0.0;0.0
small_vector.h;120;0.109993;0.109993;0.0;0.0
sql_base.cc;1001;0.109993;0.109993;0.0;0.0
my_thr_init.c;371;0.109993;0.109993;0.0;0.0
item.h;4762;0.109993;0.109993;0.0;0.0
ha_innodb.cc;15182;0.109993;0.109993;0.0;0.0
ha_innodb.cc;7741;0.109993;0.109993;0.0;0.0
sql_string.h;315;0.109993;0.109993;0.0;0.0
sql_select.cc;31694;0.109993;0.109993;0.0;0.0
net_serv.cc;898;0.109993;0.109993;0.0;0.0
lf_hash.cc;304;0.109993;0.109993;0.0;0.0
lock.cc;819;0.109992;0.109992;0.0;0.0
item.cc;11799;0.109992;0.109992;0.0;0.0
mysqld.cc;3790;0.109992;0.109992;0.0;0.0
array.c;340;0.109992;0.109992;0.0;0.0
table.cc;8922;0.109992;0.109992;0.0;0.0
sql_base.cc;4776;0.109992;0.109992;0.0;0.0
handler.cc;8044;0.109991;0.109991;0.0;0.0
ctype-unidata.h;129;0.109991;0.109991;0.0;0.0
ha_innodb.cc;15094;0.109991;0.109991;0.0;0.0
item.cc;587;0.109990;0.109990;0.0;0.0
mtr0mtr.cc;587;0.109990;0.109990;0.0;0.0
dict0dict.inl;67;0.109990;0.109990;0.0;0.0
sql_prepare.cc;617;0.109989;0.109989;0.0;0.0
temporary_tables.cc;45;0.109988;0.109988;0.0;0.0
item.cc;441;0.100028;0.100028;0.0;0.0
memmove-vec-unaligned-erms.S;464;0.099999;0.099999;0.0;0.0
sql_select.cc;26133;0.099998;0.099998;0.0;0.0
sql_class.cc;4907;0.099998;0.099998;0.0;0.0
sql_class.h;4278;0.099997;0.099997;0.0;0.0
sql_union.cc;2770;0.099997;0.099997;0.0;0.0
mdl.cc;1518;0.099996;0.099996;0.0;0.0
sql_select.cc;1883;0.099996;0.099996;0.0;0.0
row0sel.cc;4369;0.099996;0.099996;0.0;0.0
ctype-bin.c;87;0.099996;0.099996;0.0;0.0
sql_base.cc;8344;0.099996;0.099996;0.0;0.0
my_alloc.c;314;0.099996;0.099996;0.0;0.0
trx0trx.cc;994;0.099996;0.099996;0.0;0.0
item.cc;3380;0.099996;0.099996;0.0;0.0
sql_select.cc;13137;0.099996;0.099996;0.0;0.0
ha_innodb.cc;4763;0.099995;0.099995;0.0;0.0
row0sel.cc;5621;0.099995;0.099995;0.0;0.0
fil0fil.h;1389;0.099995;0.099995;0.0;0.0
sql_select.cc;19813;0.099995;0.099995;0.0;0.0
sql_class.cc;4413;0.099995;0.099995;0.0;0.0
thr_rwlock.c;127;0.099994;0.099994;0.0;0.0
field.h;2676;0.099994;0.099994;0.0;0.0
sql_base.cc;9038;0.099994;0.099994;0.0;0.0
item.cc;11802;0.099994;0.099994;0.0;0.0
srw_lock.h;251;0.099994;0.099994;0.0;0.0
mf_qsort.c;116;0.099994;0.099994;0.0;0.0
malloc.c;3038;0.099994;0.099994;0.0;0.0
opt_trace.cc;57;0.099993;0.099993;0.0;0.0
sql_select.cc;13133;0.099992;0.099992;0.0;0.0
mdl.cc;2703;0.099992;0.099992;0.0;0.0
poll.c;29;0.099992;0.099992;0.0;0.0
sql_select.cc;7482;0.099991;0.099991;0.0;0.0
sql_select.cc;13142;0.099991;0.099991;0.0;0.0
ha_innodb.cc;7369;0.099991;0.099991;0.0;0.0
ctype-ascii.h;110;0.099991;0.099991;0.0;0.0
my_alloc.c;360;0.099990;0.099990;0.0;0.0
item_func.cc;157;0.099987;0.099987;0.0;0.0
strings_def.h;222;0.090011;0.090011;0.0;0.0
item_cmpfunc.cc;7432;0.090010;0.090010;0.0;0.0
opt_context_store_replay.cc;2390;0.090003;0.090003;0.0;0.0
sql_explain.cc;56;0.089998;0.089998;0.0;0.0
sql_select.cc;31106;0.089998;0.089998;0.0;0.0
trx0trx.cc;1753;0.089998;0.089998;0.0;0.0
item.cc;6910;0.089998;0.089998;0.0;0.0
array.c;348;0.089997;0.089997;0.0;0.0
memset-vec-unaligned-erms.S;199;0.089997;0.089997;0.0;0.0
sql_select.cc;5652;0.089997;0.089997;0.0;0.0
item.cc;7497;0.089997;0.089997;0.0;0.0
item.h;3927;0.089997;0.089997;0.0;0.0
multi_range_read.cc;1478;0.089996;0.089996;0.0;0.0
net_serv.cc;730;0.089996;0.089996;0.0;0.0
sql_class.cc;3390;0.089996;0.089996;0.0;0.0
row0sel.cc;964;0.089996;0.089996;0.0;0.0
my_alloc.c;532;0.089996;0.089996;0.0;0.0
ha_innodb.cc;7371;0.089995;0.089995;0.0;0.0
sql_bitmap.h;168;0.089995;0.089995;0.0;0.0
opt_vcol_substitution.cc;136;0.089995;0.089995;0.0;0.0
item.h;1742;0.089995;0.089995;0.0;0.0
sql_error.h;756;0.089995;0.089995;0.0;0.0
sql_select.h;2008;0.089995;0.089995;0.0;0.0
crc32c_amd64.cc;188;0.089995;0.089995;0.0;0.0
sql_select.cc;5190;0.089995;0.089995;0.0;0.0
my_json_writer.h;646;0.089995;0.089995;0.0;0.0
rem0rec.cc;429;0.089994;0.089994;0.0;0.0
sql_class.h;3513;0.089994;0.089994;0.0;0.0
lock.cc;785;0.089994;0.089994;0.0;0.0
opt_vcol_substitution.cc;127;0.089994;0.089994;0.0;0.0
item_func.cc;533;0.089994;0.089994;0.0;0.0
sql_explain.cc;1767;0.089994;0.089994;0.0;0.0
send.c;28;0.089994;0.089994;0.0;0.0
sql_select.cc;968;0.089994;0.089994;0.0;0.0
sql_select.cc;2854;0.089993;0.089993;0.0;0.0
sql_select.cc;17659;0.089993;0.089993;0.0;0.0
my_byteorder.h;202;0.089993;0.089993;0.0;0.0
sql_select.cc;7599;0.089993;0.089993;0.0;0.0
sql_statistics.cc;3320;0.089993;0.089993;0.0;0.0
sql_list.h;427;0.089993;0.089993;0.0;0.0
btr0cur.cc;1550;0.089992;0.089992;0.0;0.0
opt_split.cc;1469;0.089992;0.089992;0.0;0.0
sql_prepare.cc;3217;0.089992;0.089992;0.0;0.0
net_serv.cc;395;0.089992;0.089992;0.0;0.0
item_cmpfunc.cc;690;0.089991;0.089991;0.0;0.0
sql_select.cc;5146;0.089989;0.089989;0.0;0.0
sql_base.cc;8608;0.089988;0.089988;0.0;0.0
item_cmpfunc.cc;433;0.089987;0.089987;0.0;0.0
lf_hash.cc;162;0.089964;0.089964;0.0;0.0
buf0buf.cc;2738;0.080018;0.080018;0.0;0.0
item.h;2734;0.080009;0.080009;0.0;0.0
my_thr_init.c;369;0.080007;0.080007;0.0;0.0
sql_class.cc;459;0.079999;0.079999;0.0;0.0
sql_select.cc;7849;0.079999;0.079999;0.0;0.0
sql_select.cc;5875;0.079998;0.079998;0.0;0.0
ha_innodb.cc;7231;0.079998;0.079998;0.0;0.0
ha_innodb.cc;9256;0.079998;0.079998;0.0;0.0
sql_select.cc;12727;0.079998;0.079998;0.0;0.0
table.cc;8932;0.079997;0.079997;0.0;0.0
table_cache.cc;455;0.079997;0.079997;0.0;0.0
table.h;3190;0.079997;0.079997;0.0;0.0
ha_innodb.cc;7706;0.079997;0.079997;0.0;0.0
buf0buf.cc;2704;0.079997;0.079997;0.0;0.0
lf_hash.cc;435;0.079997;0.079997;0.0;0.0
sql_lex.h;1764;0.079997;0.079997;0.0;0.0
memmove-vec-unaligned-erms.S;379;0.079997;0.079997;0.0;0.0
item.h;2039;0.079997;0.079997;0.0;0.0
my_bit.h;161;0.079996;0.079996;0.0;0.0
sql_select.cc;13033;0.079996;0.079996;0.0;0.0
field.h;2869;0.079996;0.079996;0.0;0.0
sql_select.cc;21329;0.079996;0.079996;0.0;0.0
ha_innodb.cc;2671;0.079996;0.079996;0.0;0.0
protocol.cc;1842;0.079996;0.079996;0.0;0.0
net_serv.cc;726;0.079996;0.079996;0.0;0.0
handler.cc;6524;0.079996;0.079996;0.0;0.0
my_bit.h;160;0.079996;0.079996;0.0;0.0
item.h;4058;0.079996;0.079996;0.0;0.0
dict0dict.inl;170;0.079996;0.079996;0.0;0.0
sql_select.cc;619;0.079996;0.079996;0.0;0.0
sql_select.cc;17864;0.079996;0.079996;0.0;0.0
sql_select.cc;4838;0.079996;0.079996;0.0;0.0
sql_type.cc;207;0.079996;0.079996;0.0;0.0
sql_error.h;1063;0.079996;0.079996;0.0;0.0
sql_class.cc;4926;0.079996;0.079996;0.0;0.0
lex_string.h;29;0.079996;0.079996;0.0;0.0
field.h;2674;0.079996;0.079996;0.0;0.0
sql_select.cc;7395;0.079995;0.079995;0.0;0.0
field.h;925;0.079995;0.079995;0.0;0.0
sql_select.cc;8242;0.079995;0.079995;0.0;0.0
buf0buf.cc;2932;0.079995;0.079995;0.0;0.0
ha_innodb.cc;2716;0.079995;0.079995;0.0;0.0
field.h;1518;0.079995;0.079995;0.0;0.0
row0sel.cc;2600;0.079995;0.079995;0.0;0.0
ut0byte.h;92;0.079995;0.079995;0.0;0.0
buf0lru.cc;686;0.079995;0.079995;0.0;0.0
atomic_base.h;501;0.079995;0.079995;0.0;0.0
sql_select.cc;972;0.079995;0.079995;0.0;0.0
opt_trace_context.h;108;0.079995;0.079995;0.0;0.0
memmove-vec-unaligned-erms.S;381;0.079995;0.079995;0.0;0.0
sql_explain.h;214;0.079995;0.079995;0.0;0.0
sql_select.cc;29078;0.079994;0.079994;0.0;0.0
lf_hash.cc;220;0.079994;0.079994;0.0;0.0
handler.cc;2096;0.079994;0.079994;0.0;0.0
sql_parse.cc;3563;0.079994;0.079994;0.0;0.0
my_alloc.c;409;0.079994;0.079994;0.0;0.0
sql_select.cc;18767;0.079994;0.079994;0.0;0.0
sql_plist.h;124;0.079993;0.079993;0.0;0.0
opt_trace.cc;54;0.079993;0.079993;0.0;0.0
sql_type.cc;1698;0.079993;0.079993;0.0;0.0
sql_select.cc;13776;0.079993;0.079993;0.0;0.0
sql_select.cc;21330;0.079993;0.079993;0.0;0.0
sql_alloc.h;37;0.079993;0.079993;0.0;0.0
protocol.cc;373;0.079993;0.079993;0.0;0.0
sql_type.h;5473;0.079993;0.079993;0.0;0.0
sql_statistics.cc;3264;0.079993;0.079993;0.0;0.0
field.h;1547;0.079992;0.079992;0.0;0.0
table.cc;6047;0.079992;0.079992;0.0;0.0
thr_rwlock.c;206;0.079992;0.079992;0.0;0.0
item_cmpfunc.cc;687;0.079991;0.079991;0.0;0.0
sql_type.cc;1918;0.079990;0.079990;0.0;0.0
sql_select.cc;17415;0.079986;0.079986;0.0;0.0
handler.h;4392;0.079982;0.079982;0.0;0.0
table.cc;3980;0.070014;0.070014;0.0;0.0
sql_select.cc;13863;0.070012;0.070012;0.0;0.0
field.cc;2649;0.070010;0.070010;0.0;0.0
sql_base.cc;9165;0.070007;0.070007;0.0;0.0
psi_noop.c;867;0.070007;0.070007;0.0;0.0
opt_subselect.cc;6707;0.070007;0.070007;0.0;0.0
sql_select.cc;24233;0.070002;0.070002;0.0;0.0
sql_select.cc;5810;0.070001;0.070001;0.0;0.0
sql_acl.cc;9944;0.069999;0.069999;0.0;0.0
sql_connect.cc;1456;0.069999;0.069999;0.0;0.0
rem0rec.cc;1971;0.069999;0.069999;0.0;0.0
mysql_statement.h;214;0.069999;0.069999;0.0;0.0
psi_noop.c;170;0.069998;0.069998;0.0;0.0
sql_class.cc;8907;0.069998;0.069998;0.0;0.0
ha_innodb.cc;5217;0.069998;0.069998;0.0;0.0
dict0mem.h;2832;0.069998;0.069998;0.0;0.0
table.cc;5375;0.069998;0.069998;0.0;0.0
viosocket.c;157;0.069998;0.069998;0.0;0.0
page0cur.cc;227;0.069998;0.069998;0.0;0.0
mtr0mtr.cc;347;0.069998;0.069998;0.0;0.0
sql_base.cc;4371;0.069998;0.069998;0.0;0.0
sql_select.cc;964;0.069998;0.069998;0.0;0.0
sql_class.h;5294;0.069998;0.069998;0.0;0.0
row0sel.cc;3079;0.069998;0.069998;0.0;0.0
table.cc;8950;0.069997;0.069997;0.0;0.0
item.h;6001;0.069997;0.069997;0.0;0.0
item.h;1151;0.069997;0.069997;0.0;0.0
sql_select.cc;2019;0.069997;0.069997;0.0;0.0
ha_innodb.cc;7149;0.069997;0.069997;0.0;0.0
pthread_mutex_lock.c;76;0.069997;0.069997;0.0;0.0
sql_select.cc;17340;0.069997;0.069997;0.0;0.0
sql_type.cc;9122;0.069997;0.069997;0.0;0.0
opt_rewrite_remove_casefold.cc;127;0.069997;0.069997;0.0;0.0
item.h;2734;0.069997;0.069997;0.0;0.0
opt_range.cc;4189;0.069997;0.069997;0.0;0.0
sql_select.cc;4351;0.069996;0.069996;0.0;0.0
memmove-vec-unaligned-erms.S;396;0.069996;0.069996;0.0;0.0
opt_subselect.cc;605;0.069996;0.069996;0.0;0.0
rem0rec.h;605;0.069996;0.069996;0.0;0.0
strcoll.inl;234;0.069996;0.069996;0.0;0.0
buf0buf.cc;2913;0.069996;0.069996;0.0;0.0
sql_class.cc;4402;0.069996;0.069996;0.0;0.0
row0sel.cc;2802;0.069996;0.069996;0.0;0.0
sql_select.cc;1205;0.069996;0.069996;0.0;0.0
sql_select.cc;16799;0.069996;0.069996;0.0;0.0
sql_class.h;4911;0.069996;0.069996;0.0;0.0
item.cc;4931;0.069996;0.069996;0.0;0.0
opt_subselect.cc;2332;0.069995;0.069995;0.0;0.0
item_cmpfunc.h;3622;0.069995;0.069995;0.0;0.0
page0cur.cc;276;0.069995;0.069995;0.0;0.0
handler.cc;1757;0.069995;0.069995;0.0;0.0
memmove-vec-unaligned-erms.S;325;0.069995;0.069995;0.0;0.0
item.h;1289;0.069995;0.069995;0.0;0.0
memcmp-avx2-movbe.S;415;0.069995;0.069995;0.0;0.0
item_func.cc;566;0.069995;0.069995;0.0;0.0
item_func.cc;425;0.069995;0.069995;0.0;0.0
sql_select.cc;31584;0.069995;0.069995;0.0;0.0
mysqld.cc;1226;0.069995;0.069995;0.0;0.0
page0cur.cc;533;0.069995;0.069995;0.0;0.0
sql_list.h;438;0.069995;0.069995;0.0;0.0
sql_select.cc;1956;0.069995;0.069995;0.0;0.0
sql_select.cc;2180;0.069995;0.069995;0.0;0.0
sql_lex.h;4964;0.069995;0.069995;0.0;0.0
sql_prepare.cc;5600;0.069995;0.069995;0.0;0.0
my_alloc.c;311;0.069994;0.069994;0.0;0.0
sql_class.cc;6168;0.069994;0.069994;0.0;0.0
sql_parse.cc;3500;0.069994;0.069994;0.0;0.0
ha_innodb.cc;9328;0.069994;0.069994;0.0;0.0
lf_hash.cc;493;0.069994;0.069994;0.0;0.0
viosocket.c;398;0.069994;0.069994;0.0;0.0
mysql_statement.h;172;0.069993;0.069993;0.0;0.0
trx0trx.cc;1766;0.069993;0.069993;0.0;0.0
item.cc;11833;0.069993;0.069993;0.0;0.0
trx0trx.cc;1520;0.069993;0.069993;0.0;0.0
sql_select.cc;14509;0.069992;0.069992;0.0;0.0
ilist.h;181;0.069992;0.069992;0.0;0.0
sql_parse.cc;1659;0.069992;0.069992;0.0;0.0
handler.cc;2134;0.069992;0.069992;0.0;0.0
sql_base.cc;888;0.069991;0.069991;0.0;0.0
mysqld.cc;3851;0.069991;0.069991;0.0;0.0
sql_profile.h;322;0.069991;0.069991;0.0;0.0
item_cmpfunc.cc;535;0.069990;0.069990;0.0;0.0
sql_select.cc;3268;0.069990;0.069990;0.0;0.0
sql_select.cc;2870;0.069989;0.069989;0.0;0.0
field.cc;7565;0.069989;0.069989;0.0;0.0
sql_select.cc;972;0.060018;0.060018;0.0;0.0
mdl.h;425;0.060013;0.060013;0.0;0.0
sql_plist.h;99;0.060000;0.060000;0.0;0.0
sql_select.cc;16831;0.060000;0.060000;0.0;0.0
dict0dict.cc;3877;0.060000;0.060000;0.0;0.0
sql_select.cc;18386;0.060000;0.060000;0.0;0.0
sql_select.cc;31217;0.059999;0.059999;0.0;0.0
clock_gettime.c;40;0.059999;0.059999;0.0;0.0
sql_prepare.cc;3649;0.059999;0.059999;0.0;0.0
mysql_stage.h;112;0.059999;0.059999;0.0;0.0
protocol.cc;1738;0.059999;0.059999;0.0;0.0
buf0buf.h;1465;0.059999;0.059999;0.0;0.0
memmove-vec-unaligned-erms.S;255;0.059999;0.059999;0.0;0.0
sql_select.cc;5242;0.059999;0.059999;0.0;0.0
opt_subselect.cc;2548;0.059999;0.059999;0.0;0.0
field.h;1198;0.059999;0.059999;0.0;0.0
sql_analyze_stmt.h;102;0.059999;0.059999;0.0;0.0
sql_select.cc;33116;0.059999;0.059999;0.0;0.0
item.h;1742;0.059999;0.059999;0.0;0.0
net_serv.cc;412;0.059998;0.059998;0.0;0.0
my_alloc.c;422;0.059998;0.059998;0.0;0.0
sql_select.cc;7317;0.059998;0.059998;0.0;0.0
handler.h;4967;0.059998;0.059998;0.0;0.0
lf_hash.cc;499;0.059998;0.059998;0.0;0.0
mdl.h;344;0.059998;0.059998;0.0;0.0
item.cc;7278;0.059998;0.059998;0.0;0.0
item.h;832;0.059998;0.059998;0.0;0.0
sql_parse.cc;1613;0.059998;0.059998;0.0;0.0
sql_explain.h;790;0.059998;0.059998;0.0;0.0
ha_innodb.cc;2707;0.059998;0.059998;0.0;0.0
row0sel.cc;2956;0.059998;0.059998;0.0;0.0
item_cmpfunc.cc;7613;0.059998;0.059998;0.0;0.0
sql_prepare.cc;3648;0.059997;0.059997;0.0;0.0
hash.c;234;0.059997;0.059997;0.0;0.0
opt_subselect.cc;5570;0.059997;0.059997;0.0;0.0
item.h;4565;0.059997;0.059997;0.0;0.0
ha_innodb.cc;15242;0.059997;0.059997;0.0;0.0
lf_alloc-pin.c;340;0.059997;0.059997;0.0;0.0
sql_class.h;5857;0.059997;0.059997;0.0;0.0
sql_select.cc;505;0.059997;0.059997;0.0;0.0
item_cmpfunc.h;660;0.059997;0.059997;0.0;0.0
ha_innodb.cc;4758;0.059997;0.059997;0.0;0.0
transaction.cc;479;0.059997;0.059997;0.0;0.0
ha_innodb.cc;9320;0.059997;0.059997;0.0;0.0
my_alloc.c;425;0.059997;0.059997;0.0;0.0
item.h;4629;0.059997;0.059997;0.0;0.0
btr0sea.cc;1698;0.059997;0.059997;0.0;0.0
sql_select.cc;6915;0.059997;0.059997;0.0;0.0
table.cc;4982;0.059997;0.059997;0.0;0.0
sql_select.cc;4581;0.059997;0.059997;0.0;0.0
protocol.cc;1036;0.059997;0.059997;0.0;0.0
sql_select.cc;17484;0.059997;0.059997;0.0;0.0
mdl.cc;2897;0.059997;0.059997;0.0;0.0
sql_base.cc;2435;0.059997;0.059997;0.0;0.0
ha_innodb.cc;7239;0.059997;0.059997;0.0;0.0
sql_select.cc;5916;0.059997;0.059997;0.0;0.0
sql_lex.h;3827;0.059996;0.059996;0.0;0.0
row0mysql.cc;1021;0.059996;0.059996;0.0;0.0
sql_select.h;858;0.059996;0.059996;0.0;0.0
mysql_mdl.h;113;0.059996;0.059996;0.0;0.0
sql_prepare.cc;3260;0.059996;0.059996;0.0;0.0
sql_select.cc;1475;0.059996;0.059996;0.0;0.0
sql_select.cc;5442;0.059996;0.059996;0.0;0.0
row0sel.cc;5770;0.059996;0.059996;0.0;0.0
sql_prepare.cc;5430;0.059996;0.059996;0.0;0.0
array.c;249;0.059996;0.059996;0.0;0.0
sql_parse.cc;3988;0.059996;0.059996;0.0;0.0
buf0buf.cc;330;0.059996;0.059996;0.0;0.0
item_cmpfunc.cc;7539;0.059996;0.059996;0.0;0.0
crc32c.cc;532;0.059996;0.059996;0.0;0.0
sql_list.h;418;0.059996;0.059996;0.0;0.0
sql_class.cc;3325;0.059996;0.059996;0.0;0.0
sql_class.cc;9021;0.059996;0.059996;0.0;0.0
opt_subselect.cc;632;0.059996;0.059996;0.0;0.0
sql_parse.cc;3510;0.059996;0.059996;0.0;0.0
field.cc;2626;0.059996;0.059996;0.0;0.0
item.h;4546;0.059996;0.059996;0.0;0.0
opt_context_store_replay.cc;2389;0.059996;0.059996;0.0;0.0
page0cur.cc;217;0.059996;0.059996;0.0;0.0
field.cc;7801;0.059996;0.059996;0.0;0.0
sql_class.cc;6509;0.059996;0.059996;0.0;0.0
mdl.cc;3532;0.059996;0.059996;0.0;0.0
sql_prepare.cc;969;0.059996;0.059996;0.0;0.0
small_vector.h;42;0.059995;0.059995;0.0;0.0
sql_class.cc;3455;0.059995;0.059995;0.0;0.0
pfs.cc;2540;0.059995;0.059995;0.0;0.0
item.cc;7495;0.059995;0.059995;0.0;0.0
mdl.cc;1565;0.059995;0.059995;0.0;0.0
sql_class.cc;1240;0.059995;0.059995;0.0;0.0
sql_base.cc;805;0.059995;0.059995;0.0;0.0
my_json_writer.h;323;0.059995;0.059995;0.0;0.0
mysql_statement.h;234;0.059995;0.059995;0.0;0.0
sql_select.cc;3342;0.059995;0.059995;0.0;0.0
row0sel.cc;5723;0.059995;0.059995;0.0;0.0
sql_select.cc;6090;0.059995;0.059995;0.0;0.0
field.cc;11421;0.059995;0.059995;0.0;0.0
sql_select.cc;29396;0.059995;0.059995;0.0;0.0
sql_parse.cc;6233;0.059995;0.059995;0.0;0.0
row0mysql.cc;1029;0.059995;0.059995;0.0;0.0
data0data.h;604;0.059994;0.059994;0.0;0.0
lf_hash.cc;473;0.059994;0.059994;0.0;0.0
my_alloc.c;690;0.059993;0.059993;0.0;0.0
ha_innodb.cc;7480;0.059993;0.059993;0.0;0.0
psi_noop.c;507;0.059993;0.059993;0.0;0.0
sql_lex.h;1916;0.059993;0.059993;0.0;0.0
pthread_getspecific.c;24;0.059993;0.059993;0.0;0.0
sql_select.cc;33117;0.059993;0.059993;0.0;0.0
sql_acl.cc;10319;0.059991;0.059991;0.0;0.0
lf_hash.cc;546;0.059987;0.059987;0.0;0.0
viosocket.c;178;0.059981;0.059981;0.0;0.0
sql_select.cc;2855;0.050998;0.050998;0.0;0.0
sql_select.cc;6357;0.050014;0.050014;0.0;0.0
sql_select.cc;1201;0.050012;0.050012;0.0;0.0
sql_list.h;629;0.050011;0.050011;0.0;0.0
sql_cache.cc;2220;0.050010;0.050010;0.0;0.0
handler.h;3303;0.050002;0.050002;0.0;0.0
rem0rec.cc;920;0.050000;0.050000;0.0;0.0
sql_select.cc;31413;0.050000;0.050000;0.0;0.0
stl_algobase.h;239;0.050000;0.050000;0.0;0.0
table.cc;8970;0.050000;0.050000;0.0;0.0
sql_base.cc;1073;0.050000;0.050000;0.0;0.0
sql_select.cc;4857;0.049999;0.049999;0.0;0.0
sql_base.cc;9092;0.049999;0.049999;0.0;0.0
my_alloc.c;424;0.049999;0.049999;0.0;0.0
array.c;93;0.049999;0.049999;0.0;0.0
sql_select.cc;26149;0.049999;0.049999;0.0;0.0
trx0trx.cc;999;0.049999;0.049999;0.0;0.0
handler.cc;1665;0.049999;0.049999;0.0;0.0
sql_select.cc;7961;0.049999;0.049999;0.0;0.0
trx0trx.cc;1554;0.049999;0.049999;0.0;0.0
my_alloc.c;677;0.049999;0.049999;0.0;0.0
protocol.cc;1026;0.049999;0.049999;0.0;0.0
mdl.cc;3581;0.049999;0.049999;0.0;0.0
lf_hash.cc;298;0.049999;0.049999;0.0;0.0
handler.h;2223;0.049999;0.049999;0.0;0.0
item.cc;3771;0.049999;0.049999;0.0;0.0
strcmp-avx2.S;206;0.049999;0.049999;0.0;0.0
sql_select.cc;17375;0.049999;0.049999;0.0;0.0
sql_explain.cc;3046;0.049999;0.049999;0.0;0.0
row0sel.cc;3145;0.049999;0.049999;0.0;0.0
ha_innodb.cc;16414;0.049999;0.049999;0.0;0.0
trx0trx.cc;931;0.049999;0.049999;0.0;0.0
atomic_base.h;631;0.049998;0.049998;0.0;0.0
sql_select.cc;7446;0.049998;0.049998;0.0;0.0
sql_select.cc;7597;0.049998;0.049998;0.0;0.0
table.h;1771;0.049998;0.049998;0.0;0.0
ha_innodb.cc;16774;0.049998;0.049998;0.0;0.0
sql_select.cc;2811;0.049998;0.049998;0.0;0.0
lf_alloc-pin.c;259;0.049998;0.049998;0.0;0.0
lf_hash.cc;540;0.049998;0.049998;0.0;0.0
item.h;2932;0.049998;0.049998;0.0;0.0
sql_class.h;1362;0.049998;0.049998;0.0;0.0
sql_class.cc;3328;0.049998;0.049998;0.0;0.0
sql_select.cc;5864;0.049998;0.049998;0.0;0.0
sql_base.cc;1037;0.049998;0.049998;0.0;0.0
sql_select.cc;7941;0.049998;0.049998;0.0;0.0
my_malloc.c;95;0.049998;0.049998;0.0;0.0
opt_hints.cc;1363;0.049998;0.049998;0.0;0.0
item.cc;4859;0.049998;0.049998;0.0;0.0
opt_vcol_substitution.cc;288;0.049998;0.049998;0.0;0.0
sql_class.cc;3455;0.049998;0.049998;0.0;0.0
row0sel.cc;4430;0.049998;0.049998;0.0;0.0
handler.cc;6521;0.049998;0.049998;0.0;0.0
sql_prepare.cc;3224;0.049998;0.049998;0.0;0.0
sql_base.cc;6204;0.049998;0.049998;0.0;0.0
ha_innodb.cc;9224;0.049998;0.049998;0.0;0.0
sql_select.cc;2344;0.049998;0.049998;0.0;0.0
sql_explain.cc;1007;0.049998;0.049998;0.0;0.0
sql_select.cc;26117;0.049998;0.049998;0.0;0.0
my_alloc.c;686;0.049998;0.049998;0.0;0.0
item_cmpfunc.cc;7024;0.049997;0.049997;0.0;0.0
ha_innodb.cc;7513;0.049997;0.049997;0.0;0.0
sql_base.cc;8696;0.049997;0.049997;0.0;0.0
sql_select.cc;2794;0.049997;0.049997;0.0;0.0
field.h;2287;0.049997;0.049997;0.0;0.0
sql_select.cc;34831;0.049997;0.049997;0.0;0.0
sql_lex.h;3765;0.049997;0.049997;0.0;0.0
sql_explain.cc;126;0.049997;0.049997;0.0;0.0
lf_alloc-pin.c;464;0.049997;0.049997;0.0;0.0
stl_map.h;1224;0.049997;0.049997;0.0;0.0
sql_select.cc;6932;0.049997;0.049997;0.0;0.0
my_json_writer.h;470;0.049997;0.049997;0.0;0.0
lf_hash.cc;496;0.049997;0.049997;0.0;0.0
row0sel.cc;4751;0.049997;0.049997;0.0;0.0
buf0buf.cc;2829;0.049997;0.049997;0.0;0.0
row0sel.cc;2737;0.049997;0.049997;0.0;0.0
sql_select.cc;20326;0.049997;0.049997;0.0;0.0
malloc.c;3289;0.049997;0.049997;0.0;0.0
opt_subselect.cc;4347;0.049997;0.049997;0.0;0.0
lf_hash.cc;212;0.049997;0.049997;0.0;0.0
sql_select.cc;2279;0.049997;0.049997;0.0;0.0
table.cc;8951;0.049997;0.049997;0.0;0.0
mdl.cc;1021;0.049997;0.049997;0.0;0.0
table.cc;8928;0.049997;0.049997;0.0;0.0
sql_lex.cc;5621;0.049996;0.049996;0.0;0.0
sql_select.cc;16828;0.049996;0.049996;0.0;0.0
opt_subselect.cc;6627;0.049996;0.049996;0.0;0.0
crc32c_amd64.cc;717;0.049996;0.049996;0.0;0.0
sql_select.cc;5182;0.049996;0.049996;0.0;0.0
handler.h;4387;0.049996;0.049996;0.0;0.0
item_func.cc;404;0.049996;0.049996;0.0;0.0
sql_select.cc;5153;0.049996;0.049996;0.0;0.0
opt_context_store_replay.cc;1651;0.049996;0.049996;0.0;0.0
ha_innodb.cc;1809;0.049996;0.049996;0.0;0.0
sql_prepare.cc;3410;0.049996;0.049996;0.0;0.0
ha_innodb.cc;7297;0.049996;0.049996;0.0;0.0
net_serv.cc;453;0.049996;0.049996;0.0;0.0
item.cc;3770;0.049996;0.049996;0.0;0.0
opt_subselect.cc;2516;0.049996;0.049996;0.0;0.0
sql_select.h;1104;0.049996;0.049996;0.0;0.0
sql_select.cc;3939;0.049996;0.049996;0.0;0.0
pthread_mutex_lock.c;163;0.049996;0.049996;0.0;0.0
item.h;4568;0.049996;0.049996;0.0;0.0
mdl.cc;1582;0.049996;0.049996;0.0;0.0
sql_select.cc;3070;0.049996;0.049996;0.0;0.0
mf_qsort.c;217;0.049996;0.049996;0.0;0.0
sql_select.cc;17010;0.049996;0.049996;0.0;0.0
ilist.h;178;0.049996;0.049996;0.0;0.0
hash.c;197;0.049996;0.049996;0.0;0.0
table.cc;9011;0.049996;0.049996;0.0;0.0
sql_class.cc;3423;0.049996;0.049996;0.0;0.0
sql_select.cc;2499;0.049996;0.049996;0.0;0.0
sql_select.cc;24185;0.049996;0.049996;0.0;0.0
strcmp-avx2.S;326;0.049995;0.049995;0.0;0.0
sql_string.h;259;0.049995;0.049995;0.0;0.0
ha_innodb.cc;15263;0.049995;0.049995;0.0;0.0
sql_select.cc;1469;0.049995;0.049995;0.0;0.0
page0cur.cc;129;0.049995;0.049995;0.0;0.0
hasher-mysql5x.c;23;0.049995;0.049995;0.0;0.0
lf_hash.cc;504;0.049995;0.049995;0.0;0.0
lf_hash.cc;115;0.049995;0.049995;0.0;0.0
page0cur.cc;924;0.049995;0.049995;0.0;0.0
item.h;1064;0.049995;0.049995;0.0;0.0
my_bitmap.c;201;0.049995;0.049995;0.0;0.0
lf_hash.cc;92;0.049995;0.049995;0.0;0.0
table.cc;8984;0.049995;0.049995;0.0;0.0
table_cache.cc;857;0.049995;0.049995;0.0;0.0
memmove-vec-unaligned-erms.S;266;0.049994;0.049994;0.0;0.0
buf0buf.cc;2737;0.049994;0.049994;0.0;0.0
sql_select.cc;31116;0.049994;0.049994;0.0;0.0
ha_innodb.cc;3161;0.049994;0.049994;0.0;0.0
ha_innodb.cc;7477;0.049994;0.049994;0.0;0.0
opt_subselect.cc;603;0.049994;0.049994;0.0;0.0
sql_select.cc;20882;0.049994;0.049994;0.0;0.0
sql_select.h;847;0.049994;0.049994;0.0;0.0
field.h;923;0.049992;0.049992;0.0;0.0
sql_prepare.cc;4863;0.049987;0.049987;0.0;0.0
sql_cte.cc;106;0.049986;0.049986;0.0;0.0
sql_select.cc;7456;0.040017;0.040017;0.0;0.0
array.c;48;0.040011;0.040011;0.0;0.0
sql_type.cc;1604;0.040002;0.040002;0.0;0.0
net_serv.cc;572;0.040001;0.040001;0.0;0.0
sql_select.h;858;0.040001;0.040001;0.0;0.0
trx0trx.cc;935;0.040001;0.040001;0.0;0.0
sql_parse.cc;2499;0.040000;0.040000;0.0;0.0
sql_select.cc;7454;0.040000;0.040000;0.0;0.0
my_alloc.c;518;0.040000;0.040000;0.0;0.0
dict0mem.h;1398;0.040000;0.040000;0.0;0.0
btr0sea.cc;1499;0.040000;0.040000;0.0;0.0
sql_select.cc;5760;0.040000;0.040000;0.0;0.0
sql_class.h;5386;0.040000;0.040000;0.0;0.0
opt_subselect.cc;5278;0.040000;0.040000;0.0;0.0
table.h;2377;0.040000;0.040000;0.0;0.0
rem0rec.cc;408;0.040000;0.040000;0.0;0.0
table.cc;4972;0.040000;0.040000;0.0;0.0
handler.cc;6445;0.040000;0.040000;0.0;0.0
sql_string.h;112;0.040000;0.040000;0.0;0.0
sql_lex.cc;4510;0.040000;0.040000;0.0;0.0
ha_innodb.cc;9147;0.040000;0.040000;0.0;0.0
btr0cur.cc;1476;0.040000;0.040000;0.0;0.0
item_cmpfunc.cc;7464;0.040000;0.040000;0.0;0.0
transaction.cc;501;0.040000;0.040000;0.0;0.0
sql_union.cc;2734;0.040000;0.040000;0.0;0.0
sql_select.cc;3105;0.039999;0.039999;0.0;0.0
sql_select.cc;7442;0.039999;0.039999;0.0;0.0
sql_select.cc;31412;0.039999;0.039999;0.0;0.0
trx0trx.cc;953;0.039999;0.039999;0.0;0.0
net_serv.cc;970;0.039999;0.039999;0.0;0.0
sql_select.cc;16833;0.039999;0.039999;0.0;0.0
sql_lex.h;1452;0.039999;0.039999;0.0;0.0
sql_select.cc;1783;0.039999;0.039999;0.0;0.0
structs.h;517;0.039999;0.039999;0.0;0.0
sql_explain.cc;193;0.039999;0.039999;0.0;0.0
memset-vec-unaligned-erms.S;295;0.039999;0.039999;0.0;0.0
row0sel.cc;3236;0.039999;0.039999;0.0;0.0
sql_select.cc;7997;0.039999;0.039999;0.0;0.0
sql_explain.cc;50;0.039999;0.039999;0.0;0.0
privilege.h;799;0.039999;0.039999;0.0;0.0
sql_select.cc;5093;0.039999;0.039999;0.0;0.0
protocol.cc;46;0.039999;0.039999;0.0;0.0
sql_class.cc;2528;0.039999;0.039999;0.0;0.0
item.h;4897;0.039999;0.039999;0.0;0.0
sql_select.cc;6834;0.039999;0.039999;0.0;0.0
xa.cc;224;0.039999;0.039999;0.0;0.0
memmove-vec-unaligned-erms.S;311;0.039999;0.039999;0.0;0.0
sql_base.cc;7013;0.039999;0.039999;0.0;0.0
mdl.cc;1593;0.039999;0.039999;0.0;0.0
viosocket.c;287;0.039999;0.039999;0.0;0.0
lf_hash.cc;276;0.039999;0.039999;0.0;0.0
sql_array.h;131;0.039999;0.039999;0.0;0.0
protocol.cc;1050;0.039999;0.039999;0.0;0.0
sql_lex.cc;5777;0.039999;0.039999;0.0;0.0
row0sel.cc;4613;0.039999;0.039999;0.0;0.0
sql_select.cc;26104;0.039999;0.039999;0.0;0.0
memmove-vec-unaligned-erms.S;263;0.039999;0.039999;0.0;0.0
sql_select.cc;2765;0.039999;0.039999;0.0;0.0
sql_plugin.cc;3262;0.039999;0.039999;0.0;0.0
sql_window.cc;206;0.039998;0.039998;0.0;0.0
mdl.cc;1515;0.039998;0.039998;0.0;0.0
sql_prepare.cc;3185;0.039998;0.039998;0.0;0.0
my_alloc.c;312;0.039998;0.039998;0.0;0.0
page0page.h;663;0.039998;0.039998;0.0;0.0
my_alloc.c;372;0.039998;0.039998;0.0;0.0
page0cur.cc;645;0.039998;0.039998;0.0;0.0
sql_type.h;3198;0.039998;0.039998;0.0;0.0
sql_bitmap.h;113;0.039998;0.039998;0.0;0.0
memmove-vec-unaligned-erms.S;489;0.039998;0.039998;0.0;0.0
buf0buf.cc;2790;0.039998;0.039998;0.0;0.0
item_func.h;162;0.039998;0.039998;0.0;0.0
pthread_mutex_unlock.c;83;0.039998;0.039998;0.0;0.0
sql_cte.cc;104;0.039998;0.039998;0.0;0.0
ha_innodb.cc;5338;0.039998;0.039998;0.0;0.0
ha_innodb.cc;16771;0.039998;0.039998;0.0;0.0
row0sel.cc;4476;0.039998;0.039998;0.0;0.0
sql_select.cc;6170;0.039998;0.039998;0.0;0.0
table_cache.cc;214;0.039998;0.039998;0.0;0.0
page0cur.cc;923;0.039998;0.039998;0.0;0.0
privilege.h;798;0.039998;0.039998;0.0;0.0
mtr0mtr.cc;535;0.039998;0.039998;0.0;0.0
strcmp-avx2.S;303;0.039998;0.039998;0.0;0.0
sql_union.cc;2969;0.039998;0.039998;0.0;0.0
privilege.h;212;0.039998;0.039998;0.0;0.0
malloc.c;3319;0.039998;0.039998;0.0;0.0
item_cmpfunc.cc;7375;0.039998;0.039998;0.0;0.0
my_alloc.c;405;0.039998;0.039998;0.0;0.0
malloc.c;3008;0.039998;0.039998;0.0;0.0
small_vector.h;60;0.039998;0.039998;0.0;0.0
sql_select.cc;18098;0.039998;0.039998;0.0;0.0
sql_parse.cc;6643;0.039998;0.039998;0.0;0.0
sql_base.cc;2157;0.039998;0.039998;0.0;0.0
psi_noop.c;509;0.039998;0.039998;0.0;0.0
ctype-unidata.h;129;0.039998;0.039998;0.0;0.0
row0sel.cc;6177;0.039998;0.039998;0.0;0.0
net_serv.cc;694;0.039998;0.039998;0.0;0.0
sql_select.cc;29996;0.039998;0.039998;0.0;0.0
sql_select.cc;1831;0.039998;0.039998;0.0;0.0
item.h;4720;0.039998;0.039998;0.0;0.0
ha_innodb.cc;1810;0.039998;0.039998;0.0;0.0
sql_select.cc;7459;0.039998;0.039998;0.0;0.0
sql_base.cc;4694;0.039998;0.039998;0.0;0.0
handler.cc;2083;0.039998;0.039998;0.0;0.0
memset-vec-unaligned-erms.S;249;0.039998;0.039998;0.0;0.0
handler.cc;2251;0.039998;0.039998;0.0;0.0
opt_hints.cc;1814;0.039998;0.039998;0.0;0.0
sql_class.cc;4411;0.039998;0.039998;0.0;0.0
records.cc;359;0.039998;0.039998;0.0;0.0
lf_hash.cc;126;0.039997;0.039997;0.0;0.0
sql_parse.cc;6229;0.039997;0.039997;0.0;0.0
handler.cc;8038;0.039997;0.039997;0.0;0.0
sql_base.cc;8598;0.039997;0.039997;0.0;0.0
sql_select.cc;13033;0.039997;0.039997;0.0;0.0
field.cc;7797;0.039997;0.039997;0.0;0.0
opt_hints.cc;1352;0.039997;0.039997;0.0;0.0
multi_range_read.cc;1476;0.039997;0.039997;0.0;0.0
sql_class.cc;9022;0.039997;0.039997;0.0;0.0
my_alloc.c;312;0.039997;0.039997;0.0;0.0
sql_select.cc;19757;0.039997;0.039997;0.0;0.0
handler.h;2224;0.039997;0.039997;0.0;0.0
protocol.cc;1204;0.039997;0.039997;0.0;0.0
opt_split.cc;407;0.039997;0.039997;0.0;0.0
sql_prepare.cc;5420;0.039997;0.039997;0.0;0.0
sql_class.cc;2589;0.039997;0.039997;0.0;0.0
sql_select.cc;1497;0.039997;0.039997;0.0;0.0
cancellation.c;38;0.039997;0.039997;0.0;0.0
poll2.h;44;0.039997;0.039997;0.0;0.0
sql_lex.cc;5630;0.039997;0.039997;0.0;0.0
sql_select.cc;20306;0.039997;0.039997;0.0;0.0
ha_innodb.cc;15116;0.039997;0.039997;0.0;0.0
trx0trx.cc;936;0.039997;0.039997;0.0;0.0
m_string.h;315;0.039997;0.039997;0.0;0.0
rem0rec.cc;433;0.039997;0.039997;0.0;0.0
handler.h;4427;0.039997;0.039997;0.0;0.0
sql_plugin.cc;3253;0.039997;0.039997;0.0;0.0
select_result.h;99;0.039997;0.039997;0.0;0.0
item.h;2735;0.039997;0.039997;0.0;0.0
sql_string.cc;263;0.039997;0.039997;0.0;0.0
sql_select.cc;24174;0.039997;0.039997;0.0;0.0
ut0lst.h;347;0.039997;0.039997;0.0;0.0
memmove-vec-unaligned-erms.S;492;0.039997;0.039997;0.0;0.0
rem0rec.inl;659;0.039997;0.039997;0.0;0.0
rem0rec.inl;659;0.039997;0.039997;0.0;0.0
sql_select.cc;2496;0.039997;0.039997;0.0;0.0
table_cache.cc;870;0.039997;0.039997;0.0;0.0
sql_select.cc;7911;0.039997;0.039997;0.0;0.0
sql_base.cc;4692;0.039997;0.039997;0.0;0.0
page0cur.cc;918;0.039997;0.039997;0.0;0.0
temporary_tables.cc;47;0.039997;0.039997;0.0;0.0
lex_string.h;32;0.039997;0.039997;0.0;0.0
sql_select.h;2150;0.039997;0.039997;0.0;0.0
item.h;6016;0.039997;0.039997;0.0;0.0
sql_base.cc;8108;0.039997;0.039997;0.0;0.0
item_func.cc;148;0.039996;0.039996;0.0;0.0
sql_type.h;3172;0.039996;0.039996;0.0;0.0
row0mysql.cc;384;0.039996;0.039996;0.0;0.0
my_alloc.c;500;0.039996;0.039996;0.0;0.0
sql_select.cc;18560;0.039996;0.039996;0.0;0.0
mdl.cc;1723;0.039996;0.039996;0.0;0.0
sql_select.cc;5853;0.039996;0.039996;0.0;0.0
opt_vcol_substitution.cc;132;0.039996;0.039996;0.0;0.0
sql_select.cc;7412;0.039996;0.039996;0.0;0.0
item.h;3988;0.039996;0.039996;0.0;0.0
item.h;3980;0.039996;0.039996;0.0;0.0
sql_select.cc;13063;0.039996;0.039996;0.0;0.0
sql_class.cc;3300;0.039996;0.039996;0.0;0.0
sql_type.cc;1939;0.039996;0.039996;0.0;0.0
sql_select.cc;18244;0.039996;0.039996;0.0;0.0
m_ctype.h;1154;0.039996;0.039996;0.0;0.0
sql_select.cc;24316;0.039996;0.039996;0.0;0.0
malloc.c;3034;0.039996;0.039996;0.0;0.0
item_cmpfunc.cc;417;0.039996;0.039996;0.0;0.0
sql_select.cc;19579;0.039996;0.039996;0.0;0.0
sql_select.cc;18116;0.039996;0.039996;0.0;0.0
mdl.cc;2493;0.039996;0.039996;0.0;0.0
sql_select.h;1149;0.039996;0.039996;0.0;0.0
sql_select.cc;34846;0.039996;0.039996;0.0;0.0
sql_select.cc;14387;0.039996;0.039996;0.0;0.0
handler.cc;9745;0.039995;0.039995;0.0;0.0
sql_lex.cc;3814;0.039995;0.039995;0.0;0.0
temporary_tables.cc;519;0.039995;0.039995;0.0;0.0
handler.cc;9746;0.039995;0.039995;0.0;0.0
sql_class.cc;6179;0.039995;0.039995;0.0;0.0
sql_explain.cc;185;0.039995;0.039995;0.0;0.0
sql_class.cc;4403;0.039995;0.039995;0.0;0.0
sql_explain.cc;77;0.039995;0.039995;0.0;0.0
opt_subselect.cc;4353;0.039995;0.039995;0.0;0.0
ha_innodb.cc;2706;0.039995;0.039995;0.0;0.0
trx0trx.cc;1583;0.039995;0.039995;0.0;0.0
sql_list.h;154;0.039995;0.039995;0.0;0.0
item.h;1271;0.039995;0.039995;0.0;0.0
memcmp-avx2-movbe.S;414;0.039994;0.039994;0.0;0.0
sql_select.cc;6181;0.039994;0.039994;0.0;0.0
sql_class.h;4827;0.039994;0.039994;0.0;0.0
row0sel.cc;3170;0.039994;0.039994;0.0;0.0
sql_explain.cc;1482;0.039994;0.039994;0.0;0.0
mf_qsort.c;100;0.039994;0.039994;0.0;0.0
sql_select.cc;5844;0.039993;0.039993;0.0;0.0
opt_context_store_replay.cc;1680;0.039993;0.039993;0.0;0.0
mdl.cc;504;0.039987;0.039987;0.0;0.0
opt_range.cc;4191;0.039986;0.039986;0.0;0.0
ha_innodb.cc;4565;0.039981;0.039981;0.0;0.0
sql_parse.cc;7405;0.030028;0.030028;0.0;0.0
item.h;4894;0.030027;0.030027;0.0;0.0
sql_analyze_stmt.h;81;0.030008;0.030008;0.0;0.0
sql_select.cc;963;0.030006;0.030006;0.0;0.0
sql_select.cc;1207;0.030004;0.030004;0.0;0.0
sql_class.h;1368;0.030002;0.030002;0.0;0.0
mtr0mtr.cc;595;0.030002;0.030002;0.0;0.0
net_serv.cc;933;0.030001;0.030001;0.0;0.0
item_cmpfunc.cc;779;0.030001;0.030001;0.0;0.0
sql_error.h;240;0.030001;0.030001;0.0;0.0
rem0rec.cc;627;0.030001;0.030001;0.0;0.0
data0data.h;609;0.030001;0.030001;0.0;0.0
sql_select.cc;5440;0.030001;0.030001;0.0;0.0
item.h;4626;0.030000;0.030000;0.0;0.0
item.cc;3602;0.030000;0.030000;0.0;0.0
sql_base.cc;6079;0.030000;0.030000;0.0;0.0
small_vector.h;37;0.030000;0.030000;0.0;0.0
my_alloc.c;407;0.030000;0.030000;0.0;0.0
sql_select.cc;4913;0.030000;0.030000;0.0;0.0
sql_base.cc;4756;0.030000;0.030000;0.0;0.0
opt_subselect.cc;6540;0.030000;0.030000;0.0;0.0
sql_select.cc;18765;0.030000;0.030000;0.0;0.0
sql_select.cc;25246;0.030000;0.030000;0.0;0.0
sql_base.cc;4694;0.030000;0.030000;0.0;0.0
sql_select.cc;11749;0.030000;0.030000;0.0;0.0
page0cur.cc;276;0.030000;0.030000;0.0;0.0
sql_acl.cc;15414;0.030000;0.030000;0.0;0.0
item.h;2220;0.030000;0.030000;0.0;0.0
memcmp-avx2-movbe.S;407;0.030000;0.030000;0.0;0.0
item_cmpfunc.cc;7370;0.030000;0.030000;0.0;0.0
sql_class.cc;4302;0.030000;0.030000;0.0;0.0
sql_select.cc;31103;0.030000;0.030000;0.0;0.0
sql_select.cc;2786;0.030000;0.030000;0.0;0.0
sql_select.cc;4863;0.030000;0.030000;0.0;0.0
sql_bitmap.h;173;0.030000;0.030000;0.0;0.0
sql_select.cc;19630;0.030000;0.030000;0.0;0.0
btr0cur.cc;1163;0.030000;0.030000;0.0;0.0
my_alloc.c;395;0.030000;0.030000;0.0;0.0
memmove-vec-unaligned-erms.S;491;0.030000;0.030000;0.0;0.0
opt_context_store_replay.cc;2392;0.030000;0.030000;0.0;0.0
item_cmpfunc.cc;104;0.030000;0.030000;0.0;0.0
item.h;2934;0.030000;0.030000;0.0;0.0
net_serv.cc;614;0.030000;0.030000;0.0;0.0
sql_select.cc;1572;0.029999;0.029999;0.0;0.0
sql_select.cc;5832;0.029999;0.029999;0.0;0.0
handler.cc;3831;0.029999;0.029999;0.0;0.0
my_alloc.c;407;0.029999;0.029999;0.0;0.0
sql_base.cc;9040;0.029999;0.029999;0.0;0.0
mdl.cc;2757;0.029999;0.029999;0.0;0.0
sql_cte.cc;1396;0.029999;0.029999;0.0;0.0
sql_class.cc;1531;0.029999;0.029999;0.0;0.0
sql_select.cc;13562;0.029999;0.029999;0.0;0.0
sql_base.cc;9178;0.029999;0.029999;0.0;0.0
sql_explain.cc;107;0.029999;0.029999;0.0;0.0
sql_plugin.cc;3238;0.029999;0.029999;0.0;0.0
m_ctype.h;1536;0.029999;0.029999;0.0;0.0
sql_select.cc;5431;0.029999;0.029999;0.0;0.0
sql_connect.cc;1458;0.029999;0.029999;0.0;0.0
sql_lex.h;1762;0.029999;0.029999;0.0;0.0
sql_select.cc;7920;0.029999;0.029999;0.0;0.0
sql_select.cc;625;0.029999;0.029999;0.0;0.0
ha_innodb.cc;7705;0.029999;0.029999;0.0;0.0
btr0cur.cc;1157;0.029999;0.029999;0.0;0.0
sql_base.cc;4739;0.029999;0.029999;0.0;0.0
sql_select.cc;13783;0.029999;0.029999;0.0;0.0
dict0dict.inl;170;0.029999;0.029999;0.0;0.0
opt_split.cc;1526;0.029999;0.029999;0.0;0.0
sql_string.h;742;0.029999;0.029999;0.0;0.0
item.h;3977;0.029999;0.029999;0.0;0.0
sql_select.cc;31535;0.029999;0.029999;0.0;0.0
sql_select.cc;13142;0.029999;0.029999;0.0;0.0
page0cur.cc;456;0.029999;0.029999;0.0;0.0
sql_base.cc;4954;0.029999;0.029999;0.0;0.0
sql_lex.h;1657;0.029999;0.029999;0.0;0.0
sql_base.cc;9073;0.029999;0.029999;0.0;0.0
mdl.cc;3769;0.029999;0.029999;0.0;0.0
sql_explain.h;91;0.029999;0.029999;0.0;0.0
lock.cc;403;0.029999;0.029999;0.0;0.0
memset-vec-unaligned-erms.S;294;0.029999;0.029999;0.0;0.0
sql_union.cc;2839;0.029999;0.029999;0.0;0.0
sql_lex.cc;5306;0.029999;0.029999;0.0;0.0
sql_prepare.cc;5481;0.029999;0.029999;0.0;0.0
field.cc;1385;0.029999;0.029999;0.0;0.0
sql_select.cc;13848;0.029999;0.029999;0.0;0.0
rem0rec.h;281;0.029999;0.029999;0.0;0.0
table.h;2377;0.029999;0.029999;0.0;0.0
select_result.h;85;0.029999;0.029999;0.0;0.0
sql_base.cc;6086;0.029999;0.029999;0.0;0.0
sql_list.h;154;0.029999;0.029999;0.0;0.0
my_cpu.h;94;0.029999;0.029999;0.0;0.0
sql_select.h;2073;0.029999;0.029999;0.0;0.0
sql_select.cc;974;0.029999;0.029999;0.0;0.0
sql_base.cc;8363;0.029999;0.029999;0.0;0.0
sql_class.cc;4889;0.029999;0.029999;0.0;0.0
sql_base.cc;8483;0.029999;0.029999;0.0;0.0
row0mysql.cc;383;0.029999;0.029999;0.0;0.0
mysqld.cc;1242;0.029999;0.029999;0.0;0.0
sql_lex.cc;3812;0.029999;0.029999;0.0;0.0
mtr0mtr.cc;582;0.029999;0.029999;0.0;0.0
sql_select.cc;17591;0.029999;0.029999;0.0;0.0
sql_select.cc;14509;0.029999;0.029999;0.0;0.0
sql_select.cc;2089;0.029999;0.029999;0.0;0.0
sql_class.h;5231;0.029999;0.029999;0.0;0.0
rem0rec.inl;240;0.029999;0.029999;0.0;0.0
pthread_mutex_lock.c;142;0.029999;0.029999;0.0;0.0
memmove-vec-unaligned-erms.S;417;0.029999;0.029999;0.0;0.0
sql_select.cc;5265;0.029999;0.029999;0.0;0.0
sql_select.h;1204;0.029999;0.029999;0.0;0.0
sql_base.cc;6634;0.029999;0.029999;0.0;0.0
memmove-vec-unaligned-erms.S;486;0.029999;0.029999;0.0;0.0
sql_class.cc;2523;0.029999;0.029999;0.0;0.0
lf_hash.cc;542;0.029999;0.029999;0.0;0.0
sql_select.cc;3086;0.029999;0.029999;0.0;0.0
sql_select.cc;17372;0.029999;0.029999;0.0;0.0
vio.c;335;0.029999;0.029999;0.0;0.0
item.cc;6764;0.029999;0.029999;0.0;0.0
mysqld.cc;1238;0.029999;0.029999;0.0;0.0
sql_select.cc;5876;0.029999;0.029999;0.0;0.0
sql_parse.cc;1450;0.029999;0.029999;0.0;0.0
ctype-bin.c;95;0.029999;0.029999;0.0;0.0
atomic_base.h;631;0.029999;0.029999;0.0;0.0
page0cur.cc;244;0.029999;0.029999;0.0;0.0
sql_select.cc;13852;0.029999;0.029999;0.0;0.0
rem0cmp.cc;414;0.029999;0.029999;0.0;0.0
item.h;2223;0.029999;0.029999;0.0;0.0
opt_vcol_substitution.cc;139;0.029999;0.029999;0.0;0.0
mdl.cc;2034;0.029999;0.029999;0.0;0.0
sql_lex.cc;6336;0.029999;0.029999;0.0;0.0
memmove-vec-unaligned-erms.S;490;0.029999;0.029999;0.0;0.0
sql_select.cc;3087;0.029999;0.029999;0.0;0.0
lf_hash.cc;256;0.029999;0.029999;0.0;0.0
sql_array.h;99;0.029999;0.029999;0.0;0.0
sql_base.cc;4946;0.029999;0.029999;0.0;0.0
row0sel.cc;5022;0.029999;0.029999;0.0;0.0
ha_innodb.cc;7747;0.029999;0.029999;0.0;0.0
sql_acl.cc;10343;0.029999;0.029999;0.0;0.0
sql_class.h;3520;0.029999;0.029999;0.0;0.0
sql_list.h;423;0.029999;0.029999;0.0;0.0
lf_hash.cc;488;0.029999;0.029999;0.0;0.0
item.cc;730;0.029999;0.029999;0.0;0.0
sql_base.cc;8502;0.029999;0.029999;0.0;0.0
protocol.cc;1213;0.029999;0.029999;0.0;0.0
cset_narrowing.cc;27;0.029999;0.029999;0.0;0.0
pthread_mutex_unlock.c;60;0.029999;0.029999;0.0;0.0
sql_select.cc;4368;0.029999;0.029999;0.0;0.0
sql_prepare.cc;978;0.029999;0.029999;0.0;0.0
field.h;1199;0.029999;0.029999;0.0;0.0
rem0cmp.cc;221;0.029999;0.029999;0.0;0.0
mysql_socket.h;304;0.029999;0.029999;0.0;0.0
sql_select.cc;31607;0.029999;0.029999;0.0;0.0
sql_union.cc;2956;0.029999;0.029999;0.0;0.0
memmove-vec-unaligned-erms.S;487;0.029999;0.029999;0.0;0.0
handler.cc;6452;0.029998;0.029998;0.0;0.0
ha_innodb.cc;9037;0.029998;0.029998;0.0;0.0
btr0cur.cc;1471;0.029998;0.029998;0.0;0.0
net_serv.cc;955;0.029998;0.029998;0.0;0.0
sql_select.cc;28840;0.029998;0.029998;0.0;0.0
sql_select.cc;7886;0.029998;0.029998;0.0;0.0
sql_select.cc;12757;0.029998;0.029998;0.0;0.0
item_func.cc;418;0.029998;0.029998;0.0;0.0
sql_type.cc;1605;0.029998;0.029998;0.0;0.0
sql_prepare.cc;5374;0.029998;0.029998;0.0;0.0
my_thr_init.c;370;0.029998;0.029998;0.0;0.0
sql_parse.cc;3759;0.029998;0.029998;0.0;0.0
sql_class.cc;6430;0.029998;0.029998;0.0;0.0
sql_error.h;830;0.029998;0.029998;0.0;0.0
my_alloc.c;465;0.029998;0.029998;0.0;0.0
sql_parse.cc;3777;0.029998;0.029998;0.0;0.0
sql_class.cc;423;0.029998;0.029998;0.0;0.0
hash.c;46;0.029998;0.029998;0.0;0.0
sql_class.cc;3450;0.029998;0.029998;0.0;0.0
opt_trace.cc;62;0.029998;0.029998;0.0;0.0
lf_hash.cc;459;0.029998;0.029998;0.0;0.0
mysqld.cc;3843;0.029998;0.029998;0.0;0.0
sql_select.cc;503;0.029998;0.029998;0.0;0.0
field.cc;1294;0.029998;0.029998;0.0;0.0
ctype-unidata.h;130;0.029998;0.029998;0.0;0.0
item.h;768;0.029998;0.029998;0.0;0.0
sql_lex.cc;5916;0.029998;0.029998;0.0;0.0
sql_parse.cc;2543;0.029998;0.029998;0.0;0.0
sql_select.cc;18399;0.029998;0.029998;0.0;0.0
sql_select.cc;5699;0.029998;0.029998;0.0;0.0
strings_def.h;99;0.029998;0.029998;0.0;0.0
field.h;1547;0.029998;0.029998;0.0;0.0
item.cc;3767;0.029998;0.029998;0.0;0.0
sql_select.cc;7840;0.029998;0.029998;0.0;0.0
item_cmpfunc.cc;7434;0.029998;0.029998;0.0;0.0
sql_select.cc;6822;0.029998;0.029998;0.0;0.0
item_cmpfunc.cc;468;0.029998;0.029998;0.0;0.0
sql_select.cc;1489;0.029998;0.029998;0.0;0.0
opt_subselect.cc;6710;0.029998;0.029998;0.0;0.0
item_cmpfunc.h;3608;0.029998;0.029998;0.0;0.0
sql_explain.cc;141;0.029998;0.029998;0.0;0.0
memmove-vec-unaligned-erms.S;428;0.029998;0.029998;0.0;0.0
sql_parse.cc;5936;0.029998;0.029998;0.0;0.0
sql_select.cc;463;0.029998;0.029998;0.0;0.0
sql_class.h;4821;0.029998;0.029998;0.0;0.0
lf_alloc-pin.c;458;0.029998;0.029998;0.0;0.0
sql_base.cc;6208;0.029998;0.029998;0.0;0.0
item_cmpfunc.cc;713;0.029998;0.029998;0.0;0.0
sql_parse.cc;7384;0.029998;0.029998;0.0;0.0
sql_prepare.cc;4890;0.029998;0.029998;0.0;0.0
sql_class.cc;6162;0.029998;0.029998;0.0;0.0
sql_base.cc;9808;0.029998;0.029998;0.0;0.0
sql_acl.cc;9981;0.029998;0.029998;0.0;0.0
sql_base.cc;9826;0.029998;0.029998;0.0;0.0
row0sel.cc;4164;0.029998;0.029998;0.0;0.0
table.cc;7795;0.029998;0.029998;0.0;0.0
sql_class.cc;4543;0.029998;0.029998;0.0;0.0
sql_lex.cc;3798;0.029998;0.029998;0.0;0.0
ha_innodb.cc;9197;0.029998;0.029998;0.0;0.0
mdl.cc;1056;0.029998;0.029998;0.0;0.0
mdl.h;389;0.029998;0.029998;0.0;0.0
sql_select.cc;7960;0.029998;0.029998;0.0;0.0
sql_base.cc;3426;0.029998;0.029998;0.0;0.0
sql_explain.cc;110;0.029998;0.029998;0.0;0.0
sql_select.cc;3416;0.029998;0.029998;0.0;0.0
sql_prepare.cc;3573;0.029998;0.029998;0.0;0.0
net_serv.cc;735;0.029998;0.029998;0.0;0.0
sql_explain.cc;82;0.029998;0.029998;0.0;0.0
item_func.cc;387;0.029998;0.029998;0.0;0.0
sql_class.cc;6917;0.029998;0.029998;0.0;0.0
item.h;3985;0.029998;0.029998;0.0;0.0
mysql_thread.h;999;0.029998;0.029998;0.0;0.0
handler.h;4969;0.029998;0.029998;0.0;0.0
item_cmpfunc.cc;514;0.029998;0.029998;0.0;0.0
sql_select.cc;26133;0.029998;0.029998;0.0;0.0
transaction.cc;46;0.029998;0.029998;0.0;0.0
sql_select.cc;2554;0.029998;0.029998;0.0;0.0
strcoll.inl;149;0.029998;0.029998;0.0;0.0
sql_class.h;4278;0.029998;0.029998;0.0;0.0
item_func.cc;529;0.029998;0.029998;0.0;0.0
sql_class.cc;2332;0.029998;0.029998;0.0;0.0
rem0rec.cc;745;0.029998;0.029998;0.0;0.0
my_json_writer.h;449;0.029998;0.029998;0.0;0.0
sql_statistics.cc;3204;0.029998;0.029998;0.0;0.0
my_alloc.c;522;0.029998;0.029998;0.0;0.0
sql_select.cc;29083;0.029998;0.029998;0.0;0.0
mdl.cc;2709;0.029997;0.029997;0.0;0.0
sql_select.cc;1501;0.029997;0.029997;0.0;0.0
item.h;2634;0.029997;0.029997;0.0;0.0
viosocket.c;982;0.029997;0.029997;0.0;0.0
sql_prepare.cc;3341;0.029997;0.029997;0.0;0.0
ha_innodb.cc;7514;0.029997;0.029997;0.0;0.0
sql_base.cc;6099;0.029997;0.029997;0.0;0.0
sql_select.cc;1622;0.029997;0.029997;0.0;0.0
sql_list.h;435;0.029997;0.029997;0.0;0.0
net_serv.cc;1102;0.029997;0.029997;0.0;0.0
item_cmpfunc.cc;554;0.029997;0.029997;0.0;0.0
sql_select.cc;25255;0.029997;0.029997;0.0;0.0
sql_select.cc;21322;0.029997;0.029997;0.0;0.0
rem0cmp.cc;403;0.029997;0.029997;0.0;0.0
sql_type.cc;8203;0.029997;0.029997;0.0;0.0
sql_class.h;6645;0.029997;0.029997;0.0;0.0
handler.h;4393;0.029997;0.029997;0.0;0.0
sql_select.cc;34827;0.029997;0.029997;0.0;0.0
memmove-vec-unaligned-erms.S;471;0.029997;0.029997;0.0;0.0
hash.c;290;0.029997;0.029997;0.0;0.0
handler.cc;2222;0.029997;0.029997;0.0;0.0
memset-vec-unaligned-erms.S;266;0.029997;0.029997;0.0;0.0
mf_qsort.c;197;0.029997;0.029997;0.0;0.0
page0page.h;622;0.029997;0.029997;0.0;0.0
sql_lex.cc;5307;0.029997;0.029997;0.0;0.0
item.cc;1046;0.029997;0.029997;0.0;0.0
sql_base.cc;4381;0.029997;0.029997;0.0;0.0
sql_parse.cc;7479;0.029997;0.029997;0.0;0.0
my_bitmap.c;202;0.029997;0.029997;0.0;0.0
sql_select.cc;5718;0.029997;0.029997;0.0;0.0
rem0rec.cc;688;0.029997;0.029997;0.0;0.0
memset-vec-unaligned-erms.S;303;0.029997;0.029997;0.0;0.0
sql_class.h;5170;0.029997;0.029997;0.0;0.0
memmove-vec-unaligned-erms.S;332;0.029997;0.029997;0.0;0.0
ha_innodb.cc;9294;0.029997;0.029997;0.0;0.0
mdl.h;875;0.029997;0.029997;0.0;0.0
sql_string.h;297;0.029997;0.029997;0.0;0.0
rem0cmp.h;172;0.029997;0.029997;0.0;0.0
sql_select.cc;967;0.029997;0.029997;0.0;0.0
field.cc;2655;0.029997;0.029997;0.0;0.0
item_cmpfunc.cc;7451;0.029997;0.029997;0.0;0.0
sql_select.cc;13402;0.029997;0.029997;0.0;0.0
mysqld.cc;742;0.029997;0.029997;0.0;0.0
sql_list.h;154;0.029997;0.029997;0.0;0.0
mysql_thread.h;785;0.029997;0.029997;0.0;0.0
sql_parse.cc;7087;0.029997;0.029997;0.0;0.0
lf_alloc-pin.c;458;0.029997;0.029997;0.0;0.0
sql_parse.cc;7384;0.029997;0.029997;0.0;0.0
errno-loc.c;26;0.029997;0.029997;0.0;0.0
sql_prepare.cc;3355;0.029997;0.029997;0.0;0.0
data0data.inl;93;0.029997;0.029997;0.0;0.0
memmove-vec-unaligned-erms.S;462;0.029996;0.029996;0.0;0.0
page0cur.cc;616;0.029996;0.029996;0.0;0.0
sql_parse.cc;3769;0.029996;0.029996;0.0;0.0
my_alloc.c;314;0.029996;0.029996;0.0;0.0
sql_error.cc;318;0.029996;0.029996;0.0;0.0
malloc.c;3353;0.029996;0.029996;0.0;0.0
sql_select.cc;34231;0.029996;0.029996;0.0;0.0
memset-vec-unaligned-erms.S;384;0.029996;0.029996;0.0;0.0
field.h;4191;0.029996;0.029996;0.0;0.0
hasher-mysql5x.c;24;0.029996;0.029996;0.0;0.0
buf0lru.cc;496;0.029996;0.029996;0.0;0.0
page0cur.cc;643;0.029996;0.029996;0.0;0.0
sql_base.cc;9843;0.029996;0.029996;0.0;0.0
opt_context_store_replay.cc;689;0.029996;0.029996;0.0;0.0
sql_select.cc;16806;0.029996;0.029996;0.0;0.0
rem0rec.inl;489;0.029996;0.029996;0.0;0.0
trx0trx.cc;1611;0.029996;0.029996;0.0;0.0
rem0rec.cc;674;0.029996;0.029996;0.0;0.0
handler.cc;2170;0.029996;0.029996;0.0;0.0
sql_select.cc;5177;0.029996;0.029996;0.0;0.0
sql_select.cc;5180;0.029996;0.029996;0.0;0.0
sql_select.cc;4904;0.029996;0.029996;0.0;0.0
item.h;4543;0.029996;0.029996;0.0;0.0
sql_error.h;659;0.029996;0.029996;0.0;0.0
select_result.h;89;0.029996;0.029996;0.0;0.0
sql_union.cc;2820;0.029996;0.029996;0.0;0.0
sql_select.cc;3641;0.029996;0.029996;0.0;0.0
sql_select.cc;2457;0.029995;0.029995;0.0;0.0
sql_select.cc;1483;0.029995;0.029995;0.0;0.0
sql_select.cc;29601;0.029995;0.029995;0.0;0.0
sql_select.cc;30018;0.029995;0.029995;0.0;0.0
mysql_transaction.h;139;0.029995;0.029995;0.0;0.0
net_serv.cc;1231;0.029995;0.029995;0.0;0.0
ha_innodb.cc;7477;0.029995;0.029995;0.0;0.0
sql_type.h;4266;0.029995;0.029995;0.0;0.0
viosocket.c;199;0.029995;0.029995;0.0;0.0
mdl.cc;2751;0.029994;0.029994;0.0;0.0
sql_prepare.cc;3277;0.029994;0.029994;0.0;0.0
ctype-bin.c;103;0.029993;0.029993;0.0;0.0
sql_select.cc;2508;0.029993;0.029993;0.0;0.0
row0sel.cc;4922;0.029991;0.029991;0.0;0.0
sql_prepare.cc;4863;0.029990;0.029990;0.0;0.0
sql_limit.h;54;0.029989;0.029989;0.0;0.0
sql_parse.cc;1666;0.029988;0.029988;0.0;0.0
sql_string.h;296;0.029987;0.029987;0.0;0.0
sql_select.cc;2830;0.029986;0.029986;0.0;0.0
sql_select.cc;16808;0.029984;0.029984;0.0;0.0
row0sel.cc;4839;0.029973;0.029973;0.0;0.0
sql_base.cc;6630;0.020015;0.020015;0.0;0.0
hash.c;277;0.020015;0.020015;0.0;0.0
sql_prepare.cc;4860;0.020013;0.020013;0.0;0.0
field.h;929;0.020011;0.020011;0.0;0.0
sql_select.cc;3060;0.020011;0.020011;0.0;0.0
sql_select.cc;13880;0.020010;0.020010;0.0;0.0
sql_explain.cc;82;0.020006;0.020006;0.0;0.0
sql_prepare.cc;4758;0.020002;0.020002;0.0;0.0
sql_explain.cc;144;0.020002;0.020002;0.0;0.0
memmove-vec-unaligned-erms.S;334;0.020002;0.020002;0.0;0.0
sql_select.cc;26111;0.020002;0.020002;0.0;0.0
sql_select.cc;1830;0.020001;0.020001;0.0;0.0
sql_select.cc;31164;0.020001;0.020001;0.0;0.0
item.cc;6886;0.020001;0.020001;0.0;0.0
sql_select.cc;6049;0.020001;0.020001;0.0;0.0
item.cc;6617;0.020001;0.020001;0.0;0.0
sql_parse.cc;2551;0.020001;0.020001;0.0;0.0
memcmp-avx2-movbe.S;73;0.020001;0.020001;0.0;0.0
strcoll.inl;303;0.020001;0.020001;0.0;0.0
malloc.c;3333;0.020001;0.020001;0.0;0.0
sql_prepare.cc;5404;0.020000;0.020000;0.0;0.0
opt_vcol_substitution.cc;154;0.020000;0.020000;0.0;0.0
sql_select.cc;4947;0.020000;0.020000;0.0;0.0
sql_connect.cc;1512;0.020000;0.020000;0.0;0.0
page0cur.cc;508;0.020000;0.020000;0.0;0.0
my_json_writer.h;395;0.020000;0.020000;0.0;0.0
sql_select.cc;31158;0.020000;0.020000;0.0;0.0
memmove-vec-unaligned-erms.S;429;0.020000;0.020000;0.0;0.0
atomic_base.h;501;0.020000;0.020000;0.0;0.0
sql_statistics.cc;4146;0.020000;0.020000;0.0;0.0
sql_parse.cc;1275;0.020000;0.020000;0.0;0.0
mf_qsort.c;128;0.020000;0.020000;0.0;0.0
sql_base.cc;8361;0.020000;0.020000;0.0;0.0
sql_class.h;4233;0.020000;0.020000;0.0;0.0
ha_innodb.cc;7225;0.020000;0.020000;0.0;0.0
sql_select.cc;5874;0.020000;0.020000;0.0;0.0
mysql_socket.h;850;0.020000;0.020000;0.0;0.0
sql_base.cc;8598;0.020000;0.020000;0.0;0.0
my_alloc.c;406;0.020000;0.020000;0.0;0.0
sql_select.cc;7453;0.020000;0.020000;0.0;0.0
item.cc;642;0.020000;0.020000;0.0;0.0
protocol.cc;1103;0.020000;0.020000;0.0;0.0
sql_parse.cc;2528;0.020000;0.020000;0.0;0.0
row0sel.cc;4498;0.020000;0.020000;0.0;0.0
sql_list.h;190;0.020000;0.020000;0.0;0.0
trx0trx.cc;1754;0.020000;0.020000;0.0;0.0
net_serv.cc;1029;0.020000;0.020000;0.0;0.0
handler.cc;1716;0.020000;0.020000;0.0;0.0
sql_select.cc;13778;0.020000;0.020000;0.0;0.0
sql_select.cc;3764;0.020000;0.020000;0.0;0.0
sql_select.cc;7328;0.020000;0.020000;0.0;0.0
mdl.cc;3768;0.020000;0.020000;0.0;0.0
sql_explain.cc;1007;0.020000;0.020000;0.0;0.0
table_cache.cc;418;0.020000;0.020000;0.0;0.0
sql_base.cc;4777;0.020000;0.020000;0.0;0.0
sql_base.cc;1722;0.020000;0.020000;0.0;0.0
item.h;763;0.020000;0.020000;0.0;0.0
sql_parse.cc;3864;0.020000;0.020000;0.0;0.0
handler.cc;3849;0.020000;0.020000;0.0;0.0
page0cur.cc;814;0.020000;0.020000;0.0;0.0
sql_prepare.cc;5589;0.020000;0.020000;0.0;0.0
btr0cur.cc;1259;0.020000;0.020000;0.0;0.0
memset-vec-unaligned-erms.S;427;0.020000;0.020000;0.0;0.0
sql_select.cc;2636;0.020000;0.020000;0.0;0.0
item.h;4628;0.020000;0.020000;0.0;0.0
item_cmpfunc.cc;7477;0.020000;0.020000;0.0;0.0
sql_select.cc;26126;0.020000;0.020000;0.0;0.0
viosocket.c;169;0.020000;0.020000;0.0;0.0
sql_select.cc;4370;0.020000;0.020000;0.0;0.0
protocol.cc;561;0.020000;0.020000;0.0;0.0
sql_select.cc;6181;0.020000;0.020000;0.0;0.0
sql_select.cc;31712;0.020000;0.020000;0.0;0.0
sql_explain.cc;79;0.020000;0.020000;0.0;0.0
trx0trx.cc;931;0.020000;0.020000;0.0;0.0
rem0rec.inl;946;0.020000;0.020000;0.0;0.0
protocol.cc;1100;0.020000;0.020000;0.0;0.0
sql_select.cc;6497;0.020000;0.020000;0.0;0.0
sql_select.h;951;0.020000;0.020000;0.0;0.0
sql_select.cc;572;0.020000;0.020000;0.0;0.0
mdl.cc;1983;0.020000;0.020000;0.0;0.0
sql_select.cc;18356;0.020000;0.020000;0.0;0.0
my_bit.h;102;0.020000;0.020000;0.0;0.0
rem0rec.cc;907;0.020000;0.020000;0.0;0.0
sql_lex.cc;5671;0.020000;0.020000;0.0;0.0
protocol.cc;1350;0.020000;0.020000;0.0;0.0
row0sel.cc;4914;0.020000;0.020000;0.0;0.0
net_serv.cc;1225;0.020000;0.020000;0.0;0.0
sql_class.cc;3260;0.020000;0.020000;0.0;0.0
sql_class.cc;461;0.020000;0.020000;0.0;0.0
lock.cc;399;0.020000;0.020000;0.0;0.0
xa.h;35;0.020000;0.020000;0.0;0.0
sql_class.h;1362;0.020000;0.020000;0.0;0.0
mf_qsort.c;131;0.020000;0.020000;0.0;0.0
item.cc;735;0.020000;0.020000;0.0;0.0
btr0pcur.cc;64;0.020000;0.020000;0.0;0.0
sql_select.cc;6872;0.020000;0.020000;0.0;0.0
lf_hash.cc;472;0.020000;0.020000;0.0;0.0
memset-vec-unaligned-erms.S;252;0.020000;0.020000;0.0;0.0
sql_parse.cc;6845;0.020000;0.020000;0.0;0.0
sql_string.cc;1318;0.020000;0.020000;0.0;0.0
crc32c_amd64.cc;630;0.020000;0.020000;0.0;0.0
net_serv.cc;933;0.020000;0.020000;0.0;0.0
sql_explain.cc;51;0.020000;0.020000;0.0;0.0
row0mysql.cc;1025;0.020000;0.020000;0.0;0.0
lf_hash.cc;459;0.020000;0.020000;0.0;0.0
sql_statistics.cc;3268;0.020000;0.020000;0.0;0.0
sql_array.h;299;0.020000;0.020000;0.0;0.0
sql_select.cc;2017;0.020000;0.020000;0.0;0.0
sql_lex.cc;5798;0.020000;0.020000;0.0;0.0
sql_select.cc;3577;0.020000;0.020000;0.0;0.0
item_func.cc;147;0.020000;0.020000;0.0;0.0
trx0trx.cc;1571;0.020000;0.020000;0.0;0.0
page0page.h;622;0.020000;0.020000;0.0;0.0
sql_union.cc;2971;0.020000;0.020000;0.0;0.0
sql_select.cc;31120;0.020000;0.020000;0.0;0.0
array.c;77;0.020000;0.020000;0.0;0.0
string_fortified.h;59;0.019999;0.019999;0.0;0.0
item_cmpfunc.h;3620;0.019999;0.019999;0.0;0.0
rem0rec.cc;1988;0.019999;0.019999;0.0;0.0
sql_plist.h;98;0.019999;0.019999;0.0;0.0
sql_select.cc;31716;0.019999;0.019999;0.0;0.0
sql_select.cc;968;0.019999;0.019999;0.0;0.0
sql_explain.cc;81;0.019999;0.019999;0.0;0.0
sql_explain.cc;179;0.019999;0.019999;0.0;0.0
sql_type.h;3221;0.019999;0.019999;0.0;0.0
sql_class.h;4278;0.019999;0.019999;0.0;0.0
sql_select.cc;13134;0.019999;0.019999;0.0;0.0
my_getsystime.c;54;0.019999;0.019999;0.0;0.0
sql_prepare.cc;3324;0.019999;0.019999;0.0;0.0
errno-loc.c;27;0.019999;0.019999;0.0;0.0
sql_select.cc;18964;0.019999;0.019999;0.0;0.0
item_func.cc;146;0.019999;0.019999;0.0;0.0
sql_select.cc;19594;0.019999;0.019999;0.0;0.0
field.h;1199;0.019999;0.019999;0.0;0.0
malloc.c;3015;0.019999;0.019999;0.0;0.0
sql_select.cc;2295;0.019999;0.019999;0.0;0.0
sql_select.cc;17014;0.019999;0.019999;0.0;0.0
sql_select.cc;20840;0.019999;0.019999;0.0;0.0
lf_hash.cc;132;0.019999;0.019999;0.0;0.0
table.cc;5380;0.019999;0.019999;0.0;0.0
sql_select.cc;5873;0.019999;0.019999;0.0;0.0
string_fortified.h;29;0.019999;0.019999;0.0;0.0
sql_parse.cc;1816;0.019999;0.019999;0.0;0.0
sql_parse.cc;1654;0.019999;0.019999;0.0;0.0
sql_select.cc;13381;0.019999;0.019999;0.0;0.0
sql_acl.cc;10319;0.019999;0.019999;0.0;0.0
sql_statistics.cc;3267;0.019999;0.019999;0.0;0.0
sql_class.cc;6164;0.019999;0.019999;0.0;0.0
sql_select.cc;13225;0.019999;0.019999;0.0;0.0
sql_base.cc;4941;0.019999;0.019999;0.0;0.0
sql_explain.cc;901;0.019999;0.019999;0.0;0.0
sql_select.cc;1896;0.019999;0.019999;0.0;0.0
sql_lex.cc;3790;0.019999;0.019999;0.0;0.0
sql_select.cc;29957;0.019999;0.019999;0.0;0.0
sql_type.h;5474;0.019999;0.019999;0.0;0.0
temporary_tables.cc;523;0.019999;0.019999;0.0;0.0
sql_parse.cc;7097;0.019999;0.019999;0.0;0.0
item.cc;4751;0.019999;0.019999;0.0;0.0
sql_class.cc;3463;0.019999;0.019999;0.0;0.0
sql_class.cc;4306;0.019999;0.019999;0.0;0.0
mdl.cc;2632;0.019999;0.019999;0.0;0.0
page0cur.cc;226;0.019999;0.019999;0.0;0.0
ha_innodb.cc;16448;0.019999;0.019999;0.0;0.0
sql_select.cc;7808;0.019999;0.019999;0.0;0.0
sql_lex.cc;5652;0.019999;0.019999;0.0;0.0
sql_alloc.h;36;0.019999;0.019999;0.0;0.0
my_alloc.c;312;0.019999;0.019999;0.0;0.0
sql_select.cc;1377;0.019999;0.019999;0.0;0.0
sql_statistics.cc;3383;0.019999;0.019999;0.0;0.0
sql_string.h;292;0.019999;0.019999;0.0;0.0
cancellation.c;74;0.019999;0.019999;0.0;0.0
mysqld.cc;1258;0.019999;0.019999;0.0;0.0
rem0rec.cc;430;0.019999;0.019999;0.0;0.0
sql_select.cc;471;0.019999;0.019999;0.0;0.0
sql_class.cc;3443;0.019999;0.019999;0.0;0.0
my_bitmap.h;116;0.019999;0.019999;0.0;0.0
strcmp-avx2.S;287;0.019999;0.019999;0.0;0.0
sql_window.cc;241;0.019999;0.019999;0.0;0.0
opt_range.cc;1216;0.019999;0.019999;0.0;0.0
sql_type.h;3178;0.019999;0.019999;0.0;0.0
sql_select.cc;13838;0.019999;0.019999;0.0;0.0
sql_array.h;38;0.019999;0.019999;0.0;0.0
sql_base.cc;4906;0.019999;0.019999;0.0;0.0
sql_select.cc;1764;0.019999;0.019999;0.0;0.0
page0cur.cc;338;0.019999;0.019999;0.0;0.0
item_func.cc;570;0.019999;0.019999;0.0;0.0
sql_class.cc;6433;0.019999;0.019999;0.0;0.0
sql_select.cc;31402;0.019999;0.019999;0.0;0.0
row0sel.cc;3251;0.019999;0.019999;0.0;0.0
sql_select.cc;21325;0.019999;0.019999;0.0;0.0
sql_acl.cc;9966;0.019999;0.019999;0.0;0.0
pthread_mutex_unlock.c;357;0.019999;0.019999;0.0;0.0
sql_base.cc;6040;0.019999;0.019999;0.0;0.0
sql_select.cc;5192;0.019999;0.019999;0.0;0.0
sql_base.cc;9191;0.019999;0.019999;0.0;0.0
item.cc;3771;0.019999;0.019999;0.0;0.0
mtr0mtr.cc;71;0.019999;0.019999;0.0;0.0
sql_select.cc;5411;0.019999;0.019999;0.0;0.0
sql_select.cc;16432;0.019999;0.019999;0.0;0.0
strcmp-avx2.S;319;0.019999;0.019999;0.0;0.0
sql_select.cc;6494;0.019999;0.019999;0.0;0.0
sql_select.cc;4964;0.019999;0.019999;0.0;0.0
row0sel.cc;5509;0.019999;0.019999;0.0;0.0
sql_list.h;242;0.019999;0.019999;0.0;0.0
table.h;1194;0.019999;0.019999;0.0;0.0
sql_select.cc;18781;0.019999;0.019999;0.0;0.0
sql_explain.cc;3050;0.019999;0.019999;0.0;0.0
sql_explain.cc;82;0.019999;0.019999;0.0;0.0
ctype-bin.c;88;0.019999;0.019999;0.0;0.0
sql_explain.h;217;0.019999;0.019999;0.0;0.0
sql_select.cc;2222;0.019999;0.019999;0.0;0.0
sql_select.cc;5908;0.019999;0.019999;0.0;0.0
sql_select.cc;1696;0.019999;0.019999;0.0;0.0
sql_lex.cc;6324;0.019999;0.019999;0.0;0.0
mysqld.cc;742;0.019999;0.019999;0.0;0.0
handler.h;3779;0.019999;0.019999;0.0;0.0
my_malloc.c;71;0.019999;0.019999;0.0;0.0
sql_parse.cc;3581;0.019999;0.019999;0.0;0.0
sql_parse.cc;7406;0.019999;0.019999;0.0;0.0
item.h;4865;0.019999;0.019999;0.0;0.0
lf_hash.cc;456;0.019999;0.019999;0.0;0.0
sql_select.cc;7759;0.019999;0.019999;0.0;0.0
item_cmpfunc.cc;430;0.019999;0.019999;0.0;0.0
errno-loc.c;25;0.019999;0.019999;0.0;0.0
row0sel.cc;5229;0.019999;0.019999;0.0;0.0
sql_lex.h;1657;0.019999;0.019999;0.0;0.0
sql_class.cc;4897;0.019999;0.019999;0.0;0.0
sql_select.cc;16823;0.019999;0.019999;0.0;0.0
lock.cc;481;0.019999;0.019999;0.0;0.0
viosocket.c;111;0.019999;0.019999;0.0;0.0
sql_base.cc;6967;0.019999;0.019999;0.0;0.0
sql_string.h;689;0.019999;0.019999;0.0;0.0
sql_select.cc;20600;0.019999;0.019999;0.0;0.0
sql_base.cc;9134;0.019999;0.019999;0.0;0.0
rem0rec.h;131;0.019999;0.019999;0.0;0.0
mdl.cc;2911;0.019999;0.019999;0.0;0.0
buf0types.h;132;0.019999;0.019999;0.0;0.0
item.cc;451;0.019999;0.019999;0.0;0.0
item.h;1251;0.019999;0.019999;0.0;0.0
ha_innodb.cc;3643;0.019999;0.019999;0.0;0.0
sql_select.cc;1880;0.019999;0.019999;0.0;0.0
lock.cc;836;0.019999;0.019999;0.0;0.0
sql_select.h;968;0.019999;0.019999;0.0;0.0
sql_class.cc;3489;0.019999;0.019999;0.0;0.0
sql_base.cc;3808;0.019999;0.019999;0.0;0.0
pthread_mutex_trylock.c;47;0.019999;0.019999;0.0;0.0
sql_select.cc;16826;0.019999;0.019999;0.0;0.0
sql_parse.cc;7380;0.019999;0.019999;0.0;0.0
item_func.cc;541;0.019999;0.019999;0.0;0.0
net_serv.cc;663;0.019999;0.019999;0.0;0.0
sql_select.cc;3401;0.019999;0.019999;0.0;0.0
sql_select.cc;29526;0.019999;0.019999;0.0;0.0
memset-vec-unaligned-erms.S;198;0.019999;0.019999;0.0;0.0
sql_explain.cc;904;0.019999;0.019999;0.0;0.0
atomic;312;0.019999;0.019999;0.0;0.0
sql_select.cc;26162;0.019999;0.019999;0.0;0.0
sql_base.cc;6349;0.019999;0.019999;0.0;0.0
sql_select.cc;25357;0.019999;0.019999;0.0;0.0
sql_prepare.cc;5581;0.019999;0.019999;0.0;0.0
sql_select.cc;17308;0.019999;0.019999;0.0;0.0
dict0dict.cc;2175;0.019999;0.019999;0.0;0.0
sql_select.cc;3580;0.019999;0.019999;0.0;0.0
sql_class.cc;1527;0.019999;0.019999;0.0;0.0
sql_lex.cc;3100;0.019999;0.019999;0.0;0.0
opt_context_store_replay.cc;1641;0.019999;0.019999;0.0;0.0
rem0rec.inl;654;0.019999;0.019999;0.0;0.0
array.c;50;0.019999;0.019999;0.0;0.0
sql_string.h;138;0.019999;0.019999;0.0;0.0
table.cc;8973;0.019999;0.019999;0.0;0.0
my_alloc.c;522;0.019999;0.019999;0.0;0.0
sql_select.cc;31775;0.019999;0.019999;0.0;0.0
memmove-vec-unaligned-erms.S;367;0.019999;0.019999;0.0;0.0
handler.h;3756;0.019999;0.019999;0.0;0.0
page0cur.cc;45;0.019999;0.019999;0.0;0.0
sql_array.h;125;0.019999;0.019999;0.0;0.0
my_bitmap.h;95;0.019999;0.019999;0.0;0.0
rem0rec.cc;741;0.019999;0.019999;0.0;0.0
item.h;5986;0.019999;0.019999;0.0;0.0
sql_select.cc;511;0.019999;0.019999;0.0;0.0
sql_limit.h;94;0.019999;0.019999;0.0;0.0
sql_select.cc;5151;0.019999;0.019999;0.0;0.0
field.cc;11690;0.019999;0.019999;0.0;0.0
transaction.cc;492;0.019999;0.019999;0.0;0.0
sql_base.cc;8178;0.019999;0.019999;0.0;0.0
sql_select.cc;5622;0.019999;0.019999;0.0;0.0
sql_select.cc;13088;0.019999;0.019999;0.0;0.0
sql_lex.cc;3109;0.019999;0.019999;0.0;0.0
lf_hash.cc;435;0.019999;0.019999;0.0;0.0
sql_select.cc;4946;0.019999;0.019999;0.0;0.0
sql_base.cc;9860;0.019999;0.019999;0.0;0.0
sql_lex.cc;5613;0.019999;0.019999;0.0;0.0
sql_parse.cc;1646;0.019999;0.019999;0.0;0.0
sql_parse.cc;1143;0.019999;0.019999;0.0;0.0
sql_prepare.cc;3354;0.019999;0.019999;0.0;0.0
sql_select.cc;18785;0.019999;0.019999;0.0;0.0
table_cache.cc;936;0.019999;0.019999;0.0;0.0
ha_innodb.cc;9324;0.019999;0.019999;0.0;0.0
sql_plugin.cc;3255;0.019999;0.019999;0.0;0.0
table.cc;9010;0.019999;0.019999;0.0;0.0
sql_select.cc;16277;0.019999;0.019999;0.0;0.0
mtr0mtr.cc;595;0.019999;0.019999;0.0;0.0
sql_select.cc;24172;0.019999;0.019999;0.0;0.0
table.cc;8952;0.019999;0.019999;0.0;0.0
handler.cc;8106;0.019999;0.019999;0.0;0.0
page0cur.cc;585;0.019999;0.019999;0.0;0.0
sql_class.h;3527;0.019999;0.019999;0.0;0.0
sql_class.cc;6992;0.019999;0.019999;0.0;0.0
sql_select.cc;18396;0.019999;0.019999;0.0;0.0
sql_select.cc;5704;0.019999;0.019999;0.0;0.0
my_alloc.c;490;0.019999;0.019999;0.0;0.0
net_serv.cc;387;0.019999;0.019999;0.0;0.0
item.cc;7277;0.019999;0.019999;0.0;0.0
strings_def.h;96;0.019999;0.019999;0.0;0.0
item.cc;3386;0.019999;0.019999;0.0;0.0
field.cc;7814;0.019999;0.019999;0.0;0.0
opt_range.cc;1212;0.019999;0.019999;0.0;0.0
sql_select.cc;13836;0.019999;0.019999;0.0;0.0
dict0dict.cc;3885;0.019999;0.019999;0.0;0.0
item.cc;6751;0.019999;0.019999;0.0;0.0
sql_lex.cc;5779;0.019999;0.019999;0.0;0.0
item.cc;11836;0.019999;0.019999;0.0;0.0
sql_select.cc;7996;0.019999;0.019999;0.0;0.0
sql_select.cc;28847;0.019999;0.019999;0.0;0.0
lf_hash.cc;145;0.019999;0.019999;0.0;0.0
protocol.cc;1214;0.019999;0.019999;0.0;0.0
sql_select.cc;6343;0.019999;0.019999;0.0;0.0
sql_select.cc;14390;0.019999;0.019999;0.0;0.0
sql_select.cc;17372;0.019999;0.019999;0.0;0.0
records.cc;348;0.019998;0.019998;0.0;0.0
sql_select.cc;13519;0.019998;0.019998;0.0;0.0
buf0buf.cc;2704;0.019998;0.019998;0.0;0.0
ha_innodb.cc;7756;0.019998;0.019998;0.0;0.0
sql_select.cc;7420;0.019998;0.019998;0.0;0.0
sql_select.cc;24100;0.019998;0.019998;0.0;0.0
item.h;6199;0.019998;0.019998;0.0;0.0
rem0rec.h;252;0.019998;0.019998;0.0;0.0
page0cur.cc;185;0.019998;0.019998;0.0;0.0
pthread_mutex_trylock.c;67;0.019998;0.019998;0.0;0.0
trx0trx.cc;1543;0.019998;0.019998;0.0;0.0
sql_class.h;6644;0.019998;0.019998;0.0;0.0
row0mysql.cc;1014;0.019998;0.019998;0.0;0.0
btr0cur.cc;1483;0.019998;0.019998;0.0;0.0
sql_list.h;536;0.019998;0.019998;0.0;0.0
sql_select.cc;18104;0.019998;0.019998;0.0;0.0
sql_statistics.cc;3263;0.019998;0.019998;0.0;0.0
mtr0mtr.cc;74;0.019998;0.019998;0.0;0.0
opt_trace.cc;63;0.019998;0.019998;0.0;0.0
handler.cc;1671;0.019998;0.019998;0.0;0.0
ha_innodb.cc;9285;0.019998;0.019998;0.0;0.0
table.cc;8972;0.019998;0.019998;0.0;0.0
item.h;6199;0.019998;0.019998;0.0;0.0
sql_list.h;298;0.019998;0.019998;0.0;0.0
sql_select.cc;6882;0.019998;0.019998;0.0;0.0
field.h;1196;0.019998;0.019998;0.0;0.0
sql_base.cc;6609;0.019998;0.019998;0.0;0.0
sql_select.cc;4947;0.019998;0.019998;0.0;0.0
row0sel.cc;3251;0.019998;0.019998;0.0;0.0
item.cc;4932;0.019998;0.019998;0.0;0.0
table.cc;7794;0.019998;0.019998;0.0;0.0
sql_base.cc;2296;0.019998;0.019998;0.0;0.0
sql_select.cc;4863;0.019998;0.019998;0.0;0.0
cset_narrowing.h;81;0.019998;0.019998;0.0;0.0
sql_class.h;7048;0.019998;0.019998;0.0;0.0
sql_select.cc;6082;0.019998;0.019998;0.0;0.0
opt_hints.cc;1370;0.019998;0.019998;0.0;0.0
field.h;1319;0.019998;0.019998;0.0;0.0
sql_lex.cc;5286;0.019998;0.019998;0.0;0.0
sql_select.cc;30022;0.019998;0.019998;0.0;0.0
handler.cc;3831;0.019998;0.019998;0.0;0.0
sql_select.cc;3587;0.019998;0.019998;0.0;0.0
item.cc;639;0.019998;0.019998;0.0;0.0
ha_innodb.cc;9287;0.019998;0.019998;0.0;0.0
sql_select.cc;5916;0.019998;0.019998;0.0;0.0
rem0cmp.cc;407;0.019998;0.019998;0.0;0.0
opt_vcol_substitution.cc;129;0.019998;0.019998;0.0;0.0
item_cmpfunc.cc;7599;0.019998;0.019998;0.0;0.0
net_serv.cc;631;0.019998;0.019998;0.0;0.0
sql_class.cc;6186;0.019998;0.019998;0.0;0.0
sql_select.cc;5678;0.019998;0.019998;0.0;0.0
item_cmpfunc.h;858;0.019998;0.019998;0.0;0.0
ha_innodb.cc;9292;0.019998;0.019998;0.0;0.0
sql_select.cc;6070;0.019998;0.019998;0.0;0.0
row0sel.cc;4472;0.019998;0.019998;0.0;0.0
sql_select.cc;5702;0.019998;0.019998;0.0;0.0
item_func.cc;362;0.019998;0.019998;0.0;0.0
row0sel.cc;2955;0.019998;0.019998;0.0;0.0
field.cc;2251;0.019998;0.019998;0.0;0.0
opt_split.cc;1503;0.019998;0.019998;0.0;0.0
sql_select.cc;2408;0.019998;0.019998;0.0;0.0
field.h;4189;0.019998;0.019998;0.0;0.0
item_cmpfunc.cc;7450;0.019998;0.019998;0.0;0.0
buf0buf.h;766;0.019998;0.019998;0.0;0.0
memmove-vec-unaligned-erms.S;308;0.019998;0.019998;0.0;0.0
sql_parse.cc;1266;0.019998;0.019998;0.0;0.0
malloc.c;3294;0.019998;0.019998;0.0;0.0
sql_class.cc;4901;0.019998;0.019998;0.0;0.0
psi_noop.c;517;0.019998;0.019998;0.0;0.0
sql_base.cc;6653;0.019998;0.019998;0.0;0.0
my_malloc.c;193;0.019998;0.019998;0.0;0.0
item_func.cc;532;0.019998;0.019998;0.0;0.0
mdl.cc;3763;0.019998;0.019998;0.0;0.0
sql_lex.h;1017;0.019998;0.019998;0.0;0.0
sql_list.h;243;0.019998;0.019998;0.0;0.0
handler.cc;8052;0.019998;0.019998;0.0;0.0
item.h;2226;0.019998;0.019998;0.0;0.0
my_alloc.c;422;0.019998;0.019998;0.0;0.0
sql_acl.cc;15402;0.019998;0.019998;0.0;0.0
sql_list.h;295;0.019998;0.019998;0.0;0.0
strcmp-avx2.S;294;0.019998;0.019998;0.0;0.0
opt_range.cc;1245;0.019998;0.019998;0.0;0.0
sql_select.cc;24109;0.019998;0.019998;0.0;0.0
protocol.cc;52;0.019998;0.019998;0.0;0.0
field.h;1565;0.019998;0.019998;0.0;0.0
field.h;926;0.019998;0.019998;0.0;0.0
mysql_thread.h;752;0.019998;0.019998;0.0;0.0
ha_innodb.cc;5222;0.019998;0.019998;0.0;0.0
ha_innodb.cc;16657;0.019998;0.019998;0.0;0.0
sql_select.cc;26102;0.019998;0.019998;0.0;0.0
sql_base.cc;860;0.019998;0.019998;0.0;0.0
sql_class.cc;3458;0.019998;0.019998;0.0;0.0
row0sel.cc;4516;0.019998;0.019998;0.0;0.0
sql_base.cc;6099;0.019998;0.019998;0.0;0.0
sql_lex.cc;4513;0.019998;0.019998;0.0;0.0
sql_class.h;5386;0.019998;0.019998;0.0;0.0
sql_select.cc;6423;0.019998;0.019998;0.0;0.0
sql_select.cc;2764;0.019998;0.019998;0.0;0.0
sql_lex.h;1925;0.019998;0.019998;0.0;0.0
sql_select.cc;1561;0.019998;0.019998;0.0;0.0
sql_select.cc;34529;0.019998;0.019998;0.0;0.0
sql_select.cc;6492;0.019998;0.019998;0.0;0.0
rem0rec.cc;1990;0.019998;0.019998;0.0;0.0
item_cmpfunc.cc;7488;0.019998;0.019998;0.0;0.0
lock.cc;204;0.019998;0.019998;0.0;0.0
item.h;2934;0.019998;0.019998;0.0;0.0
sql_prepare.cc;4856;0.019998;0.019998;0.0;0.0
sql_select.cc;3086;0.019998;0.019998;0.0;0.0
sql_select.h;980;0.019998;0.019998;0.0;0.0
buf0buf.h;1446;0.019998;0.019998;0.0;0.0
sql_base.cc;9830;0.019998;0.019998;0.0;0.0
sql_class.cc;3421;0.019998;0.019998;0.0;0.0
sql_parse.cc;5935;0.019998;0.019998;0.0;0.0
rem0rec.cc;2120;0.019998;0.019998;0.0;0.0
sql_select.cc;7812;0.019998;0.019998;0.0;0.0
sql_explain.cc;1483;0.019998;0.019998;0.0;0.0
sql_type.cc;5943;0.019998;0.019998;0.0;0.0
lf_hash.cc;164;0.019998;0.019998;0.0;0.0
sql_select.cc;13799;0.019998;0.019998;0.0;0.0
sql_error.h;742;0.019998;0.019998;0.0;0.0
sql_select.cc;5724;0.019998;0.019998;0.0;0.0
memcmp-avx2-movbe.S;444;0.019998;0.019998;0.0;0.0
page0cur.cc;604;0.019998;0.019998;0.0;0.0
table.cc;9220;0.019998;0.019998;0.0;0.0
sql_class.h;2037;0.019998;0.019998;0.0;0.0
sql_select.cc;31613;0.019998;0.019998;0.0;0.0
ha_innodb.cc;7171;0.019998;0.019998;0.0;0.0
row0sel.cc;2622;0.019998;0.019998;0.0;0.0
trx0trx.cc;918;0.019998;0.019998;0.0;0.0
item.cc;3769;0.019997;0.019997;0.0;0.0
sql_select.cc;5164;0.019997;0.019997;0.0;0.0
sql_select.cc;7399;0.019997;0.019997;0.0;0.0
sql_parse.cc;6146;0.019997;0.019997;0.0;0.0
row0sel.cc;5811;0.019997;0.019997;0.0;0.0
opt_split.cc;1500;0.019997;0.019997;0.0;0.0
sql_prepare.cc;3330;0.019997;0.019997;0.0;0.0
field.h;1503;0.019997;0.019997;0.0;0.0
sql_base.cc;2438;0.019997;0.019997;0.0;0.0
sql_select.cc;25337;0.019997;0.019997;0.0;0.0
sql_select.cc;7830;0.019997;0.019997;0.0;0.0
sql_select.cc;31101;0.019997;0.019997;0.0;0.0
dict0mem.h;2171;0.019997;0.019997;0.0;0.0
item_func.cc;147;0.019997;0.019997;0.0;0.0
sql_list.h;190;0.019997;0.019997;0.0;0.0
memcmp-avx2-movbe.S;402;0.019997;0.019997;0.0;0.0
item_cmpfunc.cc;793;0.019997;0.019997;0.0;0.0
table.cc;9090;0.019997;0.019997;0.0;0.0
sql_select.cc;1513;0.019997;0.019997;0.0;0.0
opt_subselect.cc;5573;0.019997;0.019997;0.0;0.0
row0sel.cc;3103;0.019997;0.019997;0.0;0.0
net_serv.cc;1221;0.019997;0.019997;0.0;0.0
fast-jitter.h;35;0.019997;0.019997;0.0;0.0
sql_select.h;1080;0.019997;0.019997;0.0;0.0
net_serv.cc;695;0.019997;0.019997;0.0;0.0
sql_class.h;6373;0.019997;0.019997;0.0;0.0
memcmp-avx2-movbe.S;463;0.019997;0.019997;0.0;0.0
net_serv.cc;955;0.019997;0.019997;0.0;0.0
sql_select.cc;2077;0.019997;0.019997;0.0;0.0
lock.cc;781;0.019997;0.019997;0.0;0.0
sql_base.cc;8368;0.019997;0.019997;0.0;0.0
lf_hash.cc;435;0.019997;0.019997;0.0;0.0
sql_prepare.cc;980;0.019997;0.019997;0.0;0.0
memmove-vec-unaligned-erms.S;262;0.019997;0.019997;0.0;0.0
field.h;925;0.019997;0.019997;0.0;0.0
sql_select.cc;13140;0.019997;0.019997;0.0;0.0
sql_class.h;4416;0.019997;0.019997;0.0;0.0
field.h;1503;0.019997;0.019997;0.0;0.0
page0cur.cc;940;0.019997;0.019997;0.0;0.0
row0sel.cc;2985;0.019997;0.019997;0.0;0.0
item_cmpfunc.cc;438;0.019997;0.019997;0.0;0.0
rem0rec.inl;221;0.019997;0.019997;0.0;0.0
sql_base.cc;6111;0.019997;0.019997;0.0;0.0
sql_select.cc;558;0.019997;0.019997;0.0;0.0
item_cmpfunc.h;3685;0.019997;0.019997;0.0;0.0
sql_select.h;1222;0.019997;0.019997;0.0;0.0
sql_select.cc;1604;0.019997;0.019997;0.0;0.0
strcoll.inl;142;0.019997;0.019997;0.0;0.0
item_cmpfunc.cc;7690;0.019997;0.019997;0.0;0.0
sql_select.cc;4948;0.019997;0.019997;0.0;0.0
sql_select.cc;1484;0.019997;0.019997;0.0;0.0
small_vector.h;34;0.019997;0.019997;0.0;0.0
memset-vec-unaligned-erms.S;253;0.019997;0.019997;0.0;0.0
net_serv.cc;1104;0.019997;0.019997;0.0;0.0
sql_select.cc;6180;0.019997;0.019997;0.0;0.0
sql_select.cc;2559;0.019997;0.019997;0.0;0.0
sql_select.h;2874;0.019997;0.019997;0.0;0.0
sql_statistics.cc;3303;0.019996;0.019996;0.0;0.0
trx0trx.cc;940;0.019996;0.019996;0.0;0.0
sql_select.cc;1890;0.019996;0.019996;0.0;0.0
sql_prepare.cc;3333;0.019996;0.019996;0.0;0.0
ha_innodb.cc;16447;0.019996;0.019996;0.0;0.0
sql_base.cc;2435;0.019996;0.019996;0.0;0.0
mysql_statement.h;172;0.019996;0.019996;0.0;0.0
sql_select.cc;5459;0.019996;0.019996;0.0;0.0
sql_base.cc;8699;0.019996;0.019996;0.0;0.0
sql_select.cc;32910;0.019996;0.019996;0.0;0.0
sql_select.cc;2216;0.019996;0.019996;0.0;0.0
field.cc;7554;0.019996;0.019996;0.0;0.0
sql_lex.h;1049;0.019995;0.019995;0.0;0.0
field.h;1547;0.019994;0.019994;0.0;0.0
sql_class.cc;1523;0.019994;0.019994;0.0;0.0
sql_select.cc;6734;0.019994;0.019994;0.0;0.0
item.cc;7288;0.019989;0.019989;0.0;0.0
sql_lex.cc;3645;0.019987;0.019987;0.0;0.0
item_func.cc;541;0.019981;0.019981;0.0;0.0
sql_select.cc;2817;0.019970;0.019970;0.0;0.0
sql_select.cc;2434;0.010021;0.010021;0.0;0.0
sql_select.cc;31802;0.010021;0.010021;0.0;0.0
ha_innodb.cc;7463;0.010016;0.010016;0.0;0.0
lock.cc;465;0.010015;0.010015;0.0;0.0
opt_subselect.cc;5948;0.010015;0.010015;0.0;0.0
sql_bitmap.h;211;0.010011;0.010011;0.0;0.0
sql_parse.cc;3997;0.010010;0.010010;0.0;0.0
field.cc;11419;0.010005;0.010005;0.0;0.0
sql_select.cc;31674;0.010002;0.010002;0.0;0.0
mysqld.cc;3847;0.010002;0.010002;0.0;0.0
read0types.h;132;0.010002;0.010002;0.0;0.0
privilege.h;206;0.010001;0.010001;0.0;0.0
field.h;1565;0.010001;0.010001;0.0;0.0
sql_select.cc;7456;0.010001;0.010001;0.0;0.0
privilege.h;196;0.010001;0.010001;0.0;0.0
row0sel.cc;3118;0.010001;0.010001;0.0;0.0
buf0lru.cc;703;0.010001;0.010001;0.0;0.0
array.c;107;0.010001;0.010001;0.0;0.0
table.cc;10486;0.010001;0.010001;0.0;0.0
sql_lex.cc;12873;0.010001;0.010001;0.0;0.0
sql_select.cc;2514;0.010001;0.010001;0.0;0.0
sql_cache.cc;1070;0.010001;0.010001;0.0;0.0
sql_select.cc;13850;0.010001;0.010001;0.0;0.0
sql_class.cc;1019;0.010001;0.010001;0.0;0.0
sql_select.cc;31400;0.010001;0.010001;0.0;0.0
memmove-vec-unaligned-erms.S;412;0.010001;0.010001;0.0;0.0
lf_hash.cc;203;0.010001;0.010001;0.0;0.0
sql_select.cc;16435;0.010001;0.010001;0.0;0.0
viosocket.c;922;0.010001;0.010001;0.0;0.0
sql_select.cc;13812;0.010001;0.010001;0.0;0.0
sql_select.cc;18793;0.010001;0.010001;0.0;0.0
sql_select.cc;13549;0.010001;0.010001;0.0;0.0
sql_lex.cc;5798;0.010001;0.010001;0.0;0.0
item.cc;8128;0.010001;0.010001;0.0;0.0
sql_class.cc;3378;0.010001;0.010001;0.0;0.0
field.h;2894;0.010001;0.010001;0.0;0.0
rem0rec.inl;223;0.010001;0.010001;0.0;0.0
row0sel.cc;5638;0.010001;0.010001;0.0;0.0
table.cc;6063;0.010001;0.010001;0.0;0.0
ha_innodb.cc;16728;0.010001;0.010001;0.0;0.0
sql_lex.h;1467;0.010001;0.010001;0.0;0.0
sql_select.cc;31810;0.010001;0.010001;0.0;0.0
sql_select.cc;5664;0.010001;0.010001;0.0;0.0
ctype-ascii.h;97;0.010001;0.010001;0.0;0.0
lock.cc;351;0.010001;0.010001;0.0;0.0
sql_class.h;4416;0.010001;0.010001;0.0;0.0
sql_select.cc;1831;0.010001;0.010001;0.0;0.0
trx0trx.cc;996;0.010001;0.010001;0.0;0.0
sql_select.cc;1764;0.010001;0.010001;0.0;0.0
page0cur.cc;463;0.010001;0.010001;0.0;0.0
protocol.cc;38;0.010001;0.010001;0.0;0.0
mtr0mtr.cc;186;0.010001;0.010001;0.0;0.0
trx0trx.cc;939;0.010001;0.010001;0.0;0.0
sql_list.h;148;0.010000;0.010000;0.0;0.0
rem0rec.inl;137;0.010000;0.010000;0.0;0.0
sql_select.cc;18207;0.010000;0.010000;0.0;0.0
sql_class.h;8432;0.010000;0.010000;0.0;0.0
lock.cc;858;0.010000;0.010000;0.0;0.0
ha_innodb.cc;15122;0.010000;0.010000;0.0;0.0
net_serv.cc;1085;0.010000;0.010000;0.0;0.0
sql_select.cc;6337;0.010000;0.010000;0.0;0.0
memmove-vec-unaligned-erms.S;411;0.010000;0.010000;0.0;0.0
sql_prepare.cc;5381;0.010000;0.010000;0.0;0.0
sql_select.cc;31782;0.010000;0.010000;0.0;0.0
field.h;1208;0.010000;0.010000;0.0;0.0
sql_select.cc;7746;0.010000;0.010000;0.0;0.0
protocol.cc;36;0.010000;0.010000;0.0;0.0
sql_select.cc;17274;0.010000;0.010000;0.0;0.0
ha_innodb.cc;7380;0.010000;0.010000;0.0;0.0
protocol.cc;1251;0.010000;0.010000;0.0;0.0
sql_select.cc;31796;0.010000;0.010000;0.0;0.0
sql_select.cc;2464;0.010000;0.010000;0.0;0.0
sql_select.cc;13402;0.010000;0.010000;0.0;0.0
sql_class.cc;3439;0.010000;0.010000;0.0;0.0
item_func.cc;150;0.010000;0.010000;0.0;0.0
sql_lex.cc;5141;0.010000;0.010000;0.0;0.0
sql_type.cc;6014;0.010000;0.010000;0.0;0.0
sql_select.cc;473;0.010000;0.010000;0.0;0.0
sql_select.cc;7597;0.010000;0.010000;0.0;0.0
sql_lex.h;1686;0.010000;0.010000;0.0;0.0
field.cc;7542;0.010000;0.010000;0.0;0.0
sql_plist.h;194;0.010000;0.010000;0.0;0.0
mdl.cc;920;0.010000;0.010000;0.0;0.0
sql_select.cc;32924;0.010000;0.010000;0.0;0.0
sql_audit.cc;136;0.010000;0.010000;0.0;0.0
sql_type.cc;1524;0.010000;0.010000;0.0;0.0
opt_trace.cc;520;0.010000;0.010000;0.0;0.0
item_cmpfunc.cc;527;0.010000;0.010000;0.0;0.0
btr0cur.cc;1268;0.010000;0.010000;0.0;0.0
item_func.cc;450;0.010000;0.010000;0.0;0.0
cset_narrowing.h;100;0.010000;0.010000;0.0;0.0
sql_select.cc;5614;0.010000;0.010000;0.0;0.0
item.h;1855;0.010000;0.010000;0.0;0.0
item.cc;3387;0.010000;0.010000;0.0;0.0
row0sel.cc;4649;0.010000;0.010000;0.0;0.0
protocol.cc;1358;0.010000;0.010000;0.0;0.0
mysql_transaction.h;212;0.010000;0.010000;0.0;0.0
sql_window.cc;347;0.010000;0.010000;0.0;0.0
item_cmpfunc.cc;436;0.010000;0.010000;0.0;0.0
sql_parse.cc;3770;0.010000;0.010000;0.0;0.0
ha_innodb.cc;7455;0.010000;0.010000;0.0;0.0
lf_hash.cc;127;0.010000;0.010000;0.0;0.0
my_alloc.c;357;0.010000;0.010000;0.0;0.0
strings_def.h;103;0.010000;0.010000;0.0;0.0
sql_select.cc;25180;0.010000;0.010000;0.0;0.0
sql_select.cc;13533;0.010000;0.010000;0.0;0.0
field.h;2225;0.010000;0.010000;0.0;0.0
table_cache.cc;399;0.010000;0.010000;0.0;0.0
mdl.cc;1731;0.010000;0.010000;0.0;0.0
item_cmpfunc.h;3595;0.010000;0.010000;0.0;0.0
sql_explain.h;660;0.010000;0.010000;0.0;0.0
multi_range_read.cc;1472;0.010000;0.010000;0.0;0.0
table_cache.cc;106;0.010000;0.010000;0.0;0.0
sql_select.cc;6479;0.010000;0.010000;0.0;0.0
sql_base.cc;4763;0.010000;0.010000;0.0;0.0
page0cur.cc;161;0.010000;0.010000;0.0;0.0
opt_rewrite_remove_casefold.cc;93;0.010000;0.010000;0.0;0.0
ha_innodb.cc;2668;0.010000;0.010000;0.0;0.0
sql_type_json.cc;114;0.010000;0.010000;0.0;0.0
row0sel.cc;5164;0.010000;0.010000;0.0;0.0
my_alloc.c;425;0.010000;0.010000;0.0;0.0
lf_dynarray.c;143;0.010000;0.010000;0.0;0.0
lock.cc;464;0.010000;0.010000;0.0;0.0
field.h;2904;0.010000;0.010000;0.0;0.0
item.h;4086;0.010000;0.010000;0.0;0.0
net_serv.cc;839;0.010000;0.010000;0.0;0.0
buf0buf.cc;2830;0.010000;0.010000;0.0;0.0
lf_alloc-pin.c;248;0.010000;0.010000;0.0;0.0
sql_select.cc;8254;0.010000;0.010000;0.0;0.0
sql_select.cc;517;0.010000;0.010000;0.0;0.0
sql_select.cc;3780;0.010000;0.010000;0.0;0.0
sql_parse.cc;427;0.010000;0.010000;0.0;0.0
sql_select.cc;5176;0.010000;0.010000;0.0;0.0
sql_string.h;935;0.010000;0.010000;0.0;0.0
sql_audit.cc;135;0.010000;0.010000;0.0;0.0
sql_select.cc;6380;0.010000;0.010000;0.0;0.0
mdl.cc;3596;0.010000;0.010000;0.0;0.0
sql_select.cc;13726;0.010000;0.010000;0.0;0.0
buf0lru.cc;728;0.010000;0.010000;0.0;0.0
sql_select.cc;18417;0.010000;0.010000;0.0;0.0
table.cc;5381;0.010000;0.010000;0.0;0.0
item.cc;432;0.010000;0.010000;0.0;0.0
sql_base.cc;9181;0.010000;0.010000;0.0;0.0
buf0buf.cc;2781;0.010000;0.010000;0.0;0.0
sql_base.cc;2363;0.010000;0.010000;0.0;0.0
my_bit.h;101;0.010000;0.010000;0.0;0.0
sql_select.cc;6927;0.010000;0.010000;0.0;0.0
item_func.cc;412;0.010000;0.010000;0.0;0.0
sql_plist.h;91;0.010000;0.010000;0.0;0.0
hash.c;196;0.010000;0.010000;0.0;0.0
lf_hash.cc;303;0.010000;0.010000;0.0;0.0
opt_subselect.cc;6773;0.010000;0.010000;0.0;0.0
opt_range.cc;4367;0.010000;0.010000;0.0;0.0
page0cur.cc;133;0.010000;0.010000;0.0;0.0
sql_select.cc;548;0.010000;0.010000;0.0;0.0
sql_array.h;125;0.010000;0.010000;0.0;0.0
mdl.cc;1954;0.010000;0.010000;0.0;0.0
sql_parse.cc;6132;0.010000;0.010000;0.0;0.0
sql_select.cc;13802;0.010000;0.010000;0.0;0.0
pthread_mutex_lock.c;118;0.010000;0.010000;0.0;0.0
sql_select.cc;14522;0.010000;0.010000;0.0;0.0
item.cc;4765;0.010000;0.010000;0.0;0.0
sql_select.cc;17596;0.010000;0.010000;0.0;0.0
sql_statistics.cc;3261;0.010000;0.010000;0.0;0.0
row0sel.cc;3154;0.010000;0.010000;0.0;0.0
btr0cur.cc;597;0.010000;0.010000;0.0;0.0
sql_explain.cc;1775;0.010000;0.010000;0.0;0.0
page0cur.cc;539;0.010000;0.010000;0.0;0.0
sql_select.cc;31237;0.010000;0.010000;0.0;0.0
sql_lex.cc;5583;0.010000;0.010000;0.0;0.0
sql_prepare.cc;3657;0.010000;0.010000;0.0;0.0
item.h;1284;0.010000;0.010000;0.0;0.0
sql_prepare.cc;5589;0.010000;0.010000;0.0;0.0
sql_select.cc;2489;0.010000;0.010000;0.0;0.0
sql_select.cc;24115;0.010000;0.010000;0.0;0.0
lock.cc;856;0.010000;0.010000;0.0;0.0
sql_select.cc;20868;0.010000;0.010000;0.0;0.0
sql_prepare.cc;5478;0.010000;0.010000;0.0;0.0
item.h;5996;0.010000;0.010000;0.0;0.0
sql_lex.cc;5673;0.010000;0.010000;0.0;0.0
viosocket.c;264;0.010000;0.010000;0.0;0.0
item_cmpfunc.cc;396;0.010000;0.010000;0.0;0.0
field.cc;2247;0.010000;0.010000;0.0;0.0
item_func.cc;144;0.010000;0.010000;0.0;0.0
sql_explain.cc;73;0.010000;0.010000;0.0;0.0
sql_select.cc;24316;0.010000;0.010000;0.0;0.0
sql_union.cc;2772;0.010000;0.010000;0.0;0.0
my_json_writer.h;574;0.010000;0.010000;0.0;0.0
sql_parse.cc;3551;0.010000;0.010000;0.0;0.0
sql_lex.cc;5648;0.010000;0.010000;0.0;0.0
sql_select.cc;1549;0.010000;0.010000;0.0;0.0
field.h;932;0.010000;0.010000;0.0;0.0
ha_innodb.cc;9160;0.010000;0.010000;0.0;0.0
sql_class.h;3526;0.010000;0.010000;0.0;0.0
item_cmpfunc.h;161;0.010000;0.010000;0.0;0.0
ha_innodb.cc;7904;0.010000;0.010000;0.0;0.0
my_bitmap.c;198;0.010000;0.010000;0.0;0.0
buf0buf.cc;2790;0.010000;0.010000;0.0;0.0
sql_audit.cc;136;0.010000;0.010000;0.0;0.0
item.cc;3381;0.010000;0.010000;0.0;0.0
sql_string.h;466;0.010000;0.010000;0.0;0.0
sql_lex.cc;4417;0.010000;0.010000;0.0;0.0
sql_select.cc;2830;0.010000;0.010000;0.0;0.0
sql_base.cc;2389;0.010000;0.010000;0.0;0.0
page0cur.cc;206;0.010000;0.010000;0.0;0.0
sql_cache.cc;1364;0.010000;0.010000;0.0;0.0
sql_select.cc;2031;0.010000;0.010000;0.0;0.0
sp_cache.cc;261;0.010000;0.010000;0.0;0.0
sql_select.cc;17281;0.010000;0.010000;0.0;0.0
sql_select.h;1062;0.010000;0.010000;0.0;0.0
sql_class.h;7059;0.010000;0.010000;0.0;0.0
sql_base.cc;5827;0.010000;0.010000;0.0;0.0
sql_select.cc;18388;0.010000;0.010000;0.0;0.0
sql_class.h;5391;0.010000;0.010000;0.0;0.0
sql_lex.cc;12988;0.010000;0.010000;0.0;0.0
sql_select.cc;31409;0.010000;0.010000;0.0;0.0
sql_base.cc;3428;0.010000;0.010000;0.0;0.0
protocol.cc;1744;0.010000;0.010000;0.0;0.0
row0sel.cc;4816;0.010000;0.010000;0.0;0.0
sql_select.cc;1586;0.010000;0.010000;0.0;0.0
rem0cmp.cc;367;0.010000;0.010000;0.0;0.0
sql_select.cc;5877;0.010000;0.010000;0.0;0.0
protocol.h;70;0.010000;0.010000;0.0;0.0
sql_select.cc;13469;0.010000;0.010000;0.0;0.0
sql_select.h;1125;0.010000;0.010000;0.0;0.0
table_cache.cc;1012;0.010000;0.010000;0.0;0.0
sql_select.cc;4900;0.010000;0.010000;0.0;0.0
sql_select.cc;17267;0.010000;0.010000;0.0;0.0
sql_select.h;1173;0.010000;0.010000;0.0;0.0
ha_innodb.cc;9155;0.010000;0.010000;0.0;0.0
sql_class.cc;2578;0.010000;0.010000;0.0;0.0
sql_select.h;1221;0.010000;0.010000;0.0;0.0
rem0rec.cc;657;0.010000;0.010000;0.0;0.0
opt_hints.cc;1369;0.010000;0.010000;0.0;0.0
sql_statistics.cc;3203;0.010000;0.010000;0.0;0.0
ha_innodb.cc;17207;0.010000;0.010000;0.0;0.0
ha_innodb.cc;3166;0.010000;0.010000;0.0;0.0
sql_select.cc;34790;0.010000;0.010000;0.0;0.0
sql_select.cc;5807;0.010000;0.010000;0.0;0.0
sql_select.cc;6055;0.010000;0.010000;0.0;0.0
mdl.cc;2613;0.010000;0.010000;0.0;0.0
opt_split.cc;1473;0.010000;0.010000;0.0;0.0
ha_innodb.cc;7231;0.010000;0.010000;0.0;0.0
sql_parse.cc;6015;0.010000;0.010000;0.0;0.0
row0sel.cc;5862;0.010000;0.010000;0.0;0.0
row0sel.cc;4819;0.010000;0.010000;0.0;0.0
sql_select.cc;4622;0.010000;0.010000;0.0;0.0
opt_split.cc;1477;0.010000;0.010000;0.0;0.0
rem0rec.cc;465;0.010000;0.010000;0.0;0.0
sql_parse.cc;6133;0.010000;0.010000;0.0;0.0
sql_prepare.cc;4800;0.010000;0.010000;0.0;0.0
page0cur.cc;242;0.010000;0.010000;0.0;0.0
item.h;2039;0.010000;0.010000;0.0;0.0
pthread_mutex_unlock.c;51;0.010000;0.010000;0.0;0.0
sql_prepare.cc;3217;0.010000;0.010000;0.0;0.0
sql_class.cc;2329;0.010000;0.010000;0.0;0.0
sql_parse.cc;6034;0.010000;0.010000;0.0;0.0
sql_parse.cc;7072;0.010000;0.010000;0.0;0.0
sql_select.cc;31237;0.010000;0.010000;0.0;0.0
sql_class.cc;6439;0.010000;0.010000;0.0;0.0
protocol.cc;399;0.010000;0.010000;0.0;0.0
pthread_mutex_lock.c;48;0.010000;0.010000;0.0;0.0
sql_select.cc;31738;0.010000;0.010000;0.0;0.0
sql_select.cc;1514;0.010000;0.010000;0.0;0.0
protocol.cc;1263;0.010000;0.010000;0.0;0.0
futex-internal.h;126;0.010000;0.010000;0.0;0.0
sql_select.cc;31850;0.010000;0.010000;0.0;0.0
btr0cur.cc;1597;0.010000;0.010000;0.0;0.0
lf_alloc-pin.c;301;0.010000;0.010000;0.0;0.0
sql_select.cc;7873;0.010000;0.010000;0.0;0.0
net_serv.cc;1074;0.010000;0.010000;0.0;0.0
sql_select.cc;13139;0.010000;0.010000;0.0;0.0
sql_select.cc;31843;0.010000;0.010000;0.0;0.0
sql_class.cc;3487;0.010000;0.010000;0.0;0.0
item.h;1742;0.010000;0.010000;0.0;0.0
pack.c;132;0.010000;0.010000;0.0;0.0
sql_select.cc;31321;0.010000;0.010000;0.0;0.0
item.cc;744;0.010000;0.010000;0.0;0.0
sql_array.h;122;0.010000;0.010000;0.0;0.0
sql_select.cc;31607;0.010000;0.010000;0.0;0.0
protocol.cc;1251;0.010000;0.010000;0.0;0.0
row0sel.cc;4461;0.010000;0.010000;0.0;0.0
protocol.cc;603;0.010000;0.010000;0.0;0.0
sql_error.h;1026;0.010000;0.010000;0.0;0.0
btr0sea.h;436;0.010000;0.010000;0.0;0.0
sql_class.h;5831;0.010000;0.010000;0.0;0.0
sql_select.cc;14522;0.010000;0.010000;0.0;0.0
sql_lex.cc;4513;0.010000;0.010000;0.0;0.0
sql_base.cc;9192;0.010000;0.010000;0.0;0.0
handler.cc;1823;0.010000;0.010000;0.0;0.0
sql_select.cc;6373;0.010000;0.010000;0.0;0.0
sql_select.cc;18954;0.010000;0.010000;0.0;0.0
sql_select.cc;2200;0.010000;0.010000;0.0;0.0
sql_select.cc;18394;0.010000;0.010000;0.0;0.0
my_cpu.h;140;0.010000;0.010000;0.0;0.0
read0read.cc;236;0.010000;0.010000;0.0;0.0
my_alloc.c;515;0.010000;0.010000;0.0;0.0
sql_select.cc;7788;0.010000;0.010000;0.0;0.0
handler.cc;6527;0.010000;0.010000;0.0;0.0
opt_subselect.cc;5282;0.010000;0.010000;0.0;0.0
sql_prepare.cc;5628;0.010000;0.010000;0.0;0.0
sql_list.h;192;0.010000;0.010000;0.0;0.0
my_stack_alloc.h;78;0.010000;0.010000;0.0;0.0
array.c;103;0.010000;0.010000;0.0;0.0
sql_plist.h;219;0.010000;0.010000;0.0;0.0
page0cur.cc;653;0.010000;0.010000;0.0;0.0
sql_prepare.cc;5477;0.010000;0.010000;0.0;0.0
sql_union.cc;2988;0.010000;0.010000;0.0;0.0
sql_type.h;7951;0.010000;0.010000;0.0;0.0
my_bit.h;160;0.010000;0.010000;0.0;0.0
protocol.cc;1734;0.010000;0.010000;0.0;0.0
mdl.cc;3586;0.010000;0.010000;0.0;0.0
sql_prepare.cc;4366;0.010000;0.010000;0.0;0.0
sql_explain.cc;1490;0.010000;0.010000;0.0;0.0
sql_base.cc;8100;0.010000;0.010000;0.0;0.0
sql_select.cc;31403;0.010000;0.010000;0.0;0.0
item_cmpfunc.cc;404;0.010000;0.010000;0.0;0.0
row0sel.cc;6156;0.010000;0.010000;0.0;0.0
handler.h;2144;0.010000;0.010000;0.0;0.0
dict0dict.inl;687;0.010000;0.010000;0.0;0.0
sql_select.cc;4206;0.010000;0.010000;0.0;0.0
protocol.cc;37;0.010000;0.010000;0.0;0.0
buf0lru.cc;725;0.010000;0.010000;0.0;0.0
sql_select.cc;6848;0.010000;0.010000;0.0;0.0
sql_select.cc;11742;0.010000;0.010000;0.0;0.0
pthread_mutex_lock.c;113;0.010000;0.010000;0.0;0.0
sql_select.cc;2312;0.010000;0.010000;0.0;0.0
sql_select.cc;1680;0.010000;0.010000;0.0;0.0
sql_select.cc;1605;0.010000;0.010000;0.0;0.0
item.cc;3769;0.010000;0.010000;0.0;0.0
sql_select.cc;4579;0.010000;0.010000;0.0;0.0
sql_select.cc;2428;0.010000;0.010000;0.0;0.0
scheduler.cc;56;0.010000;0.010000;0.0;0.0
sql_union.cc;2842;0.010000;0.010000;0.0;0.0
sql_type.cc;1923;0.010000;0.010000;0.0;0.0
row0sel.cc;2714;0.010000;0.010000;0.0;0.0
sql_class.cc;3324;0.010000;0.010000;0.0;0.0
handler.cc;8051;0.010000;0.010000;0.0;0.0
sql_type.cc;1700;0.010000;0.010000;0.0;0.0
memmove-vec-unaligned-erms.S;318;0.010000;0.010000;0.0;0.0
sql_lex.cc;5828;0.010000;0.010000;0.0;0.0
sql_select.cc;13186;0.010000;0.010000;0.0;0.0
ha_innodb.cc;16463;0.010000;0.010000;0.0;0.0
sql_select.cc;20854;0.010000;0.010000;0.0;0.0
sql_select.cc;5707;0.010000;0.010000;0.0;0.0
row0sel.cc;4820;0.010000;0.010000;0.0;0.0
sql_lex.cc;5807;0.010000;0.010000;0.0;0.0
sql_base.cc;4570;0.010000;0.010000;0.0;0.0
ha_innodb.cc;2666;0.010000;0.010000;0.0;0.0
sql_prepare.cc;3274;0.010000;0.010000;0.0;0.0
opt_vcol_substitution.cc;156;0.010000;0.010000;0.0;0.0
handler.cc;9747;0.010000;0.010000;0.0;0.0
btr0cur.cc;1161;0.010000;0.010000;0.0;0.0
sql_base.cc;9191;0.010000;0.010000;0.0;0.0
item_func.cc;385;0.010000;0.010000;0.0;0.0
sql_select.cc;5424;0.010000;0.010000;0.0;0.0
sql_statistics.cc;3303;0.010000;0.010000;0.0;0.0
page0cur.cc;556;0.010000;0.010000;0.0;0.0
sql_select.cc;1157;0.010000;0.010000;0.0;0.0
sql_select.cc;1549;0.010000;0.010000;0.0;0.0
item.cc;4784;0.010000;0.010000;0.0;0.0
opt_subselect.cc;613;0.010000;0.010000;0.0;0.0
srw_lock.h;254;0.010000;0.010000;0.0;0.0
memmove-vec-unaligned-erms.S;497;0.010000;0.010000;0.0;0.0
rem0rec.cc;748;0.010000;0.010000;0.0;0.0
rem0rec.cc;849;0.010000;0.010000;0.0;0.0
rem0rec.inl;221;0.010000;0.010000;0.0;0.0
sql_string.h;263;0.010000;0.010000;0.0;0.0
sql_select.cc;5023;0.010000;0.010000;0.0;0.0
sql_select.cc;5184;0.010000;0.010000;0.0;0.0
sql_select.cc;13777;0.010000;0.010000;0.0;0.0
sql_select.cc;7829;0.010000;0.010000;0.0;0.0
lock.cc;836;0.010000;0.010000;0.0;0.0
my_alloc.c;529;0.010000;0.010000;0.0;0.0
sql_select.cc;5678;0.010000;0.010000;0.0;0.0
sql_base.cc;6630;0.010000;0.010000;0.0;0.0
sql_lex.cc;4802;0.010000;0.010000;0.0;0.0
sql_type.cc;4528;0.010000;0.010000;0.0;0.0
opt_subselect.cc;6565;0.010000;0.010000;0.0;0.0
array.c;303;0.010000;0.010000;0.0;0.0
handler.cc;1863;0.010000;0.010000;0.0;0.0
item_cmpfunc.h;3640;0.010000;0.010000;0.0;0.0
sql_select.cc;3287;0.010000;0.010000;0.0;0.0
sql_explain.cc;1490;0.010000;0.010000;0.0;0.0
sql_base.cc;4719;0.010000;0.010000;0.0;0.0
lf_hash.cc;421;0.010000;0.010000;0.0;0.0
sql_base.cc;2458;0.010000;0.010000;0.0;0.0
sql_select.cc;31118;0.010000;0.010000;0.0;0.0
rem0cmp.cc;327;0.010000;0.010000;0.0;0.0
sql_base.cc;2157;0.010000;0.010000;0.0;0.0
sql_type.h;3172;0.010000;0.010000;0.0;0.0
structs.h;531;0.010000;0.010000;0.0;0.0
protocol.cc;589;0.010000;0.010000;0.0;0.0
sql_select.cc;6112;0.010000;0.010000;0.0;0.0
row0sel.cc;4579;0.010000;0.010000;0.0;0.0
item.cc;736;0.010000;0.010000;0.0;0.0
my_bit.h;160;0.010000;0.010000;0.0;0.0
sql_select.cc;5865;0.010000;0.010000;0.0;0.0
malloc.c;3354;0.010000;0.010000;0.0;0.0
sql_select.cc;5261;0.010000;0.010000;0.0;0.0
sql_select.cc;1960;0.010000;0.010000;0.0;0.0
ha_innodb.cc;5958;0.010000;0.010000;0.0;0.0
privilege.h;744;0.010000;0.010000;0.0;0.0
scheduler.cc;52;0.010000;0.010000;0.0;0.0
sql_select.cc;465;0.010000;0.010000;0.0;0.0
crc32c_amd64.cc;153;0.010000;0.010000;0.0;0.0
sql_select.cc;17274;0.010000;0.010000;0.0;0.0
item.cc;6750;0.010000;0.010000;0.0;0.0
sql_select.cc;28841;0.010000;0.010000;0.0;0.0
row0sel.cc;2715;0.010000;0.010000;0.0;0.0
protocol.cc;1370;0.010000;0.010000;0.0;0.0
sql_profile.h;287;0.010000;0.010000;0.0;0.0
protocol.cc;1051;0.010000;0.010000;0.0;0.0
item.cc;4767;0.010000;0.010000;0.0;0.0
sql_select.cc;18539;0.010000;0.010000;0.0;0.0
trx0trx.cc;995;0.010000;0.010000;0.0;0.0
field.h;2212;0.010000;0.010000;0.0;0.0
ha_innodb.cc;15114;0.010000;0.010000;0.0;0.0
sql_select.cc;2632;0.010000;0.010000;0.0;0.0
sql_base.cc;7034;0.010000;0.010000;0.0;0.0
sql_class.h;8403;0.010000;0.010000;0.0;0.0
sql_select.cc;14517;0.010000;0.010000;0.0;0.0
sql_analyze_stmt.h;80;0.010000;0.010000;0.0;0.0
sql_select.cc;13469;0.010000;0.010000;0.0;0.0
temporary_tables.cc;791;0.010000;0.010000;0.0;0.0
item_func.cc;568;0.010000;0.010000;0.0;0.0
ctype-utf8.c;817;0.010000;0.010000;0.0;0.0
sql_class.cc;4892;0.010000;0.010000;0.0;0.0
sql_lex.cc;4816;0.010000;0.010000;0.0;0.0
sql_select.cc;1706;0.010000;0.010000;0.0;0.0
opt_subselect.cc;5938;0.010000;0.010000;0.0;0.0
opt_vcol_substitution.cc;135;0.010000;0.010000;0.0;0.0
memcmp-avx2-movbe.S;450;0.010000;0.010000;0.0;0.0
page0cur.cc;508;0.010000;0.010000;0.0;0.0
table.cc;10533;0.010000;0.010000;0.0;0.0
sql_class.cc;421;0.010000;0.010000;0.0;0.0
protocol.cc;1031;0.010000;0.010000;0.0;0.0
row0sel.cc;5088;0.010000;0.010000;0.0;0.0
sql_string.h;687;0.010000;0.010000;0.0;0.0
sql_parse.cc;3477;0.010000;0.010000;0.0;0.0
table.cc;6015;0.010000;0.010000;0.0;0.0
dict0dict.cc;2188;0.010000;0.010000;0.0;0.0
opt_subselect.cc;2554;0.010000;0.010000;0.0;0.0
sql_select.cc;477;0.010000;0.010000;0.0;0.0
sql_select.cc;5458;0.010000;0.010000;0.0;0.0
sql_select.cc;6802;0.010000;0.010000;0.0;0.0
sql_select.cc;31529;0.010000;0.010000;0.0;0.0
sql_cte.cc;1397;0.010000;0.010000;0.0;0.0
sql_list.h;119;0.010000;0.010000;0.0;0.0
sql_explain.h;89;0.010000;0.010000;0.0;0.0
page0cur.cc;492;0.010000;0.010000;0.0;0.0
sql_select.cc;7849;0.010000;0.010000;0.0;0.0
item.cc;4452;0.010000;0.010000;0.0;0.0
sql_lex.h;3910;0.010000;0.010000;0.0;0.0
sql_select.cc;6867;0.010000;0.010000;0.0;0.0
data0data.inl;404;0.010000;0.010000;0.0;0.0
protocol.h;153;0.010000;0.010000;0.0;0.0
sql_explain.cc;3050;0.010000;0.010000;0.0;0.0
sql_select.cc;13773;0.010000;0.010000;0.0;0.0
sql_db.cc;1888;0.010000;0.010000;0.0;0.0
sql_lex.cc;3099;0.010000;0.010000;0.0;0.0
sql_select.cc;7855;0.010000;0.010000;0.0;0.0
read0read.cc;234;0.010000;0.010000;0.0;0.0
sql_select.cc;2021;0.010000;0.010000;0.0;0.0
field.cc;1391;0.010000;0.010000;0.0;0.0
sql_select.cc;1599;0.010000;0.010000;0.0;0.0
sql_select.cc;13819;0.010000;0.010000;0.0;0.0
item_cmpfunc.cc;7612;0.010000;0.010000;0.0;0.0
sql_class.cc;3387;0.010000;0.010000;0.0;0.0
ilist.h;196;0.010000;0.010000;0.0;0.0
sql_select.cc;20582;0.010000;0.010000;0.0;0.0
sql_select.cc;6808;0.010000;0.010000;0.0;0.0
sql_list.h;753;0.010000;0.010000;0.0;0.0
sql_parse.cc;7559;0.010000;0.010000;0.0;0.0
sql_select.cc;31270;0.010000;0.010000;0.0;0.0
mdl.cc;1962;0.010000;0.010000;0.0;0.0
sql_select.cc;1621;0.010000;0.010000;0.0;0.0
item.h;4760;0.010000;0.010000;0.0;0.0
sql_select.cc;5709;0.010000;0.010000;0.0;0.0
sql_select.cc;6063;0.010000;0.010000;0.0;0.0
sql_plist.h;126;0.010000;0.010000;0.0;0.0
sql_select.cc;25358;0.010000;0.010000;0.0;0.0
lf_alloc-pin.c;290;0.010000;0.010000;0.0;0.0
sql_select.cc;16873;0.010000;0.010000;0.0;0.0
sql_select.cc;6928;0.010000;0.010000;0.0;0.0
sql_select.cc;5160;0.010000;0.010000;0.0;0.0
sql_select.cc;5263;0.010000;0.010000;0.0;0.0
sql_select.cc;5409;0.010000;0.010000;0.0;0.0
sql_base.cc;4718;0.010000;0.010000;0.0;0.0
sql_base.cc;4672;0.010000;0.010000;0.0;0.0
semisync_master.cc;762;0.010000;0.010000;0.0;0.0
sql_prepare.cc;3260;0.010000;0.010000;0.0;0.0
sql_select.cc;6373;0.010000;0.010000;0.0;0.0
item.cc;11804;0.010000;0.010000;0.0;0.0
sql_select.cc;543;0.010000;0.010000;0.0;0.0
sql_select.cc;18243;0.010000;0.010000;0.0;0.0
sql_select.cc;32925;0.010000;0.010000;0.0;0.0
handler.cc;8037;0.010000;0.010000;0.0;0.0
mtr0mtr.cc;92;0.010000;0.010000;0.0;0.0
sql_analyze_stmt.h;91;0.010000;0.010000;0.0;0.0
sql_select.cc;31532;0.010000;0.010000;0.0;0.0
sql_parse.cc;6152;0.010000;0.010000;0.0;0.0
sql_select.cc;26106;0.010000;0.010000;0.0;0.0
handler.cc;1803;0.010000;0.010000;0.0;0.0
memcmp-avx2-movbe.S;440;0.010000;0.010000;0.0;0.0
sql_base.cc;4766;0.010000;0.010000;0.0;0.0
sql_select.cc;31802;0.010000;0.010000;0.0;0.0
item_cmpfunc.cc;7596;0.010000;0.010000;0.0;0.0
sql_lex.cc;5670;0.010000;0.010000;0.0;0.0
sql_lex.cc;3624;0.010000;0.010000;0.0;0.0
sql_base.cc;9042;0.010000;0.010000;0.0;0.0
sql_select.cc;31762;0.010000;0.010000;0.0;0.0
sql_explain.cc;167;0.010000;0.010000;0.0;0.0
syscall_cancel.S;52;0.010000;0.010000;0.0;0.0
page0cur.cc;917;0.010000;0.010000;0.0;0.0
vio.c;332;0.010000;0.010000;0.0;0.0
temporary_tables.cc;523;0.010000;0.010000;0.0;0.0
sql_select.cc;460;0.010000;0.010000;0.0;0.0
sql_select.cc;2509;0.010000;0.010000;0.0;0.0
ha_innodb.cc;7335;0.010000;0.010000;0.0;0.0
sql_select.cc;18796;0.010000;0.010000;0.0;0.0
sql_select.cc;1953;0.010000;0.010000;0.0;0.0
memmove-vec-unaligned-erms.S;440;0.010000;0.010000;0.0;0.0
sql_select.cc;13838;0.010000;0.010000;0.0;0.0
temporary_tables.cc;524;0.010000;0.010000;0.0;0.0
sql_plist.h;129;0.010000;0.010000;0.0;0.0
sql_parse.cc;1635;0.010000;0.010000;0.0;0.0
sql_select.cc;26102;0.010000;0.010000;0.0;0.0
array.c;56;0.010000;0.010000;0.0;0.0
sql_select.cc;5126;0.010000;0.010000;0.0;0.0
sql_base.cc;8239;0.010000;0.010000;0.0;0.0
sql_class.h;2043;0.010000;0.010000;0.0;0.0
sql_parse.cc;3506;0.010000;0.010000;0.0;0.0
sql_select.cc;7331;0.010000;0.010000;0.0;0.0
sql_statistics.h;121;0.010000;0.010000;0.0;0.0
sql_select.cc;13947;0.010000;0.010000;0.0;0.0
page0cur.inl;136;0.010000;0.010000;0.0;0.0
page0cur.cc;886;0.010000;0.010000;0.0;0.0
table.cc;10373;0.010000;0.010000;0.0;0.0
my_bit.h;158;0.010000;0.010000;0.0;0.0
clock_gettime.c;43;0.010000;0.010000;0.0;0.0
rem0rec.cc;675;0.010000;0.010000;0.0;0.0
pthread_mutex_unlock.c;63;0.010000;0.010000;0.0;0.0
sql_type.cc;1931;0.010000;0.010000;0.0;0.0
protocol.cc;1355;0.010000;0.010000;0.0;0.0
item_cmpfunc.cc;7476;0.010000;0.010000;0.0;0.0
sql_select.cc;2315;0.010000;0.010000;0.0;0.0
item_cmpfunc.cc;7036;0.010000;0.010000;0.0;0.0
sql_acl.cc;9979;0.010000;0.010000;0.0;0.0
pthread_mutex_lock.c;146;0.010000;0.010000;0.0;0.0
table.h;3267;0.010000;0.010000;0.0;0.0
item_func.h;216;0.010000;0.010000;0.0;0.0
net_serv.cc;382;0.010000;0.010000;0.0;0.0
opt_subselect.cc;6620;0.010000;0.010000;0.0;0.0
item.h;2208;0.010000;0.010000;0.0;0.0
net_serv.cc;392;0.010000;0.010000;0.0;0.0
page0cur.cc;124;0.010000;0.010000;0.0;0.0
sql_select.cc;26224;0.010000;0.010000;0.0;0.0
sql_select.cc;31760;0.010000;0.010000;0.0;0.0
pthread_mutex_lock.c;74;0.010000;0.010000;0.0;0.0
sql_type.h;7956;0.010000;0.010000;0.0;0.0
item_cmpfunc.cc;7393;0.010000;0.010000;0.0;0.0
ha_innodb.cc;7347;0.010000;0.010000;0.0;0.0
ha_innodb.cc;16621;0.010000;0.010000;0.0;0.0
field.h;1321;0.010000;0.010000;0.0;0.0
sql_select.cc;5249;0.010000;0.010000;0.0;0.0
my_malloc.c;204;0.010000;0.010000;0.0;0.0
sql_select.cc;16642;0.010000;0.010000;0.0;0.0
item_cmpfunc.cc;7607;0.010000;0.010000;0.0;0.0
item.h;6000;0.010000;0.010000;0.0;0.0
ilist.h;182;0.010000;0.010000;0.0;0.0
page0cur.cc;507;0.010000;0.010000;0.0;0.0
memmove-vec-unaligned-erms.S;343;0.010000;0.010000;0.0;0.0
handler.cc;1771;0.010000;0.010000;0.0;0.0
btr0pcur.cc;171;0.010000;0.010000;0.0;0.0
sql_select.cc;1933;0.010000;0.010000;0.0;0.0
lock.cc;879;0.010000;0.010000;0.0;0.0
item_cmpfunc.cc;696;0.010000;0.010000;0.0;0.0
my_counter.h;42;0.010000;0.010000;0.0;0.0
handler.cc;4171;0.010000;0.010000;0.0;0.0
sql_select.cc;31766;0.010000;0.010000;0.0;0.0
field.h;1200;0.010000;0.010000;0.0;0.0
smmintrin.h;824;0.010000;0.010000;0.0;0.0
item_cmpfunc.cc;448;0.010000;0.010000;0.0;0.0
sql_select.h;2413;0.010000;0.010000;0.0;0.0
handler.cc;2236;0.010000;0.010000;0.0;0.0
memset-vec-unaligned-erms.S;302;0.010000;0.010000;0.0;0.0
net_serv.cc;450;0.010000;0.010000;0.0;0.0
sql_type.h;3199;0.010000;0.010000;0.0;0.0
item.h;3006;0.010000;0.010000;0.0;0.0
field.h;2230;0.010000;0.010000;0.0;0.0
sql_lex.h;1659;0.010000;0.010000;0.0;0.0
mdl.cc;3091;0.010000;0.010000;0.0;0.0
field.h;2675;0.010000;0.010000;0.0;0.0
sql_select.cc;19576;0.010000;0.010000;0.0;0.0
malloc.c;3293;0.010000;0.010000;0.0;0.0
sql_select.cc;29156;0.010000;0.010000;0.0;0.0
item.cc;1041;0.010000;0.010000;0.0;0.0
opt_context_store_replay.cc;1698;0.010000;0.010000;0.0;0.0
item_cmpfunc.cc;710;0.010000;0.010000;0.0;0.0
rem0rec.cc;2045;0.010000;0.010000;0.0;0.0
ha_innodb.cc;16261;0.010000;0.010000;0.0;0.0
sql_select.h;1172;0.010000;0.010000;0.0;0.0
ha_innodb.cc;7662;0.010000;0.010000;0.0;0.0
psi_noop.c;527;0.010000;0.010000;0.0;0.0
item_cmpfunc.cc;7445;0.010000;0.010000;0.0;0.0
sql_base.cc;4491;0.010000;0.010000;0.0;0.0
row0sel.cc;5228;0.010000;0.010000;0.0;0.0
item.h;3929;0.010000;0.010000;0.0;0.0
sql_type.h;5473;0.010000;0.010000;0.0;0.0
sql_bitmap.h;109;0.010000;0.010000;0.0;0.0
row0sel.cc;3168;0.010000;0.010000;0.0;0.0
sql_select.cc;30016;0.010000;0.010000;0.0;0.0
sql_acl.cc;10315;0.010000;0.010000;0.0;0.0
sql_select.cc;970;0.010000;0.010000;0.0;0.0
sql_class.h;4868;0.010000;0.010000;0.0;0.0
page0cur.cc;680;0.010000;0.010000;0.0;0.0
sql_select.cc;2454;0.010000;0.010000;0.0;0.0
row0sel.cc;4067;0.010000;0.010000;0.0;0.0
sql_base.cc;7003;0.010000;0.010000;0.0;0.0
sql_prepare.cc;3333;0.010000;0.010000;0.0;0.0
sql_prepare.cc;5532;0.010000;0.010000;0.0;0.0
buf0types.h;142;0.010000;0.010000;0.0;0.0
handler.cc;1892;0.010000;0.010000;0.0;0.0
sql_select.cc;6444;0.010000;0.010000;0.0;0.0
sql_statistics.cc;3276;0.010000;0.010000;0.0;0.0
rem0rec.inl;251;0.010000;0.010000;0.0;0.0
sql_acl.cc;10317;0.010000;0.010000;0.0;0.0
item.cc;3772;0.010000;0.010000;0.0;0.0
lf_hash.cc;501;0.010000;0.010000;0.0;0.0
my_bitmap.c;193;0.010000;0.010000;0.0;0.0
sql_select.cc;28847;0.010000;0.010000;0.0;0.0
table.cc;9093;0.010000;0.010000;0.0;0.0
ha_innodb.cc;7479;0.010000;0.010000;0.0;0.0
sql_parse.cc;6713;0.010000;0.010000;0.0;0.0
sql_select.cc;5156;0.010000;0.010000;0.0;0.0
memset-vec-unaligned-erms.S;399;0.010000;0.010000;0.0;0.0
sql_select.cc;1880;0.010000;0.010000;0.0;0.0
table.h;3690;0.010000;0.010000;0.0;0.0
sql_explain.cc;3040;0.010000;0.010000;0.0;0.0
sql_base.cc;8313;0.010000;0.010000;0.0;0.0
procedure.cc;81;0.010000;0.010000;0.0;0.0
sql_array.h;276;0.010000;0.010000;0.0;0.0
sql_select.cc;6177;0.010000;0.010000;0.0;0.0
ha_innodb.cc;3161;0.010000;0.010000;0.0;0.0
sql_type.cc;1521;0.010000;0.010000;0.0;0.0
sql_select.cc;1485;0.010000;0.010000;0.0;0.0
sql_select.cc;576;0.010000;0.010000;0.0;0.0
opt_subselect.cc;5914;0.010000;0.010000;0.0;0.0
handler.h;949;0.010000;0.010000;0.0;0.0
handler.cc;3832;0.010000;0.010000;0.0;0.0
sql_explain.cc;162;0.010000;0.010000;0.0;0.0
sql_class.h;4217;0.010000;0.010000;0.0;0.0
sql_base.cc;4041;0.010000;0.010000;0.0;0.0
ha_innodb.cc;2709;0.010000;0.010000;0.0;0.0
malloc.c;3283;0.010000;0.010000;0.0;0.0
sql_select.cc;7938;0.010000;0.010000;0.0;0.0
sql_select.cc;6045;0.010000;0.010000;0.0;0.0
rem0rec.cc;455;0.010000;0.010000;0.0;0.0
sql_select.cc;7938;0.010000;0.010000;0.0;0.0
sql_class.cc;3387;0.010000;0.010000;0.0;0.0
protocol.cc;1024;0.010000;0.010000;0.0;0.0
sql_plist.h;132;0.010000;0.010000;0.0;0.0
sql_base.h;674;0.010000;0.010000;0.0;0.0
lf_hash.cc;141;0.010000;0.010000;0.0;0.0
btr0cur.cc;1240;0.010000;0.010000;0.0;0.0
sql_class.cc;6180;0.010000;0.010000;0.0;0.0
sql_select.cc;2592;0.010000;0.010000;0.0;0.0
memmove-vec-unaligned-erms.S;541;0.009999;0.009999;0.0;0.0
item_cmpfunc.cc;7773;0.009999;0.009999;0.0;0.0
sql_select.cc;5832;0.009999;0.009999;0.0;0.0
my_alloc.c;311;0.009999;0.009999;0.0;0.0
sql_select.cc;7462;0.009999;0.009999;0.0;0.0
rem0rec.cc;455;0.009999;0.009999;0.0;0.0
lock.cc;146;0.009999;0.009999;0.0;0.0
sql_select.cc;5200;0.009999;0.009999;0.0;0.0
sql_class.h;8399;0.009999;0.009999;0.0;0.0
sql_select.cc;18355;0.009999;0.009999;0.0;0.0
sql_class.cc;4537;0.009999;0.009999;0.0;0.0
item.cc;3771;0.009999;0.009999;0.0;0.0
lf_alloc-pin.c;293;0.009999;0.009999;0.0;0.0
mdl.h;549;0.009999;0.009999;0.0;0.0
sql_parse.cc;6231;0.009999;0.009999;0.0;0.0
sql_select.h;2290;0.009999;0.009999;0.0;0.0
sql_class.cc;1009;0.009999;0.009999;0.0;0.0
net_serv.cc;642;0.009999;0.009999;0.0;0.0
row0sel.cc;4369;0.009999;0.009999;0.0;0.0
ha_innodb.cc;16869;0.009999;0.009999;0.0;0.0
table.h;3256;0.009999;0.009999;0.0;0.0
sql_base.cc;3167;0.009999;0.009999;0.0;0.0
sql_select.cc;4928;0.009999;0.009999;0.0;0.0
sql_prepare.cc;419;0.009999;0.009999;0.0;0.0
sql_prepare.cc;3265;0.009999;0.009999;0.0;0.0
sql_select.cc;31612;0.009999;0.009999;0.0;0.0
sql_analyze_stmt.h;226;0.009999;0.009999;0.0;0.0
sql_select.cc;18795;0.009999;0.009999;0.0;0.0
dict0dict.inl;66;0.009999;0.009999;0.0;0.0
multi_range_read.cc;1458;0.009999;0.009999;0.0;0.0
sql_base.cc;9139;0.009999;0.009999;0.0;0.0
item.h;2314;0.009999;0.009999;0.0;0.0
row0sel.cc;4486;0.009999;0.009999;0.0;0.0
sql_parse.cc;7109;0.009999;0.009999;0.0;0.0
srw_lock.h;248;0.009999;0.009999;0.0;0.0
handler.cc;8053;0.009999;0.009999;0.0;0.0
btr0cur.cc;1110;0.009999;0.009999;0.0;0.0
sql_select.cc;5713;0.009999;0.009999;0.0;0.0
item_cmpfunc.cc;7032;0.009999;0.009999;0.0;0.0
sql_parse.cc;6048;0.009999;0.009999;0.0;0.0
sql_select.cc;31778;0.009999;0.009999;0.0;0.0
sql_select.cc;13845;0.009999;0.009999;0.0;0.0
ha_innodb.cc;15258;0.009999;0.009999;0.0;0.0
item.h;4058;0.009999;0.009999;0.0;0.0
lock.cc;473;0.009999;0.009999;0.0;0.0
sql_select.cc;13343;0.009999;0.009999;0.0;0.0
mysql_statement.h;204;0.009999;0.009999;0.0;0.0
memcmp-avx2-movbe.S;484;0.009999;0.009999;0.0;0.0
sql_bitmap.h;125;0.009999;0.009999;0.0;0.0
item_cmpfunc.cc;794;0.009999;0.009999;0.0;0.0
malloc.c;3341;0.009999;0.009999;0.0;0.0
row0sel.cc;5775;0.009999;0.009999;0.0;0.0
sql_parse.cc;1348;0.009999;0.009999;0.0;0.0
ha_innodb.cc;7905;0.009999;0.009999;0.0;0.0
sql_select.cc;15179;0.009999;0.009999;0.0;0.0
sql_select.cc;637;0.009999;0.009999;0.0;0.0
sql_select.cc;33142;0.009999;0.009999;0.0;0.0
sql_base.cc;9844;0.009999;0.009999;0.0;0.0
sql_base.cc;4491;0.009999;0.009999;0.0;0.0
handler.h;2048;0.009999;0.009999;0.0;0.0
opt_subselect.cc;7031;0.009999;0.009999;0.0;0.0
memset-vec-unaligned-erms.S;383;0.009999;0.009999;0.0;0.0
sql_string.h;742;0.009999;0.009999;0.0;0.0
item.cc;4781;0.009999;0.009999;0.0;0.0
my_bitmap.h;116;0.009999;0.009999;0.0;0.0
field.cc;2250;0.009999;0.009999;0.0;0.0
item.cc;1040;0.009999;0.009999;0.0;0.0
ctype-bin.c;93;0.009999;0.009999;0.0;0.0
sql_select.cc;1830;0.009999;0.009999;0.0;0.0
sql_parse.cc;7384;0.009999;0.009999;0.0;0.0
sql_select.cc;13757;0.009999;0.009999;0.0;0.0
memset-vec-unaligned-erms.S;300;0.009999;0.009999;0.0;0.0
field.h;1198;0.009999;0.009999;0.0;0.0
malloc.c;3350;0.009999;0.009999;0.0;0.0
memcmp-avx2-movbe.S;445;0.009999;0.009999;0.0;0.0
sql_select.cc;7912;0.009999;0.009999;0.0;0.0
rem0rec.cc;842;0.009999;0.009999;0.0;0.0
field.cc;7555;0.009999;0.009999;0.0;0.0
net_serv.cc;692;0.009999;0.009999;0.0;0.0
opt_subselect.cc;4363;0.009999;0.009999;0.0;0.0
sql_select.cc;16806;0.009999;0.009999;0.0;0.0
sql_select.cc;6002;0.009999;0.009999;0.0;0.0
sql_select.cc;25169;0.009999;0.009999;0.0;0.0
dict0dict.cc;3877;0.009999;0.009999;0.0;0.0
sql_select.cc;25212;0.009999;0.009999;0.0;0.0
item_cmpfunc.cc;711;0.009999;0.009999;0.0;0.0
sql_select.cc;5251;0.009999;0.009999;0.0;0.0
sql_base.cc;1035;0.009999;0.009999;0.0;0.0
row0sel.cc;981;0.009999;0.009999;0.0;0.0
sql_type.cc;9124;0.009999;0.009999;0.0;0.0
ha_innodb.cc;16728;0.009999;0.009999;0.0;0.0
sql_class.h;3915;0.009999;0.009999;0.0;0.0
sql_base.cc;4845;0.009999;0.009999;0.0;0.0
sql_select.cc;6504;0.009999;0.009999;0.0;0.0
array.c;347;0.009999;0.009999;0.0;0.0
field.h;2902;0.009999;0.009999;0.0;0.0
atomic_base.h;501;0.009999;0.009999;0.0;0.0
sql_select.cc;6402;0.009999;0.009999;0.0;0.0
handler.cc;1983;0.009999;0.009999;0.0;0.0
ha_innodb.cc;16808;0.009999;0.009999;0.0;0.0
ha_innodb.cc;17208;0.009999;0.009999;0.0;0.0
table.cc;8989;0.009999;0.009999;0.0;0.0
my_malloc.c;204;0.009999;0.009999;0.0;0.0
lock.cc;788;0.009999;0.009999;0.0;0.0
sql_base.cc;2147;0.009999;0.009999;0.0;0.0
opt_subselect.cc;6725;0.009999;0.009999;0.0;0.0
sql_lex.cc;5807;0.009999;0.009999;0.0;0.0
sql_select.cc;6503;0.009999;0.009999;0.0;0.0
sql_class.h;7059;0.009999;0.009999;0.0;0.0
field.h;2213;0.009999;0.009999;0.0;0.0
sql_base.cc;9835;0.009999;0.009999;0.0;0.0
item_func.cc;450;0.009999;0.009999;0.0;0.0
sql_select.cc;5807;0.009999;0.009999;0.0;0.0
sql_parse.cc;1142;0.009999;0.009999;0.0;0.0
protocol.cc;1849;0.009999;0.009999;0.0;0.0
sql_acl.cc;9981;0.009999;0.009999;0.0;0.0
sql_parse.cc;7544;0.009999;0.009999;0.0;0.0
sql_parse.cc;6670;0.009999;0.009999;0.0;0.0
page0cur.cc;909;0.009999;0.009999;0.0;0.0
item.h;3977;0.009999;0.009999;0.0;0.0
lock.cc;855;0.009999;0.009999;0.0;0.0
sql_select.cc;4331;0.009999;0.009999;0.0;0.0
row0sel.cc;5493;0.009999;0.009999;0.0;0.0
sql_select.cc;18787;0.009999;0.009999;0.0;0.0
sql_select.cc;7749;0.009999;0.009999;0.0;0.0
buf0buf.h;1448;0.009999;0.009999;0.0;0.0
my_getsystime.c;53;0.009999;0.009999;0.0;0.0
sql_parse.cc;7100;0.009999;0.009999;0.0;0.0
item_cmpfunc.cc;560;0.009999;0.009999;0.0;0.0
srw_lock.h;467;0.009999;0.009999;0.0;0.0
item.h;4866;0.009999;0.009999;0.0;0.0
table.h;1765;0.009999;0.009999;0.0;0.0
sql_select.cc;18766;0.009999;0.009999;0.0;0.0
sql_select.h;2006;0.009999;0.009999;0.0;0.0
item_cmpfunc.cc;7391;0.009999;0.009999;0.0;0.0
strings_def.h;221;0.009999;0.009999;0.0;0.0
page0cur.cc;923;0.009999;0.009999;0.0;0.0
mdl.cc;3592;0.009999;0.009999;0.0;0.0
sql_parse.cc;7487;0.009999;0.009999;0.0;0.0
field.cc;1388;0.009999;0.009999;0.0;0.0
item_cmpfunc.h;238;0.009999;0.009999;0.0;0.0
sql_select.cc;18955;0.009999;0.009999;0.0;0.0
sql_parse.cc;7535;0.009999;0.009999;0.0;0.0
sql_cache.cc;1731;0.009999;0.009999;0.0;0.0
memset-vec-unaligned-erms.S;292;0.009999;0.009999;0.0;0.0
sql_select.cc;31314;0.009999;0.009999;0.0;0.0
sql_cache.cc;2225;0.009999;0.009999;0.0;0.0
net_serv.cc;1063;0.009999;0.009999;0.0;0.0
sql_select.cc;19599;0.009999;0.009999;0.0;0.0
sql_select.cc;16645;0.009999;0.009999;0.0;0.0
item_func.cc;387;0.009999;0.009999;0.0;0.0
item_cmpfunc.cc;7483;0.009999;0.009999;0.0;0.0
sql_class.h;4854;0.009999;0.009999;0.0;0.0
sql_prepare.cc;4759;0.009999;0.009999;0.0;0.0
array.c;102;0.009999;0.009999;0.0;0.0
sql_class.cc;2538;0.009999;0.009999;0.0;0.0
my_bitmap.c;197;0.009999;0.009999;0.0;0.0
rem0rec.inl;137;0.009999;0.009999;0.0;0.0
sql_select.cc;17485;0.009999;0.009999;0.0;0.0
item.cc;458;0.009999;0.009999;0.0;0.0
trx0trx.cc;1764;0.009999;0.009999;0.0;0.0
malloc.c;3347;0.009999;0.009999;0.0;0.0
sql_cache.cc;1379;0.009999;0.009999;0.0;0.0
protocol.cc;1023;0.009999;0.009999;0.0;0.0
rem0rec.cc;441;0.009999;0.009999;0.0;0.0
field.h;2306;0.009999;0.009999;0.0;0.0
item.h;2629;0.009999;0.009999;0.0;0.0
sql_select.cc;20808;0.009999;0.009999;0.0;0.0
item_cmpfunc.cc;469;0.009999;0.009999;0.0;0.0
sql_class.cc;413;0.009999;0.009999;0.0;0.0
row0sel.cc;4064;0.009999;0.009999;0.0;0.0
sql_base.cc;8169;0.009999;0.009999;0.0;0.0
sql_parse.cc;7538;0.009999;0.009999;0.0;0.0
atomic_base.h;494;0.009999;0.009999;0.0;0.0
sql_select.cc;8003;0.009999;0.009999;0.0;0.0
mdl.cc;2748;0.009999;0.009999;0.0;0.0
sql_select.cc;1916;0.009999;0.009999;0.0;0.0
field.cc;11688;0.009999;0.009999;0.0;0.0
lock.cc;837;0.009999;0.009999;0.0;0.0
handler.cc;1458;0.009999;0.009999;0.0;0.0
sql_explain.cc;52;0.009999;0.009999;0.0;0.0
sql_select.cc;7460;0.009999;0.009999;0.0;0.0
sql_prepare.cc;3585;0.009999;0.009999;0.0;0.0
sql_base.cc;4483;0.009999;0.009999;0.0;0.0
sql_select.cc;26145;0.009999;0.009999;0.0;0.0
lock.cc;872;0.009999;0.009999;0.0;0.0
sql_parse.cc;3759;0.009999;0.009999;0.0;0.0
handler.h;2194;0.009999;0.009999;0.0;0.0
my_alloc.c;525;0.009999;0.009999;0.0;0.0
ha_innodb.cc;7338;0.009999;0.009999;0.0;0.0
sql_select.cc;31769;0.009999;0.009999;0.0;0.0
sql_base.cc;10229;0.009999;0.009999;0.0;0.0
sql_lex.h;1463;0.009999;0.009999;0.0;0.0
sql_parse.cc;6682;0.009999;0.009999;0.0;0.0
lf_alloc-pin.c;444;0.009999;0.009999;0.0;0.0
transaction.cc;56;0.009999;0.009999;0.0;0.0
sql_select.cc;33118;0.009999;0.009999;0.0;0.0
atomic;113;0.009999;0.009999;0.0;0.0
item.cc;6881;0.009999;0.009999;0.0;0.0
sql_select.cc;1544;0.009999;0.009999;0.0;0.0
sql_base.cc;5012;0.009999;0.009999;0.0;0.0
ha_innodb.cc;2666;0.009999;0.009999;0.0;0.0
sql_lex.cc;5684;0.009999;0.009999;0.0;0.0
sql_select.cc;7874;0.009999;0.009999;0.0;0.0
mysql_thread.h;1002;0.009999;0.009999;0.0;0.0
sql_select.cc;7482;0.009999;0.009999;0.0;0.0
lock.cc;860;0.009999;0.009999;0.0;0.0
pthread_mutex_lock.c;115;0.009999;0.009999;0.0;0.0
privilege.h;140;0.009999;0.009999;0.0;0.0
sql_prepare.cc;3211;0.009999;0.009999;0.0;0.0
memmove-vec-unaligned-erms.S;443;0.009999;0.009999;0.0;0.0
sql_select.cc;13399;0.009999;0.009999;0.0;0.0
sql_explain.cc;101;0.009999;0.009999;0.0;0.0
item_cmpfunc.cc;7590;0.009999;0.009999;0.0;0.0
sql_select.cc;6036;0.009999;0.009999;0.0;0.0
sql_select.cc;18563;0.009999;0.009999;0.0;0.0
sql_class.h;6520;0.009999;0.009999;0.0;0.0
sql_type.cc;1924;0.009999;0.009999;0.0;0.0
sql_type.cc;1990;0.009999;0.009999;0.0;0.0
row0mysql.cc;511;0.009999;0.009999;0.0;0.0
handler.cc;4165;0.009999;0.009999;0.0;0.0
sql_base.h;663;0.009999;0.009999;0.0;0.0
sql_analyze_stmt.h;168;0.009999;0.009999;0.0;0.0
item.cc;3390;0.009999;0.009999;0.0;0.0
sql_select.cc;1441;0.009999;0.009999;0.0;0.0
item_cmpfunc.cc;423;0.009999;0.009999;0.0;0.0
strcoll.inl;235;0.009999;0.009999;0.0;0.0
sql_base.cc;5821;0.009999;0.009999;0.0;0.0
sql_lex.h;1925;0.009999;0.009999;0.0;0.0
lf_hash.cc;106;0.009999;0.009999;0.0;0.0
sql_class.h;2040;0.009999;0.009999;0.0;0.0
sql_select.cc;26117;0.009999;0.009999;0.0;0.0
sql_cache.cc;1397;0.009999;0.009999;0.0;0.0
sql_string.h;258;0.009999;0.009999;0.0;0.0
field.cc;4611;0.009999;0.009999;0.0;0.0
btr0cur.cc;1274;0.009999;0.009999;0.0;0.0
field.h;1190;0.009999;0.009999;0.0;0.0
ha_innodb.cc;3208;0.009999;0.009999;0.0;0.0
sql_base.h;545;0.009999;0.009999;0.0;0.0
fil0fil.h;727;0.009999;0.009999;0.0;0.0
sql_select.cc;13809;0.009999;0.009999;0.0;0.0
memmove-vec-unaligned-erms.S;407;0.009999;0.009999;0.0;0.0
ha_innodb.cc;3212;0.009999;0.009999;0.0;0.0
handler.cc;8075;0.009999;0.009999;0.0;0.0
sql_select.cc;4961;0.009999;0.009999;0.0;0.0
sql_select.cc;28846;0.009999;0.009999;0.0;0.0
lock.cc;399;0.009999;0.009999;0.0;0.0
sql_select.cc;13872;0.009999;0.009999;0.0;0.0
field.cc;2664;0.009999;0.009999;0.0;0.0
ha_innodb.cc;16448;0.009999;0.009999;0.0;0.0
my_malloc.c;121;0.009999;0.009999;0.0;0.0
field.cc;2272;0.009999;0.009999;0.0;0.0
item_cmpfunc.cc;7029;0.009999;0.009999;0.0;0.0
ha_innodb.cc;3622;0.009999;0.009999;0.0;0.0
sql_select.cc;964;0.009999;0.009999;0.0;0.0
net_serv.cc;1069;0.009999;0.009999;0.0;0.0
sql_class.h;2037;0.009999;0.009999;0.0;0.0
ha_innodb.cc;7478;0.009999;0.009999;0.0;0.0
sql_select.cc;16828;0.009999;0.009999;0.0;0.0
sql_lex.cc;5701;0.009999;0.009999;0.0;0.0
ha_innodb.cc;7375;0.009999;0.009999;0.0;0.0
sql_type.cc;1527;0.009999;0.009999;0.0;0.0
opt_subselect.cc;6624;0.009999;0.009999;0.0;0.0
item.cc;732;0.009999;0.009999;0.0;0.0
sql_select.cc;966;0.009999;0.009999;0.0;0.0
sql_select.cc;19758;0.009999;0.009999;0.0;0.0
opt_subselect.cc;4351;0.009999;0.009999;0.0;0.0
sql_acl.cc;15436;0.009999;0.009999;0.0;0.0
sql_type.h;3375;0.009999;0.009999;0.0;0.0
item_cmpfunc.cc;401;0.009999;0.009999;0.0;0.0
sql_select.cc;31861;0.009999;0.009999;0.0;0.0
sql_select.cc;1647;0.009999;0.009999;0.0;0.0
item.cc;4857;0.009999;0.009999;0.0;0.0
handler.h;4428;0.009999;0.009999;0.0;0.0
item_func.cc;150;0.009999;0.009999;0.0;0.0
sql_class.h;2037;0.009999;0.009999;0.0;0.0
lf_alloc-pin.c;247;0.009999;0.009999;0.0;0.0
btr0pcur.cc;172;0.009999;0.009999;0.0;0.0
dict0mem.h;1395;0.009999;0.009999;0.0;0.0
item_cmpfunc.cc;7031;0.009999;0.009999;0.0;0.0
dyn0buf.h;136;0.009999;0.009999;0.0;0.0
opt_trace_context.h;96;0.009999;0.009999;0.0;0.0
lock.cc;144;0.009999;0.009999;0.0;0.0
sql_select.cc;1932;0.009999;0.009999;0.0;0.0
sql_select.cc;1220;0.009999;0.009999;0.0;0.0
sql_class.h;6400;0.009999;0.009999;0.0;0.0
protocol.cc;1102;0.009999;0.009999;0.0;0.0
memmove-vec-unaligned-erms.S;485;0.009999;0.009999;0.0;0.0
item_cmpfunc.cc;521;0.009999;0.009999;0.0;0.0
sql_select.cc;563;0.009999;0.009999;0.0;0.0
sql_select.h;968;0.009999;0.009999;0.0;0.0
ha_innodb.cc;16705;0.009999;0.009999;0.0;0.0
strcmp-avx2.S;954;0.009999;0.009999;0.0;0.0
sql_select.h;2456;0.009999;0.009999;0.0;0.0
row0sel.cc;2699;0.009999;0.009999;0.0;0.0
ha_innodb.cc;7706;0.009999;0.009999;0.0;0.0
sql_select.cc;13905;0.009999;0.009999;0.0;0.0
my_alloc.c;521;0.009999;0.009999;0.0;0.0
sql_select.cc;31633;0.009999;0.009999;0.0;0.0
lf_hash.cc;474;0.009999;0.009999;0.0;0.0
multi_range_read.cc;1475;0.009999;0.009999;0.0;0.0
sql_select.cc;469;0.009999;0.009999;0.0;0.0
handler.h;3716;0.009999;0.009999;0.0;0.0
sql_select.cc;4871;0.009999;0.009999;0.0;0.0
sql_parse.cc;2459;0.009999;0.009999;0.0;0.0
item.h;3864;0.009999;0.009999;0.0;0.0
sql_statistics.cc;3286;0.009999;0.009999;0.0;0.0
sql_select.cc;967;0.009999;0.009999;0.0;0.0
sql_base.cc;5011;0.009999;0.009999;0.0;0.0
sql_select.cc;25368;0.009999;0.009999;0.0;0.0
item_cmpfunc.cc;7026;0.009999;0.009999;0.0;0.0
sql_class.cc;6428;0.009999;0.009999;0.0;0.0
item.cc;5113;0.009999;0.009999;0.0;0.0
memcmp-avx2-movbe.S;448;0.009999;0.009999;0.0;0.0
sql_select.cc;7963;0.009999;0.009999;0.0;0.0
item_cmpfunc.cc;785;0.009999;0.009999;0.0;0.0
sql_union.cc;2992;0.009999;0.009999;0.0;0.0
opt_subselect.cc;5756;0.009999;0.009999;0.0;0.0
sql_parse.cc;7550;0.009999;0.009999;0.0;0.0
sql_select.cc;7934;0.009999;0.009999;0.0;0.0
field.h;2894;0.009999;0.009999;0.0;0.0
page0cur.cc;889;0.009999;0.009999;0.0;0.0
sql_prepare.cc;405;0.009999;0.009999;0.0;0.0
sql_union.cc;2965;0.009999;0.009999;0.0;0.0
poll.c;43;0.009999;0.009999;0.0;0.0
hash.c;269;0.009999;0.009999;0.0;0.0
handler.h;4968;0.009999;0.009999;0.0;0.0
sql_class.h;5905;0.009999;0.009999;0.0;0.0
sql_base.cc;941;0.009999;0.009999;0.0;0.0
ha_innodb.cc;2663;0.009999;0.009999;0.0;0.0
table.cc;5379;0.009999;0.009999;0.0;0.0
row0sel.cc;5033;0.009999;0.009999;0.0;0.0
lock.cc;348;0.009999;0.009999;0.0;0.0
sql_select.cc;31407;0.009999;0.009999;0.0;0.0
sql_select.cc;3567;0.009999;0.009999;0.0;0.0
sql_select.cc;12731;0.009999;0.009999;0.0;0.0
sql_select.cc;1767;0.009999;0.009999;0.0;0.0
sql_select.cc;6502;0.009999;0.009999;0.0;0.0
handler.h;3788;0.009999;0.009999;0.0;0.0
sql_cache.cc;1043;0.009999;0.009999;0.0;0.0
sql_select.cc;1932;0.009999;0.009999;0.0;0.0
row0sel.cc;5808;0.009999;0.009999;0.0;0.0
item_cmpfunc.cc;521;0.009999;0.009999;0.0;0.0
row0sel.cc;3347;0.009999;0.009999;0.0;0.0
sql_class.cc;3331;0.009999;0.009999;0.0;0.0
sql_select.cc;20815;0.009999;0.009999;0.0;0.0
sql_class.cc;3429;0.009999;0.009999;0.0;0.0
sql_parse.cc;6145;0.009999;0.009999;0.0;0.0
sql_select.cc;5841;0.009999;0.009999;0.0;0.0
mdl.cc;1729;0.009999;0.009999;0.0;0.0
page0cur.inl;137;0.009999;0.009999;0.0;0.0
opt_split.cc;1551;0.009999;0.009999;0.0;0.0
structs.h;518;0.009999;0.009999;0.0;0.0
lock.cc;879;0.009999;0.009999;0.0;0.0
handler.cc;1947;0.009999;0.009999;0.0;0.0
opt_context_store_replay.cc;666;0.009999;0.009999;0.0;0.0
sql_select.cc;14067;0.009999;0.009999;0.0;0.0
sql_list.h;154;0.009999;0.009999;0.0;0.0
thr_lock.c;1157;0.009999;0.009999;0.0;0.0
sql_select.cc;29975;0.009999;0.009999;0.0;0.0
sql_prepare.cc;5504;0.009999;0.009999;0.0;0.0
psi_noop.c;852;0.009999;0.009999;0.0;0.0
sql_prepare.cc;970;0.009999;0.009999;0.0;0.0
sql_prepare.cc;1004;0.009999;0.009999;0.0;0.0
sql_select.cc;1816;0.009999;0.009999;0.0;0.0
sql_explain.cc;136;0.009999;0.009999;0.0;0.0
mdl.cc;1979;0.009999;0.009999;0.0;0.0
sql_list.h;761;0.009999;0.009999;0.0;0.0
sql_select.cc;5808;0.009999;0.009999;0.0;0.0
sql_analyze_stmt.h;81;0.009999;0.009999;0.0;0.0
sql_select.cc;29506;0.009999;0.009999;0.0;0.0
psi_noop.c;344;0.009999;0.009999;0.0;0.0
opt_trace_context.h;108;0.009999;0.009999;0.0;0.0
sql_class.cc;1052;0.009999;0.009999;0.0;0.0
sql_explain.cc;1012;0.009999;0.009999;0.0;0.0
sql_select.cc;6173;0.009999;0.009999;0.0;0.0
sql_select.cc;1442;0.009999;0.009999;0.0;0.0
my_byteorder.h;174;0.009999;0.009999;0.0;0.0
item.h;4758;0.009999;0.009999;0.0;0.0
opt_vcol_substitution.cc;144;0.009999;0.009999;0.0;0.0
sql_select.cc;2479;0.009999;0.009999;0.0;0.0
my_json_writer.h;454;0.009999;0.009999;0.0;0.0
page0cur.cc;944;0.009999;0.009999;0.0;0.0
my_json_writer.h;631;0.009999;0.009999;0.0;0.0
sql_prepare.cc;980;0.009999;0.009999;0.0;0.0
handler.cc;1863;0.009999;0.009999;0.0;0.0
sql_prepare.cc;327;0.009999;0.009999;0.0;0.0
sql_select.cc;13205;0.009999;0.009999;0.0;0.0
mdl.cc;2528;0.009999;0.009999;0.0;0.0
sql_class.cc;3247;0.009999;0.009999;0.0;0.0
opt_subselect.cc;5573;0.009999;0.009999;0.0;0.0
item.cc;6785;0.009999;0.009999;0.0;0.0
pthread_mutex_unlock.c;39;0.009999;0.009999;0.0;0.0
sql_base.cc;2362;0.009999;0.009999;0.0;0.0
handler.cc;6524;0.009999;0.009999;0.0;0.0
sql_select.cc;13081;0.009999;0.009999;0.0;0.0
memmove-vec-unaligned-erms.S;406;0.009999;0.009999;0.0;0.0
sql_base.cc;8260;0.009999;0.009999;0.0;0.0
table.cc;6043;0.009999;0.009999;0.0;0.0
field.cc;4658;0.009999;0.009999;0.0;0.0
sql_lex.cc;3837;0.009999;0.009999;0.0;0.0
trx0trx.cc;937;0.009999;0.009999;0.0;0.0
sql_base.cc;2363;0.009999;0.009999;0.0;0.0
row0sel.cc;5621;0.009999;0.009999;0.0;0.0
lf_alloc-pin.c;312;0.009999;0.009999;0.0;0.0
opt_subselect.cc;6685;0.009999;0.009999;0.0;0.0
sql_list.h;119;0.009999;0.009999;0.0;0.0
page0cur.cc;875;0.009999;0.009999;0.0;0.0
sql_select.cc;492;0.009999;0.009999;0.0;0.0
memmove-vec-unaligned-erms.S;404;0.009999;0.009999;0.0;0.0
item_func.h;162;0.009999;0.009999;0.0;0.0
table.cc;10373;0.009999;0.009999;0.0;0.0
sql_prepare.cc;352;0.009999;0.009999;0.0;0.0
my_malloc.c;110;0.009999;0.009999;0.0;0.0
sql_class.cc;4892;0.009999;0.009999;0.0;0.0
sql_select.cc;17479;0.009999;0.009999;0.0;0.0
sql_lex.h;1002;0.009999;0.009999;0.0;0.0
table.cc;7796;0.009999;0.009999;0.0;0.0
sql_class.cc;6434;0.009999;0.009999;0.0;0.0
row0sel.cc;4791;0.009999;0.009999;0.0;0.0
sql_select.cc;15456;0.009999;0.009999;0.0;0.0
sql_class.h;4823;0.009999;0.009999;0.0;0.0
sql_analyze_stmt.h;144;0.009999;0.009999;0.0;0.0
sql_select.cc;13231;0.009999;0.009999;0.0;0.0
page0cur.cc;197;0.009999;0.009999;0.0;0.0
sql_base.cc;806;0.009999;0.009999;0.0;0.0
sql_acl.cc;10003;0.009999;0.009999;0.0;0.0
btr0sea.cc;1702;0.009999;0.009999;0.0;0.0
my_malloc.c;220;0.009999;0.009999;0.0;0.0
net_serv.cc;835;0.009999;0.009999;0.0;0.0
sql_select.cc;1475;0.009999;0.009999;0.0;0.0
handler.cc;1470;0.009999;0.009999;0.0;0.0
sql_select.cc;1699;0.009999;0.009999;0.0;0.0
rem0rec.cc;709;0.009999;0.009999;0.0;0.0
sql_select.cc;34189;0.009999;0.009999;0.0;0.0
btr0cur.cc;1365;0.009999;0.009999;0.0;0.0
sql_select.cc;31842;0.009999;0.009999;0.0;0.0
sql_select.cc;30023;0.009999;0.009999;0.0;0.0
sql_explain.cc;1505;0.009999;0.009999;0.0;0.0
sql_select.cc;16403;0.009999;0.009999;0.0;0.0
sql_class.h;8414;0.009999;0.009999;0.0;0.0
sql_cache.cc;1711;0.009999;0.009999;0.0;0.0
sql_base.cc;7008;0.009999;0.009999;0.0;0.0
sql_parse.cc;1226;0.009999;0.009999;0.0;0.0
table.cc;5379;0.009999;0.009999;0.0;0.0
sql_lex.cc;5801;0.009999;0.009999;0.0;0.0
strlen-avx2.S;73;0.009999;0.009999;0.0;0.0
sql_select.cc;18563;0.009998;0.009998;0.0;0.0
net_serv.cc;389;0.009998;0.009998;0.0;0.0
protocol.cc;1743;0.009998;0.009998;0.0;0.0
item.cc;747;0.009998;0.009998;0.0;0.0
field.h;2214;0.009998;0.009998;0.0;0.0
net_serv.cc;905;0.009998;0.009998;0.0;0.0
mysqld.cc;742;0.009998;0.009998;0.0;0.0
sql_parse.cc;7085;0.009998;0.009998;0.0;0.0
sql_base.cc;6065;0.009998;0.009998;0.0;0.0
item.cc;8129;0.009998;0.009998;0.0;0.0
field.cc;2250;0.009998;0.009998;0.0;0.0
my_alloc.c;361;0.009998;0.009998;0.0;0.0
sql_base.cc;4930;0.009998;0.009998;0.0;0.0
array.c;72;0.009998;0.009998;0.0;0.0
dict0dict.inl;64;0.009998;0.009998;0.0;0.0
sql_select.cc;545;0.009998;0.009998;0.0;0.0
protocol.cc;1055;0.009998;0.009998;0.0;0.0
mdl.cc;804;0.009998;0.009998;0.0;0.0
sql_list.h;220;0.009998;0.009998;0.0;0.0
sql_select.cc;16435;0.009998;0.009998;0.0;0.0
page0cur.cc;680;0.009998;0.009998;0.0;0.0
malloc.c;3347;0.009998;0.009998;0.0;0.0
sql_select.cc;2033;0.009998;0.009998;0.0;0.0
item_func.cc;387;0.009998;0.009998;0.0;0.0
sql_explain.cc;163;0.009998;0.009998;0.0;0.0
item_cmpfunc.cc;7598;0.009998;0.009998;0.0;0.0
sql_prepare.cc;4815;0.009998;0.009998;0.0;0.0
sql_select.cc;13872;0.009998;0.009998;0.0;0.0
sql_acl.cc;9977;0.009998;0.009998;0.0;0.0
memmove-vec-unaligned-erms.S;523;0.009998;0.009998;0.0;0.0
btr0cur.cc;1163;0.009998;0.009998;0.0;0.0
field.cc;2657;0.009998;0.009998;0.0;0.0
mysql_thread.h;785;0.009998;0.009998;0.0;0.0
sql_select.cc;15345;0.009998;0.009998;0.0;0.0
strlen-avx2.S;52;0.009998;0.009998;0.0;0.0
sql_parse.cc;1142;0.009998;0.009998;0.0;0.0
ha_innodb.cc;7473;0.009998;0.009998;0.0;0.0
item.cc;3381;0.009998;0.009998;0.0;0.0
sql_select.cc;5126;0.009998;0.009998;0.0;0.0
item.h;4083;0.009998;0.009998;0.0;0.0
sql_select.cc;17679;0.009998;0.009998;0.0;0.0
item.h;2316;0.009998;0.009998;0.0;0.0
sql_lex.cc;3721;0.009998;0.009998;0.0;0.0
table.cc;6000;0.009998;0.009998;0.0;0.0
my_cpu.h;141;0.009998;0.009998;0.0;0.0
sql_class.h;5389;0.009998;0.009998;0.0;0.0
sql_select.cc;5456;0.009998;0.009998;0.0;0.0
ha_innodb.cc;3643;0.009998;0.009998;0.0;0.0
sql_error.cc;323;0.009998;0.009998;0.0;0.0
field.cc;4644;0.009998;0.009998;0.0;0.0
sql_select.cc;5703;0.009998;0.009998;0.0;0.0
sql_explain.cc;102;0.009998;0.009998;0.0;0.0
page0cur.cc;564;0.009998;0.009998;0.0;0.0
sql_union.cc;2948;0.009998;0.009998;0.0;0.0
sql_select.cc;13382;0.009998;0.009998;0.0;0.0
row0sel.cc;5965;0.009998;0.009998;0.0;0.0
sql_select.cc;17372;0.009998;0.009998;0.0;0.0
array.c;61;0.009998;0.009998;0.0;0.0
sql_prepare.cc;4866;0.009998;0.009998;0.0;0.0
memmove-vec-unaligned-erms.S;538;0.009998;0.009998;0.0;0.0
item_cmpfunc.cc;7462;0.009998;0.009998;0.0;0.0
sql_parse.cc;3905;0.009998;0.009998;0.0;0.0
table.cc;9007;0.009998;0.009998;0.0;0.0
sql_select.cc;2473;0.009998;0.009998;0.0;0.0
my_json_writer.h;469;0.009998;0.009998;0.0;0.0
sql_error.cc;315;0.009998;0.009998;0.0;0.0
sql_base.cc;6983;0.009998;0.009998;0.0;0.0
sql_select.cc;5101;0.009998;0.009998;0.0;0.0
sql_base.cc;4930;0.009998;0.009998;0.0;0.0
sql_array.h;44;0.009998;0.009998;0.0;0.0
sql_select.cc;13204;0.009998;0.009998;0.0;0.0
opt_hints.cc;1834;0.009998;0.009998;0.0;0.0
sql_base.cc;2016;0.009998;0.009998;0.0;0.0
ha_innodb.cc;7458;0.009998;0.009998;0.0;0.0
sql_select.cc;955;0.009998;0.009998;0.0;0.0
item.cc;592;0.009998;0.009998;0.0;0.0
lf_dynarray.c;201;0.009998;0.009998;0.0;0.0
sql_acl.cc;10028;0.009998;0.009998;0.0;0.0
sql_select.cc;2604;0.009998;0.009998;0.0;0.0
sql_select.cc;3407;0.009998;0.009998;0.0;0.0
sql_db.cc;1897;0.009998;0.009998;0.0;0.0
field.cc;4665;0.009998;0.009998;0.0;0.0
protocol.cc;1726;0.009998;0.009998;0.0;0.0
item_func.h;164;0.009998;0.009998;0.0;0.0
item.cc;7496;0.009998;0.009998;0.0;0.0
sql_type.cc;6016;0.009998;0.009998;0.0;0.0
lock.cc;434;0.009998;0.009998;0.0;0.0
sql_select.cc;31606;0.009998;0.009998;0.0;0.0
sql_string.h;563;0.009998;0.009998;0.0;0.0
sql_select.cc;7419;0.009998;0.009998;0.0;0.0
sql_list.h;823;0.009998;0.009998;0.0;0.0
item.h;1151;0.009998;0.009998;0.0;0.0
sql_select.cc;5030;0.009998;0.009998;0.0;0.0
item.h;4057;0.009998;0.009998;0.0;0.0
sql_base.cc;7012;0.009998;0.009998;0.0;0.0
sql_class.cc;3314;0.009998;0.009998;0.0;0.0
my_json_writer.h;626;0.009998;0.009998;0.0;0.0
viosocket.c;960;0.009998;0.009998;0.0;0.0
sql_select.cc;2972;0.009998;0.009998;0.0;0.0
sql_select.cc;3792;0.009998;0.009998;0.0;0.0
item_cmpfunc.h;152;0.009998;0.009998;0.0;0.0
item.h;4523;0.009998;0.009998;0.0;0.0
sql_base.cc;4944;0.009998;0.009998;0.0;0.0
sql_base.cc;8313;0.009998;0.009998;0.0;0.0
mdl.cc;2715;0.009998;0.009998;0.0;0.0
small_vector.h;97;0.009998;0.009998;0.0;0.0
page0page.h;780;0.009998;0.009998;0.0;0.0
handler.cc;8107;0.009998;0.009998;0.0;0.0
sql_base.cc;215;0.009998;0.009998;0.0;0.0
sql_union.cc;2987;0.009998;0.009998;0.0;0.0
sql_select.cc;549;0.009998;0.009998;0.0;0.0
ia32intrin.h;114;0.009998;0.009998;0.0;0.0
sql_base.cc;8619;0.009998;0.009998;0.0;0.0
page0page.h;782;0.009998;0.009998;0.0;0.0
sql_select.cc;13773;0.009998;0.009998;0.0;0.0
handler.cc;4111;0.009998;0.009998;0.0;0.0
handler.cc;1467;0.009998;0.009998;0.0;0.0
sql_select.cc;19579;0.009998;0.009998;0.0;0.0
sql_select.cc;17308;0.009998;0.009998;0.0;0.0
sql_base.cc;2436;0.009998;0.009998;0.0;0.0
sql_select.cc;2895;0.009998;0.009998;0.0;0.0
sql_base.cc;6620;0.009998;0.009998;0.0;0.0
ha_innodb.cc;15185;0.009998;0.009998;0.0;0.0
mdl.cc;1657;0.009998;0.009998;0.0;0.0
sql_parse.cc;6211;0.009998;0.009998;0.0;0.0
sql_base.cc;6319;0.009998;0.009998;0.0;0.0
sql_union.cc;2810;0.009998;0.009998;0.0;0.0
sql_base.cc;6651;0.009998;0.009998;0.0;0.0
cset_narrowing.cc;28;0.009998;0.009998;0.0;0.0
row0sel.cc;5793;0.009998;0.009998;0.0;0.0
sql_select.cc;7483;0.009998;0.009998;0.0;0.0
sql_select.cc;16870;0.009998;0.009998;0.0;0.0
buf0types.h;148;0.009998;0.009998;0.0;0.0
sql_base.cc;9189;0.009998;0.009998;0.0;0.0
item.cc;444;0.009998;0.009998;0.0;0.0
sql_base.cc;6980;0.009998;0.009998;0.0;0.0
opt_vcol_substitution.cc;129;0.009998;0.009998;0.0;0.0
sql_class.h;5829;0.009998;0.009998;0.0;0.0
item_func.h;207;0.009998;0.009998;0.0;0.0
btr0cur.h;716;0.009998;0.009998;0.0;0.0
item_cmpfunc.cc;784;0.009998;0.009998;0.0;0.0
sql_prepare.cc;386;0.009998;0.009998;0.0;0.0
sql_select.cc;3097;0.009998;0.009998;0.0;0.0
sql_base.cc;6346;0.009998;0.009998;0.0;0.0
sql_type.cc;6015;0.009998;0.009998;0.0;0.0
memcmp-avx2-movbe.S;480;0.009998;0.009998;0.0;0.0
net_serv.cc;891;0.009998;0.009998;0.0;0.0
ha_innodb.cc;4768;0.009998;0.009998;0.0;0.0
table.cc;3952;0.009998;0.009998;0.0;0.0
sql_base.cc;888;0.009998;0.009998;0.0;0.0
sql_oracle_outer_join.cc;749;0.009998;0.009998;0.0;0.0
sql_select.cc;25247;0.009997;0.009997;0.0;0.0
sql_list.h;149;0.009997;0.009997;0.0;0.0
sql_select.cc;3771;0.009997;0.009997;0.0;0.0
lf_dynarray.c;142;0.009997;0.009997;0.0;0.0
sql_select.cc;34850;0.009997;0.009997;0.0;0.0
sql_lex.cc;5779;0.009997;0.009997;0.0;0.0
table.h;3221;0.009997;0.009997;0.0;0.0
opt_subselect.cc;4076;0.009997;0.009997;0.0;0.0
sql_select.cc;14067;0.009997;0.009997;0.0;0.0
sql_base.cc;6970;0.009997;0.009997;0.0;0.0
handler.h;3718;0.009997;0.009997;0.0;0.0
sql_explain.cc;1770;0.009997;0.009997;0.0;0.0
item.h;3122;0.009997;0.009997;0.0;0.0
sql_base.cc;6050;0.009997;0.009997;0.0;0.0
semisync_master.cc;760;0.009997;0.009997;0.0;0.0
item.cc;589;0.009997;0.009997;0.0;0.0
net_serv.cc;1105;0.009997;0.009997;0.0;0.0
my_getsystime.c;85;0.009997;0.009997;0.0;0.0
my_alloc.c;410;0.009997;0.009997;0.0;0.0
opt_subselect.cc;6720;0.009997;0.009997;0.0;0.0
sql_select.h;1999;0.009996;0.009996;0.0;0.0
rem0cmp.cc;320;0.009996;0.009996;0.0;0.0
sql_lex.cc;3102;0.009996;0.009996;0.0;0.0
ctype-ascii.h;133;0.009991;0.009991;0.0;0.0
sql_select.cc;6753;0.009984;0.009984;0.0;0.0
item.cc;11831;0.009978;0.009978;0.0;0.0
sql_type.h;5724;0.009001;0.009001;0.0;0.0
