Source File;Source Line;CPU Time;CPU Time:Effective Time;CPU Time:Spin Time;CPU Time:Overhead Time
[Unknown source file];[Unknown];14.087357;14.087357;0.0;0.0
syscall_cancel.S;56;6.878668;6.878668;0.0;0.0
strings_def.h;209;6.637956;6.637956;0.0;0.0
ctype-uca.c;31285;2.505994;2.505994;0.0;0.0
ctype-utf8.c;3008;1.491988;1.491988;0.0;0.0
strings_def.h;100;1.130981;1.130981;0.0;0.0
strings_def.h;99;1.030777;1.030777;0.0;0.0
page0cur.cc;103;1.027971;1.027971;0.0;0.0
srw_lock.h;332;1.010991;1.010991;0.0;0.0
m_ctype.h;1980;0.950943;0.950943;0.0;0.0
ctype-uca.c;34319;0.891979;0.891979;0.0;0.0
page0cur.cc;580;0.778008;0.778008;0.0;0.0
page0cur.cc;85;0.734001;0.734001;0.0;0.0
atomic_base.h;641;0.530011;0.530011;0.0;0.0
m_ctype.h;1978;0.499973;0.499973;0.0;0.0
ctype-utf8.c;3030;0.462989;0.462989;0.0;0.0
rem0cmp.cc;329;0.459995;0.459995;0.0;0.0
memmove-vec-unaligned-erms.S;378;0.457984;0.457984;0.0;0.0
rem0rec.inl;240;0.449994;0.449994;0.0;0.0
memcmp-avx2-movbe.S;167;0.449994;0.449994;0.0;0.0
memmove-vec-unaligned-erms.S;377;0.441982;0.441982;0.0;0.0
rem0cmp.cc;323;0.425997;0.425997;0.0;0.0
ctype-uca.inl;239;0.409997;0.409997;0.0;0.0
memmove-vec-unaligned-erms.S;395;0.399992;0.399992;0.0;0.0
my_byteorder.h;92;0.390005;0.390005;0.0;0.0
ctype-uca-scanner_next.inl;50;0.390002;0.390002;0.0;0.0
stl_algobase.h;239;0.368996;0.368996;0.0;0.0
small_vector.h;120;0.339999;0.339999;0.0;0.0
field.h;2277;0.338992;0.338992;0.0;0.0
handler.h;4427;0.329997;0.329997;0.0;0.0
memcmp-avx2-movbe.S;416;0.328991;0.328991;0.0;0.0
filesort.cc;2839;0.321000;0.321000;0.0;0.0
ctype-uca.c;34356;0.310000;0.310000;0.0;0.0
memmove-vec-unaligned-erms.S;392;0.309997;0.309997;0.0;0.0
my_byteorder.h;56;0.300997;0.300997;0.0;0.0
item_cmpfunc.cc;2398;0.291991;0.291991;0.0;0.0
row0sel.cc;2956;0.290009;0.290009;0.0;0.0
ctype-uca.c;34353;0.281000;0.281000;0.0;0.0
buf0buf.h;1774;0.280986;0.280986;0.0;0.0
string_fortified.h;29;0.269982;0.269982;0.0;0.0
page0cur.cc;340;0.258003;0.258003;0.0;0.0
ctype-uca.inl;663;0.252004;0.252004;0.0;0.0
ctype-uca.c;34385;0.249993;0.249993;0.0;0.0
memmove-vec-unaligned-erms.S;376;0.241001;0.241001;0.0;0.0
ha_innodb.cc;9463;0.240993;0.240993;0.0;0.0
sql_array.h;87;0.240000;0.240000;0.0;0.0
buf0buf.cc;2829;0.239989;0.239989;0.0;0.0
m_ctype.h;1176;0.231002;0.231002;0.0;0.0
ctype-uca.c;31295;0.221997;0.221997;0.0;0.0
ctype-mb.c;255;0.221003;0.221003;0.0;0.0
ctype-uca-scanner_next.inl;84;0.210992;0.210992;0.0;0.0
read0types.h;132;0.208001;0.208001;0.0;0.0
page0cur.cc;604;0.199999;0.199999;0.0;0.0
page0page.h;667;0.199996;0.199996;0.0;0.0
memcmp-avx2-movbe.S;417;0.190999;0.190999;0.0;0.0
pthread_mutex_lock.c;160;0.189995;0.189995;0.0;0.0
rem0cmp.cc;207;0.189000;0.189000;0.0;0.0
row0sel.cc;974;0.181003;0.181003;0.0;0.0
page0cur.cc;231;0.180994;0.180994;0.0;0.0
item_cmpfunc.h;1122;0.180982;0.180982;0.0;0.0
mf_qsort.c;170;0.180001;0.180001;0.0;0.0
ctype-mb.c;255;0.180000;0.180000;0.0;0.0
btr0cur.cc;1269;0.179999;0.179999;0.0;0.0
sql_class.h;3514;0.179995;0.179995;0.0;0.0
rem0rec.h;605;0.179993;0.179993;0.0;0.0
filesort.cc;877;0.170997;0.170997;0.0;0.0
rem0cmp.cc;322;0.170009;0.170009;0.0;0.0
sql_select.cc;24838;0.170006;0.170006;0.0;0.0
ctype-uca.c;34355;0.169996;0.169996;0.0;0.0
cancellation.c;38;0.169992;0.169992;0.0;0.0
sql_type.cc;5994;0.169989;0.169989;0.0;0.0
row0sel.cc;981;0.169001;0.169001;0.0;0.0
field.cc;7805;0.168995;0.168995;0.0;0.0
stl_algobase.h;239;0.159999;0.159999;0.0;0.0
mysql_stage.h;112;0.159997;0.159997;0.0;0.0
memmove-vec-unaligned-erms.S;255;0.159000;0.159000;0.0;0.0
mf_qsort.c;131;0.158995;0.158995;0.0;0.0
ctype-uca.c;34379;0.158995;0.158995;0.0;0.0
filesort.cc;2853;0.151994;0.151994;0.0;0.0
row0sel.cc;3079;0.151000;0.151000;0.0;0.0
ctype-uca.c;32016;0.150003;0.150003;0.0;0.0
memmove-vec-unaligned-erms.S;471;0.149997;0.149997;0.0;0.0
sql_select.cc;26411;0.149993;0.149993;0.0;0.0
ctype-simple.c;1279;0.149967;0.149967;0.0;0.0
dict0mem.h;2832;0.149001;0.149001;0.0;0.0
ctype-uca-scanner_next.inl;218;0.142997;0.142997;0.0;0.0
mtr0mtr.cc;587;0.140999;0.140999;0.0;0.0
memmove-vec-unaligned-erms.S;489;0.140996;0.140996;0.0;0.0
memmove-vec-unaligned-erms.S;334;0.140995;0.140995;0.0;0.0
sql_select.cc;26162;0.140992;0.140992;0.0;0.0
ctype-uca.c;34430;0.140985;0.140985;0.0;0.0
buf0buf.cc;2700;0.139998;0.139998;0.0;0.0
filesort.cc;2733;0.139995;0.139995;0.0;0.0
mf_qsort.c;163;0.139992;0.139992;0.0;0.0
ctype-utf8.c;83;0.139988;0.139988;0.0;0.0
rem0rec.cc;408;0.139005;0.139005;0.0;0.0
sql_select.cc;26149;0.139004;0.139004;0.0;0.0
page0page.h;622;0.138999;0.138999;0.0;0.0
rem0rec.inl;251;0.138996;0.138996;0.0;0.0
row0sel.cc;2802;0.130997;0.130997;0.0;0.0
net_serv.cc;618;0.130004;0.130004;0.0;0.0
buf0buf.h;1465;0.129031;0.129031;0.0;0.0
protocol.cc;1355;0.128995;0.128995;0.0;0.0
row0sel.cc;2956;0.128995;0.128995;0.0;0.0
ctype-uca.c;33945;0.121992;0.121992;0.0;0.0
strings_def.h;103;0.121004;0.121004;0.0;0.0
ctype-uca.c;33945;0.120010;0.120010;0.0;0.0
sql_select.h;847;0.120001;0.120001;0.0;0.0
row0sel.cc;5196;0.120000;0.120000;0.0;0.0
page0cur.cc;585;0.119998;0.119998;0.0;0.0
rem0rec.inl;659;0.119997;0.119997;0.0;0.0
sql_class.h;4278;0.119996;0.119996;0.0;0.0
field.cc;1123;0.119995;0.119995;0.0;0.0
ctype-bin.c;87;0.119027;0.119027;0.0;0.0
ha_innodb.cc;16257;0.119000;0.119000;0.0;0.0
opt_range.cc;13757;0.113000;0.113000;0.0;0.0
sql_error.h;1063;0.111000;0.111000;0.0;0.0
ctype-uca.inl;651;0.110999;0.110999;0.0;0.0
mf_qsort.c;163;0.110998;0.110998;0.0;0.0
opt_range.cc;13751;0.110996;0.110996;0.0;0.0
my_alloc.c;271;0.110993;0.110993;0.0;0.0
buf0lru.cc;686;0.110004;0.110004;0.0;0.0
field.h;1503;0.110001;0.110001;0.0;0.0
item.cc;4932;0.109999;0.109999;0.0;0.0
page0cur.cc;672;0.109997;0.109997;0.0;0.0
sql_class.h;4278;0.109997;0.109997;0.0;0.0
sql_profile.h;322;0.109996;0.109996;0.0;0.0
string_fortified.h;59;0.109989;0.109989;0.0;0.0
ctype-uca.c;32010;0.109002;0.109002;0.0;0.0
page0cur.cc;533;0.109000;0.109000;0.0;0.0
ctype-uca-scanner_next.inl;61;0.101002;0.101002;0.0;0.0
filesort.cc;2871;0.100999;0.100999;0.0;0.0
hasher-mysql5x.c;23;0.100995;0.100995;0.0;0.0
sql_select.cc;26117;0.100005;0.100005;0.0;0.0
strings_def.h;98;0.100004;0.100004;0.0;0.0
rem0rec.cc;429;0.100003;0.100003;0.0;0.0
field.cc;7817;0.100000;0.100000;0.0;0.0
mf_qsort.c;128;0.100000;0.100000;0.0;0.0
field.cc;7804;0.100000;0.100000;0.0;0.0
page0cur.cc;877;0.099999;0.099999;0.0;0.0
strcoll.inl;229;0.099999;0.099999;0.0;0.0
sql_string.h;263;0.099998;0.099998;0.0;0.0
multi_range_read.cc;625;0.099997;0.099997;0.0;0.0
small_vector.h;37;0.099996;0.099996;0.0;0.0
ctype-uca-scanner_next.inl;84;0.099995;0.099995;0.0;0.0
row0sel.cc;3236;0.099994;0.099994;0.0;0.0
ctype-uca.c;32017;0.099994;0.099994;0.0;0.0
sql_explain.h;214;0.099993;0.099993;0.0;0.0
pthread_mutex_unlock.c;359;0.099993;0.099993;0.0;0.0
buf0buf.cc;2790;0.099991;0.099991;0.0;0.0
memmove-vec-unaligned-erms.S;381;0.091002;0.091002;0.0;0.0
hp_hash.c;293;0.091001;0.091001;0.0;0.0
my_alloc.c;356;0.090003;0.090003;0.0;0.0
page0cur.cc;643;0.090003;0.090003;0.0;0.0
memmove-vec-unaligned-erms.S;491;0.090001;0.090001;0.0;0.0
row0sel.cc;5022;0.090001;0.090001;0.0;0.0
rem0cmp.cc;320;0.090000;0.090000;0.0;0.0
memmove-vec-unaligned-erms.S;387;0.090000;0.090000;0.0;0.0
row0sel.cc;5164;0.090000;0.090000;0.0;0.0
row0sel.cc;3251;0.089999;0.089999;0.0;0.0
sql_class.cc;459;0.089999;0.089999;0.0;0.0
ut0byte.h;92;0.089998;0.089998;0.0;0.0
buf0buf.cc;2790;0.089998;0.089998;0.0;0.0
field.h;2887;0.089998;0.089998;0.0;0.0
protocol.cc;1370;0.089998;0.089998;0.0;0.0
hp_write.c;45;0.089997;0.089997;0.0;0.0
mtr0mtr.cc;595;0.089996;0.089996;0.0;0.0
item.cc;3768;0.089993;0.089993;0.0;0.0
ctype-uca.c;31285;0.089003;0.089003;0.0;0.0
btr0cur.cc;1550;0.089003;0.089003;0.0;0.0
buf0buf.h;1778;0.088999;0.088999;0.0;0.0
mtr0mtr.cc;347;0.088996;0.088996;0.0;0.0
multi_range_read.cc;546;0.088995;0.088995;0.0;0.0
rem0rec.cc;920;0.081996;0.081996;0.0;0.0
sql_parse.cc;6136;0.080996;0.080996;0.0;0.0
srw_lock.h;251;0.080005;0.080005;0.0;0.0
filesort.cc;2780;0.080003;0.080003;0.0;0.0
hp_write.c;364;0.080002;0.080002;0.0;0.0
row0sel.cc;4751;0.080000;0.080000;0.0;0.0
item.cc;3605;0.079998;0.079998;0.0;0.0
rem0rec.cc;267;0.079998;0.079998;0.0;0.0
rem0rec.cc;827;0.079998;0.079998;0.0;0.0
field.h;1503;0.079998;0.079998;0.0;0.0
protocol.cc;46;0.079998;0.079998;0.0;0.0
sql_parse.cc;2381;0.079997;0.079997;0.0;0.0
item.h;4522;0.079996;0.079996;0.0;0.0
item.cc;6612;0.079000;0.079000;0.0;0.0
sql_select.cc;13462;0.078998;0.078998;0.0;0.0
page0cur.cc;456;0.078997;0.078997;0.0;0.0
sql_list.h;426;0.078996;0.078996;0.0;0.0
item.cc;3380;0.078993;0.078993;0.0;0.0
ctype-uca.inl;661;0.070998;0.070998;0.0;0.0
item.h;3864;0.070998;0.070998;0.0;0.0
buf0buf.cc;2781;0.070003;0.070003;0.0;0.0
item_sum.h;736;0.070002;0.070002;0.0;0.0
strings_def.h;97;0.070002;0.070002;0.0;0.0
poll.c;29;0.070002;0.070002;0.0;0.0
protocol.cc;1199;0.070001;0.070001;0.0;0.0
buf0buf.cc;330;0.070001;0.070001;0.0;0.0
stl_algobase.h;239;0.070001;0.070001;0.0;0.0
protocol.cc;1312;0.070001;0.070001;0.0;0.0
rem0rec.inl;659;0.070001;0.070001;0.0;0.0
sql_list.h;435;0.070000;0.070000;0.0;0.0
sql_class.h;4911;0.070000;0.070000;0.0;0.0
filesort.cc;2845;0.070000;0.070000;0.0;0.0
memmove-vec-unaligned-erms.S;485;0.070000;0.070000;0.0;0.0
ctype-uca.inl;285;0.070000;0.070000;0.0;0.0
page0cur.cc;276;0.069999;0.069999;0.0;0.0
page0cur.cc;45;0.069999;0.069999;0.0;0.0
memmove-vec-unaligned-erms.S;379;0.069998;0.069998;0.0;0.0
hp_write.c;52;0.069998;0.069998;0.0;0.0
sql_string.h;259;0.069998;0.069998;0.0;0.0
strlen-avx2.S;85;0.069997;0.069997;0.0;0.0
hp_hash.c;316;0.069996;0.069996;0.0;0.0
ctype-utf8.c;3011;0.069995;0.069995;0.0;0.0
sql_string.h;112;0.069995;0.069995;0.0;0.0
buf0buf.cc;2737;0.069995;0.069995;0.0;0.0
item_func.cc;533;0.069995;0.069995;0.0;0.0
sql_list.h;154;0.069994;0.069994;0.0;0.0
lock.cc;819;0.069994;0.069994;0.0;0.0
hp_scan.c;74;0.069993;0.069993;0.0;0.0
field.h;1518;0.069992;0.069992;0.0;0.0
clock_gettime.c;40;0.069991;0.069991;0.0;0.0
sql_select.cc;972;0.069987;0.069987;0.0;0.0
filesort.cc;2843;0.069963;0.069963;0.0;0.0
pthread_mutex_lock.c;71;0.069001;0.069001;0.0;0.0
memmove-vec-unaligned-erms.S;266;0.068997;0.068997;0.0;0.0
page0page.h;664;0.068997;0.068997;0.0;0.0
page0cur.cc;580;0.062003;0.062003;0.0;0.0
ctype-uca.c;34356;0.061003;0.061003;0.0;0.0
opt_range.cc;4191;0.061000;0.061000;0.0;0.0
hp_write.c;363;0.060998;0.060998;0.0;0.0
row0sel.cc;5621;0.060996;0.060996;0.0;0.0
item.cc;3769;0.060995;0.060995;0.0;0.0
sql_select.cc;24827;0.060003;0.060003;0.0;0.0
page0cur.cc;216;0.060003;0.060003;0.0;0.0
ha_innodb.cc;9517;0.060002;0.060002;0.0;0.0
sql_class.h;8161;0.060002;0.060002;0.0;0.0
row0sel.cc;2816;0.060002;0.060002;0.0;0.0
multi_range_read.cc;637;0.060001;0.060001;0.0;0.0
memcmp-avx2-movbe.S;415;0.060001;0.060001;0.0;0.0
hp_write.c;259;0.060001;0.060001;0.0;0.0
dict0dict.cc;443;0.060001;0.060001;0.0;0.0
page0cur.cc;680;0.060001;0.060001;0.0;0.0
page0cur.cc;653;0.060000;0.060000;0.0;0.0
ha_innodb.cc;2653;0.060000;0.060000;0.0;0.0
item.cc;4931;0.060000;0.060000;0.0;0.0
ctype-uca.c;32036;0.059999;0.059999;0.0;0.0
page0cur.cc;185;0.059999;0.059999;0.0;0.0
hp_write.c;387;0.059999;0.059999;0.0;0.0
ctype-uca.c;34319;0.059999;0.059999;0.0;0.0
rem0rec.h;131;0.059999;0.059999;0.0;0.0
item.cc;3770;0.059999;0.059999;0.0;0.0
item_func.cc;143;0.059999;0.059999;0.0;0.0
ha_innodb.cc;10572;0.059999;0.059999;0.0;0.0
field.h;923;0.059999;0.059999;0.0;0.0
key.cc;522;0.059998;0.059998;0.0;0.0
sql_list.h;428;0.059998;0.059998;0.0;0.0
table.cc;6047;0.059998;0.059998;0.0;0.0
fil0fil.h;1389;0.059998;0.059998;0.0;0.0
viosocket.c;255;0.059997;0.059997;0.0;0.0
my_alloc.c;360;0.059996;0.059996;0.0;0.0
ha_innodb.cc;20826;0.059996;0.059996;0.0;0.0
sql_class.h;4416;0.059995;0.059995;0.0;0.0
ha_innodb.cc;16611;0.059995;0.059995;0.0;0.0
row0sel.cc;3251;0.059995;0.059995;0.0;0.0
memmove-vec-unaligned-erms.S;484;0.059993;0.059993;0.0;0.0
hp_write.c;324;0.059967;0.059967;0.0;0.0
ctype-uca.c;33945;0.059003;0.059003;0.0;0.0
temporary_tables.cc;45;0.059001;0.059001;0.0;0.0
sql_type.h;5474;0.058999;0.058999;0.0;0.0
rem0rec.inl;221;0.058998;0.058998;0.0;0.0
sql_prepare.cc;4863;0.057996;0.057996;0.0;0.0
sql_string.h;138;0.051004;0.051004;0.0;0.0
filesort.cc;2762;0.051003;0.051003;0.0;0.0
ha_innodb.cc;7513;0.051003;0.051003;0.0;0.0
sql_select.cc;5240;0.050999;0.050999;0.0;0.0
item_cmpfunc.cc;7594;0.050999;0.050999;0.0;0.0
ctype-uca.c;34349;0.050999;0.050999;0.0;0.0
hp_write.c;350;0.050996;0.050996;0.0;0.0
mtr0mtr.cc;582;0.050006;0.050006;0.0;0.0
handler.cc;7529;0.050005;0.050005;0.0;0.0
memmove-vec-unaligned-erms.S;492;0.050004;0.050004;0.0;0.0
memmove-vec-unaligned-erms.S;429;0.050003;0.050003;0.0;0.0
row0sel.cc;3168;0.050002;0.050002;0.0;0.0
sql_select.cc;29926;0.050002;0.050002;0.0;0.0
sql_window.cc;206;0.050002;0.050002;0.0;0.0
filesort.cc;2847;0.050002;0.050002;0.0;0.0
mf_qsort.c;144;0.050002;0.050002;0.0;0.0
row0sel.cc;2737;0.050001;0.050001;0.0;0.0
sql_select.cc;29940;0.050001;0.050001;0.0;0.0
sql_select.h;2008;0.050001;0.050001;0.0;0.0
item.h;5995;0.050001;0.050001;0.0;0.0
field.cc;7807;0.050001;0.050001;0.0;0.0
ha_innodb.cc;9475;0.050000;0.050000;0.0;0.0
row0sel.cc;4922;0.050000;0.050000;0.0;0.0
row0sel.cc;964;0.050000;0.050000;0.0;0.0
sql_select.h;848;0.050000;0.050000;0.0;0.0
malloc.c;3007;0.050000;0.050000;0.0;0.0
sql_parse.cc;3988;0.050000;0.050000;0.0;0.0
protocol.cc;37;0.050000;0.050000;0.0;0.0
protocol.cc;1735;0.050000;0.050000;0.0;0.0
memcmp-avx2-movbe.S;414;0.050000;0.050000;0.0;0.0
ilist.h;178;0.050000;0.050000;0.0;0.0
row0sel.cc;5723;0.050000;0.050000;0.0;0.0
sql_select.cc;31254;0.050000;0.050000;0.0;0.0
row0sel.cc;5022;0.050000;0.050000;0.0;0.0
rem0rec.cc;657;0.050000;0.050000;0.0;0.0
my_alloc.c;690;0.050000;0.050000;0.0;0.0
hp_write.c;148;0.050000;0.050000;0.0;0.0
sql_select.cc;26093;0.050000;0.050000;0.0;0.0
ilist.h;181;0.049999;0.049999;0.0;0.0
sql_select.cc;2180;0.049999;0.049999;0.0;0.0
btr0sea.cc;1698;0.049999;0.049999;0.0;0.0
sql_class.cc;3428;0.049999;0.049999;0.0;0.0
sql_select.cc;25001;0.049999;0.049999;0.0;0.0
m_ctype.h;1536;0.049999;0.049999;0.0;0.0
field.h;2676;0.049999;0.049999;0.0;0.0
buf0buf.inl;40;0.049999;0.049999;0.0;0.0
page0cur.cc;217;0.049998;0.049998;0.0;0.0
row0sel.cc;3145;0.049998;0.049998;0.0;0.0
item.h;1271;0.049998;0.049998;0.0;0.0
ctype-simple.c;1276;0.049998;0.049998;0.0;0.0
sql_list.h;154;0.049998;0.049998;0.0;0.0
filesort.cc;2757;0.049998;0.049998;0.0;0.0
viosocket.c;157;0.049998;0.049998;0.0;0.0
opt_vcol_substitution.cc;136;0.049998;0.049998;0.0;0.0
page0cur.cc;276;0.049998;0.049998;0.0;0.0
buf0buf.h;1446;0.049998;0.049998;0.0;0.0
net_serv.cc;726;0.049998;0.049998;0.0;0.0
ha_innodb.cc;9166;0.049998;0.049998;0.0;0.0
page0page.h;663;0.049997;0.049997;0.0;0.0
sql_class.cc;6161;0.049997;0.049997;0.0;0.0
cset_narrowing.h;83;0.049997;0.049997;0.0;0.0
row0sel.cc;5506;0.049997;0.049997;0.0;0.0
sql_select.cc;31116;0.049997;0.049997;0.0;0.0
sql_explain.cc;3037;0.049996;0.049996;0.0;0.0
memmove-vec-unaligned-erms.S;487;0.049996;0.049996;0.0;0.0
row0sel.cc;2985;0.049996;0.049996;0.0;0.0
buf0buf.cc;2704;0.049996;0.049996;0.0;0.0
lf_hash.cc;304;0.049996;0.049996;0.0;0.0
row0sel.cc;3170;0.049996;0.049996;0.0;0.0
net_serv.cc;898;0.049996;0.049996;0.0;0.0
strcoll.inl;149;0.049995;0.049995;0.0;0.0
sql_select.cc;21330;0.049995;0.049995;0.0;0.0
sql_plist.h;132;0.049994;0.049994;0.0;0.0
sql_explain.cc;107;0.049992;0.049992;0.0;0.0
sql_prepare.cc;3648;0.049005;0.049005;0.0;0.0
strcoll.inl;149;0.049001;0.049001;0.0;0.0
rem0rec.cc;430;0.049001;0.049001;0.0;0.0
memset-vec-unaligned-erms.S;199;0.049001;0.049001;0.0;0.0
memmove-vec-unaligned-erms.S;464;0.048999;0.048999;0.0;0.0
sql_select.cc;619;0.048999;0.048999;0.0;0.0
ha_innodb.cc;2708;0.048998;0.048998;0.0;0.0
rem0rec.cc;332;0.048996;0.048996;0.0;0.0
my_alloc.c;360;0.047999;0.047999;0.0;0.0
crc32c_amd64.cc;188;0.041003;0.041003;0.0;0.0
sql_plugin.cc;3262;0.041003;0.041003;0.0;0.0
sql_base.cc;9165;0.041001;0.041001;0.0;0.0
hp_write.c;49;0.041000;0.041000;0.0;0.0
pthread_mutex_lock.c;76;0.041000;0.041000;0.0;0.0
page0page.h;622;0.041000;0.041000;0.0;0.0
buf0buf.cc;2932;0.041000;0.041000;0.0;0.0
hp_hash.c;297;0.041000;0.041000;0.0;0.0
hp_write.c;395;0.040999;0.040999;0.0;0.0
protocol.cc;373;0.040997;0.040997;0.0;0.0
sql_class.cc;4413;0.040008;0.040008;0.0;0.0
my_alloc.c;361;0.040005;0.040005;0.0;0.0
memmove-vec-unaligned-erms.S;396;0.040005;0.040005;0.0;0.0
mf_qsort.c;145;0.040004;0.040004;0.0;0.0
sql_parse.cc;3510;0.040004;0.040004;0.0;0.0
protocol.cc;1734;0.040003;0.040003;0.0;0.0
handler.h;4967;0.040002;0.040002;0.0;0.0
sql_select.cc;2765;0.040002;0.040002;0.0;0.0
sql_select.cc;7482;0.040002;0.040002;0.0;0.0
opt_subselect.cc;4079;0.040002;0.040002;0.0;0.0
memmove-vec-unaligned-erms.S;490;0.040002;0.040002;0.0;0.0
sql_explain.cc;1767;0.040002;0.040002;0.0;0.0
mtr0mtr.cc;92;0.040002;0.040002;0.0;0.0
sql_select.cc;26149;0.040001;0.040001;0.0;0.0
ha_innodb.cc;7149;0.040001;0.040001;0.0;0.0
sql_lex.h;3898;0.040001;0.040001;0.0;0.0
field.cc;1140;0.040001;0.040001;0.0;0.0
sql_prepare.cc;354;0.040001;0.040001;0.0;0.0
sql_base.cc;9830;0.040001;0.040001;0.0;0.0
string_fortified.h;29;0.040001;0.040001;0.0;0.0
ctype-uca.c;34456;0.040001;0.040001;0.0;0.0
row0sel.cc;5493;0.040001;0.040001;0.0;0.0
memmove-vec-unaligned-erms.S;536;0.040001;0.040001;0.0;0.0
handler.cc;8044;0.040001;0.040001;0.0;0.0
sql_select.cc;33925;0.040001;0.040001;0.0;0.0
memset-vec-unaligned-erms.S;266;0.040001;0.040001;0.0;0.0
ha_innodb.cc;9479;0.040001;0.040001;0.0;0.0
rem0cmp.cc;365;0.040000;0.040000;0.0;0.0
lf_hash.cc;504;0.040000;0.040000;0.0;0.0
clock_gettime.c;30;0.040000;0.040000;0.0;0.0
errno-loc.c;25;0.040000;0.040000;0.0;0.0
lock.cc;379;0.040000;0.040000;0.0;0.0
handler.cc;4079;0.040000;0.040000;0.0;0.0
sql_class.cc;3237;0.040000;0.040000;0.0;0.0
item_func.cc;445;0.040000;0.040000;0.0;0.0
protocol.h;153;0.040000;0.040000;0.0;0.0
page0cur.cc;227;0.040000;0.040000;0.0;0.0
m_string.h;315;0.040000;0.040000;0.0;0.0
field.h;1321;0.040000;0.040000;0.0;0.0
item_cmpfunc.cc;7595;0.040000;0.040000;0.0;0.0
item_sum.cc;1644;0.040000;0.040000;0.0;0.0
memmove-vec-unaligned-erms.S;332;0.040000;0.040000;0.0;0.0
sql_select.cc;5459;0.040000;0.040000;0.0;0.0
page0cur.cc;539;0.040000;0.040000;0.0;0.0
mysql_statement.h;214;0.040000;0.040000;0.0;0.0
item_cmpfunc.cc;2413;0.040000;0.040000;0.0;0.0
sql_select.cc;31694;0.040000;0.040000;0.0;0.0
sql_explain.cc;56;0.040000;0.040000;0.0;0.0
ha_innodb.cc;7337;0.040000;0.040000;0.0;0.0
memcmp-avx2-movbe.S;407;0.039999;0.039999;0.0;0.0
multi_range_read.cc;605;0.039999;0.039999;0.0;0.0
row0sel.cc;5088;0.039999;0.039999;0.0;0.0
sql_select.cc;2089;0.039999;0.039999;0.0;0.0
ha_innodb.cc;9171;0.039999;0.039999;0.0;0.0
memmove-vec-unaligned-erms.S;498;0.039999;0.039999;0.0;0.0
sql_select.cc;1485;0.039999;0.039999;0.0;0.0
rem0rec.cc;907;0.039999;0.039999;0.0;0.0
ha_innodb.cc;16621;0.039999;0.039999;0.0;0.0
sql_type.cc;1698;0.039999;0.039999;0.0;0.0
field.cc;7812;0.039999;0.039999;0.0;0.0
row0sel.cc;5834;0.039999;0.039999;0.0;0.0
item_cmpfunc.cc;2403;0.039999;0.039999;0.0;0.0
opt_subselect.cc;2548;0.039999;0.039999;0.0;0.0
sql_audit.cc;148;0.039999;0.039999;0.0;0.0
ha_innodb.cc;15094;0.039999;0.039999;0.0;0.0
sql_class.cc;5187;0.039999;0.039999;0.0;0.0
sql_list.h;440;0.039999;0.039999;0.0;0.0
sql_parse.cc;6233;0.039999;0.039999;0.0;0.0
sql_prepare.cc;386;0.039999;0.039999;0.0;0.0
multi_range_read.cc;1730;0.039999;0.039999;0.0;0.0
sql_select.cc;31270;0.039999;0.039999;0.0;0.0
btr0cur.h;716;0.039999;0.039999;0.0;0.0
page0cur.cc;645;0.039998;0.039998;0.0;0.0
sql_select.cc;2279;0.039998;0.039998;0.0;0.0
ha_innodb.cc;9155;0.039998;0.039998;0.0;0.0
hp_write.c;49;0.039998;0.039998;0.0;0.0
row0sel.cc;5948;0.039998;0.039998;0.0;0.0
ctype-uca.inl;237;0.039998;0.039998;0.0;0.0
decimal.c;1097;0.039998;0.039998;0.0;0.0
decimal.c;1097;0.039998;0.039998;0.0;0.0
my_json_writer.h;646;0.039998;0.039998;0.0;0.0
ha_innodb.cc;9197;0.039998;0.039998;0.0;0.0
sql_select.cc;7599;0.039998;0.039998;0.0;0.0
psi_noop.c;867;0.039998;0.039998;0.0;0.0
sql_limit.h;44;0.039998;0.039998;0.0;0.0
sql_select.cc;1943;0.039998;0.039998;0.0;0.0
sql_prepare.cc;3410;0.039998;0.039998;0.0;0.0
row0sel.cc;4369;0.039998;0.039998;0.0;0.0
sql_alloc.h;37;0.039997;0.039997;0.0;0.0
array.c;239;0.039997;0.039997;0.0;0.0
page0cur.cc;889;0.039997;0.039997;0.0;0.0
item.h;4764;0.039997;0.039997;0.0;0.0
sql_class.h;4233;0.039997;0.039997;0.0;0.0
memmove-vec-unaligned-erms.S;256;0.039997;0.039997;0.0;0.0
sql_select.cc;18767;0.039997;0.039997;0.0;0.0
protocol.cc;1024;0.039997;0.039997;0.0;0.0
btr0cur.cc;1364;0.039996;0.039996;0.0;0.0
page0cur.cc;585;0.039996;0.039996;0.0;0.0
ha_innodb.cc;3620;0.039996;0.039996;0.0;0.0
sql_select.cc;24172;0.039996;0.039996;0.0;0.0
my_byteorder.h;202;0.039996;0.039996;0.0;0.0
item.h;1461;0.039002;0.039002;0.0;0.0
mf_qsort.c;133;0.039001;0.039001;0.0;0.0
page0cur.cc;457;0.039001;0.039001;0.0;0.0
ctype-uca.c;34398;0.039001;0.039001;0.0;0.0
sql_select.cc;10136;0.039001;0.039001;0.0;0.0
btr0cur.cc;957;0.039001;0.039001;0.0;0.0
net_serv.cc;572;0.039000;0.039000;0.0;0.0
item.h;2932;0.038999;0.038999;0.0;0.0
rem0cmp.cc;221;0.038998;0.038998;0.0;0.0
sql_explain.h;214;0.038998;0.038998;0.0;0.0
row0sel.cc;5167;0.037999;0.037999;0.0;0.0
small_vector.h;37;0.031001;0.031001;0.0;0.0
ctype-uca-scanner_next.inl;104;0.031001;0.031001;0.0;0.0
filesort.cc;1407;0.031000;0.031000;0.0;0.0
hp_block.c;40;0.031000;0.031000;0.0;0.0
btr0pcur.cc;303;0.031000;0.031000;0.0;0.0
memset-vec-unaligned-erms.S;422;0.031000;0.031000;0.0;0.0
item_cmpfunc.cc;7604;0.031000;0.031000;0.0;0.0
ha_innodb.cc;7371;0.030999;0.030999;0.0;0.0
memmove-vec-unaligned-erms.S;333;0.030999;0.030999;0.0;0.0
sql_select.cc;19813;0.030999;0.030999;0.0;0.0
sql_select.cc;26440;0.030997;0.030997;0.0;0.0
memmove-vec-unaligned-erms.S;468;0.030996;0.030996;0.0;0.0
hp_hash.c;221;0.030003;0.030003;0.0;0.0
buf0buf.cc;2686;0.030003;0.030003;0.0;0.0
field.h;1196;0.030003;0.030003;0.0;0.0
item.h;3927;0.030003;0.030003;0.0;0.0
decimal.c;1099;0.030002;0.030002;0.0;0.0
ut0byte.h;74;0.030002;0.030002;0.0;0.0
memmove-vec-unaligned-erms.S;367;0.030002;0.030002;0.0;0.0
row0sel.cc;4820;0.030002;0.030002;0.0;0.0
row0sel.cc;3076;0.030002;0.030002;0.0;0.0
sql_select.cc;14509;0.030002;0.030002;0.0;0.0
item.h;2223;0.030002;0.030002;0.0;0.0
memmove-vec-unaligned-erms.S;262;0.030002;0.030002;0.0;0.0
ctype-uca.c;34339;0.030002;0.030002;0.0;0.0
opt_range.cc;1266;0.030002;0.030002;0.0;0.0
btr0pcur.cc;221;0.030002;0.030002;0.0;0.0
sql_array.h;99;0.030002;0.030002;0.0;0.0
item.cc;11799;0.030002;0.030002;0.0;0.0
sql_select.cc;4928;0.030001;0.030001;0.0;0.0
hp_write.c;332;0.030001;0.030001;0.0;0.0
sql_select.cc;29996;0.030001;0.030001;0.0;0.0
filesort_utils.h;218;0.030001;0.030001;0.0;0.0
opt_range.h;1971;0.030001;0.030001;0.0;0.0
sql_select.cc;13133;0.030001;0.030001;0.0;0.0
protocol.cc;1247;0.030001;0.030001;0.0;0.0
ctype-uca.inl;694;0.030001;0.030001;0.0;0.0
sql_select.cc;26112;0.030001;0.030001;0.0;0.0
sql_select.cc;511;0.030001;0.030001;0.0;0.0
sql_select.cc;13863;0.030001;0.030001;0.0;0.0
item.cc;11802;0.030001;0.030001;0.0;0.0
row0sel.cc;4059;0.030001;0.030001;0.0;0.0
opt_subselect.cc;6707;0.030001;0.030001;0.0;0.0
dict0mem.h;2171;0.030001;0.030001;0.0;0.0
item_cmpfunc.cc;396;0.030001;0.030001;0.0;0.0
sql_select.cc;16808;0.030001;0.030001;0.0;0.0
ha_innodb.cc;17030;0.030001;0.030001;0.0;0.0
ha_innodb.cc;2671;0.030001;0.030001;0.0;0.0
my_malloc.c;193;0.030001;0.030001;0.0;0.0
sql_class.h;4239;0.030001;0.030001;0.0;0.0
sql_cte.cc;113;0.030001;0.030001;0.0;0.0
sql_class.cc;3390;0.030001;0.030001;0.0;0.0
net_serv.cc;415;0.030001;0.030001;0.0;0.0
sql_base.cc;1629;0.030001;0.030001;0.0;0.0
mf_qsort.c;154;0.030001;0.030001;0.0;0.0
row0sel.cc;5494;0.030001;0.030001;0.0;0.0
btr0cur.cc;5289;0.030001;0.030001;0.0;0.0
ctype-unidata.h;130;0.030001;0.030001;0.0;0.0
stl_algobase.h;674;0.030001;0.030001;0.0;0.0
sql_parse.cc;1659;0.030001;0.030001;0.0;0.0
protocol.cc;1036;0.030001;0.030001;0.0;0.0
strcmp-avx2.S;206;0.030001;0.030001;0.0;0.0
sql_select.cc;5442;0.030001;0.030001;0.0;0.0
field.h;1412;0.030000;0.030000;0.0;0.0
sql_select.cc;29957;0.030000;0.030000;0.0;0.0
row0sel.cc;4544;0.030000;0.030000;0.0;0.0
item.h;4565;0.030000;0.030000;0.0;0.0
data0data.h;604;0.030000;0.030000;0.0;0.0
field.cc;4665;0.030000;0.030000;0.0;0.0
sql_class.cc;461;0.030000;0.030000;0.0;0.0
ha_innodb.cc;9463;0.030000;0.030000;0.0;0.0
item.cc;6629;0.030000;0.030000;0.0;0.0
page0cur.cc;338;0.030000;0.030000;0.0;0.0
mysqld.cc;3851;0.030000;0.030000;0.0;0.0
page0cur.cc;814;0.030000;0.030000;0.0;0.0
sql_prepare.cc;969;0.030000;0.030000;0.0;0.0
protocol.cc;36;0.030000;0.030000;0.0;0.0
handler.cc;7557;0.030000;0.030000;0.0;0.0
my_alloc.c;425;0.030000;0.030000;0.0;0.0
protocol.cc;1735;0.030000;0.030000;0.0;0.0
sql_plist.h;99;0.030000;0.030000;0.0;0.0
strlen-avx2.S;77;0.030000;0.030000;0.0;0.0
sql_select.cc;4622;0.030000;0.030000;0.0;0.0
sql_select.cc;1696;0.030000;0.030000;0.0;0.0
row0sel.cc;5776;0.030000;0.030000;0.0;0.0
dict0dict.cc;3877;0.030000;0.030000;0.0;0.0
sql_cache.cc;1711;0.030000;0.030000;0.0;0.0
mf_qsort.c;141;0.030000;0.030000;0.0;0.0
sql_base.cc;1037;0.030000;0.030000;0.0;0.0
item.h;4762;0.030000;0.030000;0.0;0.0
memmove-vec-unaligned-erms.S;497;0.030000;0.030000;0.0;0.0
ha_innodb.cc;9320;0.030000;0.030000;0.0;0.0
item.cc;4857;0.030000;0.030000;0.0;0.0
ha_innodb.cc;9285;0.030000;0.030000;0.0;0.0
item.cc;5129;0.030000;0.030000;0.0;0.0
sql_select.cc;34524;0.030000;0.030000;0.0;0.0
ha_innodb.cc;7369;0.030000;0.030000;0.0;0.0
sql_class.cc;4543;0.030000;0.030000;0.0;0.0
ha_heap.cc;308;0.030000;0.030000;0.0;0.0
malloc.c;3038;0.030000;0.030000;0.0;0.0
net_serv.cc;412;0.030000;0.030000;0.0;0.0
sql_select.cc;1883;0.030000;0.030000;0.0;0.0
item.h;1742;0.030000;0.030000;0.0;0.0
ctype-uca.inl;227;0.030000;0.030000;0.0;0.0
mtr0mtr.cc;186;0.030000;0.030000;0.0;0.0
memset-vec-unaligned-erms.S;427;0.030000;0.030000;0.0;0.0
ctype-uca.c;33945;0.030000;0.030000;0.0;0.0
sql_select.cc;17340;0.030000;0.030000;0.0;0.0
sql_base.cc;1073;0.030000;0.030000;0.0;0.0
row0sel.cc;3951;0.030000;0.030000;0.0;0.0
opt_range.cc;9069;0.030000;0.030000;0.0;0.0
strcmp-avx2.S;303;0.030000;0.030000;0.0;0.0
page0cur.cc;97;0.030000;0.030000;0.0;0.0
item_sum.cc;1844;0.030000;0.030000;0.0;0.0
row0sel.cc;4164;0.029999;0.029999;0.0;0.0
item.h;6001;0.029999;0.029999;0.0;0.0
sql_type.cc;9123;0.029999;0.029999;0.0;0.0
opt_range.cc;2141;0.029999;0.029999;0.0;0.0
pack.c;132;0.029999;0.029999;0.0;0.0
sql_select.cc;13033;0.029999;0.029999;0.0;0.0
mf_qsort.c;117;0.029999;0.029999;0.0;0.0
sql_select.cc;31217;0.029999;0.029999;0.0;0.0
sql_select.cc;19579;0.029999;0.029999;0.0;0.0
mysqld.cc;3790;0.029999;0.029999;0.0;0.0
row0sel.cc;5089;0.029999;0.029999;0.0;0.0
item.h;4568;0.029999;0.029999;0.0;0.0
sql_parse.cc;7063;0.029999;0.029999;0.0;0.0
sql_parse.cc;2450;0.029999;0.029999;0.0;0.0
row0sel.cc;5509;0.029999;0.029999;0.0;0.0
crc32c.cc;532;0.029999;0.029999;0.0;0.0
sql_parse.cc;1688;0.029999;0.029999;0.0;0.0
opt_rewrite_remove_casefold.cc;127;0.029999;0.029999;0.0;0.0
item.cc;730;0.029999;0.029999;0.0;0.0
multi_range_read.cc;627;0.029999;0.029999;0.0;0.0
records.cc;396;0.029999;0.029999;0.0;0.0
sql_select.cc;26133;0.029999;0.029999;0.0;0.0
sql_union.cc;2734;0.029999;0.029999;0.0;0.0
page0cur.cc;244;0.029999;0.029999;0.0;0.0
item_sum.h;569;0.029999;0.029999;0.0;0.0
atomic_base.h;631;0.029999;0.029999;0.0;0.0
strings_def.h;96;0.029999;0.029999;0.0;0.0
mdl.h;388;0.029999;0.029999;0.0;0.0
item_func.cc;157;0.029999;0.029999;0.0;0.0
btr0cur.cc;1259;0.029999;0.029999;0.0;0.0
sql_parse.cc;1275;0.029999;0.029999;0.0;0.0
sql_class.cc;3387;0.029999;0.029999;0.0;0.0
sql_parse.cc;7384;0.029999;0.029999;0.0;0.0
lock.cc;872;0.029999;0.029999;0.0;0.0
sql_class.cc;6434;0.029999;0.029999;0.0;0.0
opt_range.cc;13756;0.029999;0.029999;0.0;0.0
sql_lex.cc;6336;0.029999;0.029999;0.0;0.0
mysql_stage.h;112;0.029999;0.029999;0.0;0.0
malloc.c;3034;0.029999;0.029999;0.0;0.0
row0sel.cc;5965;0.029999;0.029999;0.0;0.0
memset-vec-unaligned-erms.S;295;0.029999;0.029999;0.0;0.0
sql_list.h;427;0.029999;0.029999;0.0;0.0
sql_prepare.cc;4366;0.029999;0.029999;0.0;0.0
sql_parse.cc;1267;0.029999;0.029999;0.0;0.0
field.cc;7542;0.029999;0.029999;0.0;0.0
sql_select.cc;5190;0.029999;0.029999;0.0;0.0
table.cc;4982;0.029999;0.029999;0.0;0.0
sql_type.cc;207;0.029999;0.029999;0.0;0.0
opt_range.cc;4189;0.029999;0.029999;0.0;0.0
malloc.c;3247;0.029999;0.029999;0.0;0.0
ha_innodb.cc;7904;0.029999;0.029999;0.0;0.0
buf0types.h;132;0.029998;0.029998;0.0;0.0
sql_type.cc;8941;0.029998;0.029998;0.0;0.0
hp_hash.c;297;0.029998;0.029998;0.0;0.0
opt_range.cc;1226;0.029998;0.029998;0.0;0.0
page0cur.cc;577;0.029998;0.029998;0.0;0.0
rem0rec.cc;1990;0.029998;0.029998;0.0;0.0
my_json_writer.h;449;0.029998;0.029998;0.0;0.0
handler.h;4428;0.029998;0.029998;0.0;0.0
ctype-uca.inl;295;0.029998;0.029998;0.0;0.0
opt_subselect.cc;5570;0.029998;0.029998;0.0;0.0
sql_prepare.cc;4698;0.029998;0.029998;0.0;0.0
row0sel.cc;2961;0.029998;0.029998;0.0;0.0
sql_select.cc;16799;0.029998;0.029998;0.0;0.0
mdl.cc;1056;0.029998;0.029998;0.0;0.0
item.h;1151;0.029998;0.029998;0.0;0.0
item_func.h;205;0.029998;0.029998;0.0;0.0
sql_select.cc;17591;0.029998;0.029998;0.0;0.0
page0cur.cc;206;0.029998;0.029998;0.0;0.0
my_malloc.c;71;0.029998;0.029998;0.0;0.0
opt_subselect.cc;4353;0.029998;0.029998;0.0;0.0
item.h;3988;0.029998;0.029998;0.0;0.0
lf_alloc-pin.c;458;0.029998;0.029998;0.0;0.0
sql_select.cc;25020;0.029998;0.029998;0.0;0.0
net_serv.cc;835;0.029998;0.029998;0.0;0.0
decimal.c;1099;0.029998;0.029998;0.0;0.0
sql_type.cc;35;0.029998;0.029998;0.0;0.0
mysqld.cc;742;0.029998;0.029998;0.0;0.0
field.h;1198;0.029998;0.029998;0.0;0.0
sql_class.h;4416;0.029998;0.029998;0.0;0.0
sql_parse.cc;3563;0.029998;0.029998;0.0;0.0
item_cmpfunc.cc;433;0.029998;0.029998;0.0;0.0
sql_select.h;858;0.029998;0.029998;0.0;0.0
ctype-uca.c;34385;0.029998;0.029998;0.0;0.0
array.c;48;0.029998;0.029998;0.0;0.0
mtr0mtr.cc;92;0.029998;0.029998;0.0;0.0
sql_class.cc;4907;0.029998;0.029998;0.0;0.0
my_alloc.c;314;0.029998;0.029998;0.0;0.0
sql_statistics.cc;3259;0.029998;0.029998;0.0;0.0
filesort.cc;2765;0.029998;0.029998;0.0;0.0
rem0rec.inl;437;0.029998;0.029998;0.0;0.0
lf_hash.cc;128;0.029998;0.029998;0.0;0.0
sql_class.cc;3450;0.029997;0.029997;0.0;0.0
sql_parse.cc;3770;0.029997;0.029997;0.0;0.0
ut0lst.h;347;0.029997;0.029997;0.0;0.0
opt_subselect.cc;4347;0.029997;0.029997;0.0;0.0
viosocket.c;178;0.029997;0.029997;0.0;0.0
sql_select.cc;5242;0.029997;0.029997;0.0;0.0
hp_write.c;216;0.029997;0.029997;0.0;0.0
dict0dict.inl;705;0.029997;0.029997;0.0;0.0
opt_range.cc;13769;0.029997;0.029997;0.0;0.0
row0sel.cc;4629;0.029997;0.029997;0.0;0.0
sql_base.cc;8344;0.029997;0.029997;0.0;0.0
sql_string.cc;1318;0.029997;0.029997;0.0;0.0
sql_class.h;8414;0.029997;0.029997;0.0;0.0
net_serv.cc;453;0.029996;0.029996;0.0;0.0
hp_write.c;56;0.029996;0.029996;0.0;0.0
sql_type.cc;8942;0.029996;0.029996;0.0;0.0
structs.h;531;0.029996;0.029996;0.0;0.0
item.h;3930;0.029996;0.029996;0.0;0.0
ctype-uca.inl;296;0.029995;0.029995;0.0;0.0
sql_bitmap.h;168;0.029995;0.029995;0.0;0.0
page0page.h;346;0.029994;0.029994;0.0;0.0
item_cmpfunc.cc;438;0.029994;0.029994;0.0;0.0
sql_select.cc;5192;0.029983;0.029983;0.0;0.0
sql_parse.cc;7380;0.029977;0.029977;0.0;0.0
btr0cur.cc;1471;0.029001;0.029001;0.0;0.0
my_alloc.c;407;0.029001;0.029001;0.0;0.0
field.h;1518;0.029000;0.029000;0.0;0.0
opt_subselect.cc;6710;0.029000;0.029000;0.0;0.0
opt_trace.cc;57;0.029000;0.029000;0.0;0.0
row0sel.cc;3103;0.029000;0.029000;0.0;0.0
handler.h;4392;0.028999;0.028999;0.0;0.0
memmove-vec-unaligned-erms.S;417;0.028999;0.028999;0.0;0.0
page0cur.cc;129;0.028999;0.028999;0.0;0.0
row0sel.cc;2920;0.028998;0.028998;0.0;0.0
mysql_statement.h;234;0.028998;0.028998;0.0;0.0
my_json_writer.h;469;0.028998;0.028998;0.0;0.0
opt_trace_context.h;108;0.028998;0.028998;0.0;0.0
mtr0mtr.cc;71;0.027997;0.027997;0.0;0.0
sql_base.cc;4686;0.021002;0.021002;0.0;0.0
sql_connect.cc;1456;0.021002;0.021002;0.0;0.0
records.cc;348;0.021001;0.021001;0.0;0.0
item_cmpfunc.cc;7599;0.021001;0.021001;0.0;0.0
mf_qsort.c;202;0.021001;0.021001;0.0;0.0
dict0mem.h;1398;0.021001;0.021001;0.0;0.0
ctype-uca.c;34379;0.021000;0.021000;0.0;0.0
mf_qsort.c;184;0.021000;0.021000;0.0;0.0
memcmp-avx2-movbe.S;408;0.021000;0.021000;0.0;0.0
field.cc;4694;0.020999;0.020999;0.0;0.0
ha_innodb.cc;7380;0.020999;0.020999;0.0;0.0
row0sel.cc;5274;0.020999;0.020999;0.0;0.0
sql_prepare.cc;968;0.020999;0.020999;0.0;0.0
item_cmpfunc.cc;401;0.020998;0.020998;0.0;0.0
row0sel.cc;3849;0.020998;0.020998;0.0;0.0
sql_type.h;3199;0.020996;0.020996;0.0;0.0
mf_qsort.c;135;0.020919;0.020919;0.0;0.0
sql_parse.cc;7479;0.020006;0.020006;0.0;0.0
row0sel.cc;3764;0.020004;0.020004;0.0;0.0
rem0cmp.cc;367;0.020004;0.020004;0.0;0.0
sql_select.cc;6274;0.020003;0.020003;0.0;0.0
row0sel.cc;3167;0.020003;0.020003;0.0;0.0
item.h;4546;0.020003;0.020003;0.0;0.0
handler.cc;2288;0.020003;0.020003;0.0;0.0
page0cur.cc;68;0.020003;0.020003;0.0;0.0
sql_base.cc;9038;0.020003;0.020003;0.0;0.0
row0sel.cc;4486;0.020003;0.020003;0.0;0.0
mysqld.cc;1242;0.020003;0.020003;0.0;0.0
sql_class.cc;3333;0.020003;0.020003;0.0;0.0
mf_qsort.c;206;0.020002;0.020002;0.0;0.0
hp_write.c;213;0.020002;0.020002;0.0;0.0
protocol.cc;1849;0.020002;0.020002;0.0;0.0
sql_select.cc;19757;0.020002;0.020002;0.0;0.0
page0cur.cc;236;0.020002;0.020002;0.0;0.0
sql_select.cc;14418;0.020002;0.020002;0.0;0.0
my_alloc.c;372;0.020002;0.020002;0.0;0.0
memmove-vec-unaligned-erms.S;364;0.020002;0.020002;0.0;0.0
table_cache.cc;936;0.020002;0.020002;0.0;0.0
row0sel.cc;5833;0.020002;0.020002;0.0;0.0
ha_innodb.cc;16447;0.020002;0.020002;0.0;0.0
rem0rec.cc;364;0.020002;0.020002;0.0;0.0
crc32c_amd64.cc;630;0.020002;0.020002;0.0;0.0
sql_explain.cc;82;0.020002;0.020002;0.0;0.0
sql_select.cc;34850;0.020002;0.020002;0.0;0.0
errno-loc.c;27;0.020002;0.020002;0.0;0.0
multi_range_read.cc;1741;0.020002;0.020002;0.0;0.0
item_cmpfunc.h;3725;0.020002;0.020002;0.0;0.0
my_bitmap.h;95;0.020002;0.020002;0.0;0.0
net_serv.cc;614;0.020002;0.020002;0.0;0.0
item.cc;6617;0.020002;0.020002;0.0;0.0
sql_select.cc;24233;0.020002;0.020002;0.0;0.0
handler.cc;4192;0.020002;0.020002;0.0;0.0
field.h;2689;0.020002;0.020002;0.0;0.0
sql_select.cc;24826;0.020002;0.020002;0.0;0.0
sql_base.cc;4491;0.020002;0.020002;0.0;0.0
sql_select.cc;668;0.020002;0.020002;0.0;0.0
mysql_socket.h;850;0.020002;0.020002;0.0;0.0
row0sel.cc;4839;0.020002;0.020002;0.0;0.0
sql_select.cc;16550;0.020002;0.020002;0.0;0.0
ha_innodb.cc;4763;0.020002;0.020002;0.0;0.0
sql_type.cc;9122;0.020002;0.020002;0.0;0.0
sql_select.cc;13142;0.020001;0.020001;0.0;0.0
sql_select.cc;31106;0.020001;0.020001;0.0;0.0
sql_base.cc;4756;0.020001;0.020001;0.0;0.0
sql_parse.cc;1186;0.020001;0.020001;0.0;0.0
read0read.cc;234;0.020001;0.020001;0.0;0.0
sql_select.cc;29913;0.020001;0.020001;0.0;0.0
filesort.cc;2759;0.020001;0.020001;0.0;0.0
memmove-vec-unaligned-erms.S;325;0.020001;0.020001;0.0;0.0
handler.h;2151;0.020001;0.020001;0.0;0.0
page0page.h;782;0.020001;0.020001;0.0;0.0
sql_base.cc;5831;0.020001;0.020001;0.0;0.0
filesort.cc;2850;0.020001;0.020001;0.0;0.0
pthread_getspecific.c;55;0.020001;0.020001;0.0;0.0
lock.cc;472;0.020001;0.020001;0.0;0.0
item_cmpfunc.h;660;0.020001;0.020001;0.0;0.0
handler.cc;7607;0.020001;0.020001;0.0;0.0
opt_trace.cc;54;0.020001;0.020001;0.0;0.0
ctype-uca.c;33935;0.020001;0.020001;0.0;0.0
item_cmpfunc.h;3622;0.020001;0.020001;0.0;0.0
sql_prepare.cc;617;0.020001;0.020001;0.0;0.0
sql_select.cc;16833;0.020001;0.020001;0.0;0.0
ctype-bin.c;95;0.020001;0.020001;0.0;0.0
sql_lex.h;1452;0.020001;0.020001;0.0;0.0
hp_rrnd.c;40;0.020001;0.020001;0.0;0.0
sql_select.cc;34231;0.020001;0.020001;0.0;0.0
sql_select.cc;955;0.020001;0.020001;0.0;0.0
pthread_getspecific.c;64;0.020001;0.020001;0.0;0.0
opt_range.cc;2735;0.020001;0.020001;0.0;0.0
buf0buf.h;766;0.020001;0.020001;0.0;0.0
rem0cmp.cc;327;0.020001;0.020001;0.0;0.0
opt_hints.cc;1352;0.020001;0.020001;0.0;0.0
btr0pcur.cc;515;0.020001;0.020001;0.0;0.0
page0page.cc;1296;0.020001;0.020001;0.0;0.0
btr0sea.cc;1705;0.020001;0.020001;0.0;0.0
sql_select.cc;13776;0.020001;0.020001;0.0;0.0
ha_innodb.cc;1810;0.020001;0.020001;0.0;0.0
item_cmpfunc.h;3618;0.020001;0.020001;0.0;0.0
sql_parse.cc;6127;0.020001;0.020001;0.0;0.0
sql_string.cc;263;0.020001;0.020001;0.0;0.0
page0page.inl;366;0.020001;0.020001;0.0;0.0
sql_select.cc;5146;0.020001;0.020001;0.0;0.0
handler.cc;6452;0.020001;0.020001;0.0;0.0
item_cmpfunc.cc;2399;0.020001;0.020001;0.0;0.0
row0mysql.cc;384;0.020001;0.020001;0.0;0.0
opt_range.cc;8355;0.020001;0.020001;0.0;0.0
ut0byte.h;92;0.020001;0.020001;0.0;0.0
handler.cc;1892;0.020001;0.020001;0.0;0.0
page0page.h;217;0.020001;0.020001;0.0;0.0
sql_select.cc;13402;0.020001;0.020001;0.0;0.0
sql_explain.cc;126;0.020001;0.020001;0.0;0.0
sql_select.cc;17019;0.020001;0.020001;0.0;0.0
dict0dict.inl;170;0.020001;0.020001;0.0;0.0
sql_audit.cc;135;0.020001;0.020001;0.0;0.0
mf_qsort.c;124;0.020001;0.020001;0.0;0.0
sql_select.cc;13185;0.020001;0.020001;0.0;0.0
array.c;93;0.020001;0.020001;0.0;0.0
page0cur.cc;886;0.020001;0.020001;0.0;0.0
ctype-mb.c;252;0.020001;0.020001;0.0;0.0
sql_select.cc;16215;0.020001;0.020001;0.0;0.0
handler.cc;7533;0.020001;0.020001;0.0;0.0
sql_select.cc;24849;0.020001;0.020001;0.0;0.0
ha_heap.cc;424;0.020001;0.020001;0.0;0.0
sql_bitmap.h;173;0.020001;0.020001;0.0;0.0
my_alloc.c;311;0.020001;0.020001;0.0;0.0
handler.h;3773;0.020001;0.020001;0.0;0.0
sql_base.cc;8699;0.020001;0.020001;0.0;0.0
sql_prepare.cc;3355;0.020001;0.020001;0.0;0.0
m_ctype.h;1154;0.020001;0.020001;0.0;0.0
sql_select.cc;16242;0.020001;0.020001;0.0;0.0
mtr0mtr.cc;535;0.020001;0.020001;0.0;0.0
buf0lru.cc;508;0.020001;0.020001;0.0;0.0
decimal.c;1091;0.020001;0.020001;0.0;0.0
sql_select.cc;2855;0.020001;0.020001;0.0;0.0
read0types.h;135;0.020001;0.020001;0.0;0.0
multi_range_read.cc;1732;0.020001;0.020001;0.0;0.0
sql_select.cc;3105;0.020001;0.020001;0.0;0.0
field.cc;7801;0.020001;0.020001;0.0;0.0
sql_select.cc;21762;0.020001;0.020001;0.0;0.0
sql_select.cc;7149;0.020001;0.020001;0.0;0.0
item_func.cc;418;0.020001;0.020001;0.0;0.0
handler.cc;9746;0.020001;0.020001;0.0;0.0
my_alloc.c;465;0.020001;0.020001;0.0;0.0
rem0rec.cc;745;0.020001;0.020001;0.0;0.0
ha_innodb.cc;5203;0.020001;0.020001;0.0;0.0
strings_def.h;206;0.020001;0.020001;0.0;0.0
item_sum.cc;1855;0.020001;0.020001;0.0;0.0
page0cur.cc;865;0.020001;0.020001;0.0;0.0
dict0mem.h;558;0.020000;0.020000;0.0;0.0
cleanup_compat.c;47;0.020000;0.020000;0.0;0.0
sql_parse.cc;3581;0.020000;0.020000;0.0;0.0
item_func.h;162;0.020000;0.020000;0.0;0.0
net_serv.cc;395;0.020000;0.020000;0.0;0.0
hp_write.c;296;0.020000;0.020000;0.0;0.0
sql_select.cc;12352;0.020000;0.020000;0.0;0.0
sql_select.cc;3764;0.020000;0.020000;0.0;0.0
sql_union.cc;2969;0.020000;0.020000;0.0;0.0
item.h;763;0.020000;0.020000;0.0;0.0
sql_select.cc;26104;0.020000;0.020000;0.0;0.0
item_cmpfunc.cc;779;0.020000;0.020000;0.0;0.0
page0cur.cc;462;0.020000;0.020000;0.0;0.0
sql_select.cc;3070;0.020000;0.020000;0.0;0.0
opt_vcol_substitution.cc;132;0.020000;0.020000;0.0;0.0
sql_select.cc;17372;0.020000;0.020000;0.0;0.0
memcmp-avx2-movbe.S;166;0.020000;0.020000;0.0;0.0
mf_qsort.c;100;0.020000;0.020000;0.0;0.0
hp_rrnd.c;29;0.020000;0.020000;0.0;0.0
mdl.cc;2703;0.020000;0.020000;0.0;0.0
memmove-vec-unaligned-erms.S;365;0.020000;0.020000;0.0;0.0
ha_innodb.cc;9328;0.020000;0.020000;0.0;0.0
sql_select.cc;6357;0.020000;0.020000;0.0;0.0
key.cc;166;0.020000;0.020000;0.0;0.0
ha_innodb.cc;9292;0.020000;0.020000;0.0;0.0
row0sel.cc;4498;0.020000;0.020000;0.0;0.0
protocol.cc;1842;0.020000;0.020000;0.0;0.0
sql_select.cc;20868;0.020000;0.020000;0.0;0.0
ha_innodb.cc;9224;0.020000;0.020000;0.0;0.0
sql_select.cc;1986;0.020000;0.020000;0.0;0.0
lock.cc;338;0.020000;0.020000;0.0;0.0
memmove-vec-unaligned-erms.S;501;0.020000;0.020000;0.0;0.0
sql_select.cc;17135;0.020000;0.020000;0.0;0.0
sql_select.cc;6090;0.020000;0.020000;0.0;0.0
item_cmpfunc.cc;690;0.020000;0.020000;0.0;0.0
sql_class.cc;3331;0.020000;0.020000;0.0;0.0
mtr0mtr.cc;595;0.020000;0.020000;0.0;0.0
sql_base.cc;888;0.020000;0.020000;0.0;0.0
hp_write.c;291;0.020000;0.020000;0.0;0.0
my_byteorder.h;74;0.020000;0.020000;0.0;0.0
sql_base.cc;7008;0.020000;0.020000;0.0;0.0
page0cur.cc;590;0.020000;0.020000;0.0;0.0
sql_select.cc;26269;0.020000;0.020000;0.0;0.0
strcoll.inl;246;0.020000;0.020000;0.0;0.0
item_cmpfunc.cc;535;0.020000;0.020000;0.0;0.0
my_alloc.c;518;0.020000;0.020000;0.0;0.0
ha_innodb.cc;3622;0.020000;0.020000;0.0;0.0
sql_select.cc;7317;0.020000;0.020000;0.0;0.0
sql_type.cc;1938;0.020000;0.020000;0.0;0.0
sql_class.cc;3443;0.020000;0.020000;0.0;0.0
sql_lex.cc;3645;0.020000;0.020000;0.0;0.0
sql_select.cc;23346;0.020000;0.020000;0.0;0.0
sql_select.cc;19470;0.020000;0.020000;0.0;0.0
sql_select.cc;5810;0.020000;0.020000;0.0;0.0
page0cur.cc;133;0.020000;0.020000;0.0;0.0
mem_root_array.h;187;0.020000;0.020000;0.0;0.0
memmove-vec-unaligned-erms.S;499;0.020000;0.020000;0.0;0.0
sql_plist.h;133;0.020000;0.020000;0.0;0.0
sql_select.cc;3342;0.020000;0.020000;0.0;0.0
strlen-avx2.S;80;0.020000;0.020000;0.0;0.0
row0sel.cc;2600;0.020000;0.020000;0.0;0.0
row0sel.cc;5775;0.020000;0.020000;0.0;0.0
sql_union.cc;2820;0.020000;0.020000;0.0;0.0
page0cur.cc;940;0.020000;0.020000;0.0;0.0
sql_acl.cc;10317;0.020000;0.020000;0.0;0.0
field.h;2216;0.020000;0.020000;0.0;0.0
sql_select.cc;9764;0.020000;0.020000;0.0;0.0
item.cc;11831;0.020000;0.020000;0.0;0.0
sql_class.cc;4302;0.020000;0.020000;0.0;0.0
field.cc;9910;0.020000;0.020000;0.0;0.0
filesort.cc;2770;0.020000;0.020000;0.0;0.0
hp_write.c;338;0.020000;0.020000;0.0;0.0
protocol.cc;1100;0.020000;0.020000;0.0;0.0
sql_select.cc;6932;0.020000;0.020000;0.0;0.0
sql_select.cc;13850;0.020000;0.020000;0.0;0.0
field.cc;4688;0.020000;0.020000;0.0;0.0
sql_base.cc;6620;0.020000;0.020000;0.0;0.0
net_serv.cc;1069;0.020000;0.020000;0.0;0.0
field.h;2287;0.020000;0.020000;0.0;0.0
opt_context_store_replay.cc;1680;0.020000;0.020000;0.0;0.0
rowid_filter.cc;447;0.020000;0.020000;0.0;0.0
mf_qsort.c;217;0.020000;0.020000;0.0;0.0
sql_select.cc;24867;0.020000;0.020000;0.0;0.0
item_cmpfunc.cc;469;0.020000;0.020000;0.0;0.0
strings_def.h;222;0.020000;0.020000;0.0;0.0
field.cc;2246;0.020000;0.020000;0.0;0.0
sql_select.cc;7812;0.020000;0.020000;0.0;0.0
sql_select.cc;33116;0.020000;0.020000;0.0;0.0
rem0rec.inl;946;0.020000;0.020000;0.0;0.0
sql_lex.cc;5286;0.020000;0.020000;0.0;0.0
ha_innodb.cc;4758;0.020000;0.020000;0.0;0.0
sql_select.cc;17375;0.020000;0.020000;0.0;0.0
rem0cmp.cc;224;0.020000;0.020000;0.0;0.0
sql_select.cc;2636;0.020000;0.020000;0.0;0.0
handler.cc;9196;0.020000;0.020000;0.0;0.0
sql_parse.cc;5994;0.020000;0.020000;0.0;0.0
rem0rec.inl;633;0.020000;0.020000;0.0;0.0
sql_class.h;4278;0.020000;0.020000;0.0;0.0
read0types.h;252;0.020000;0.020000;0.0;0.0
sql_type.cc;37;0.020000;0.020000;0.0;0.0
sql_limit.h;93;0.020000;0.020000;0.0;0.0
ha_heap.cc;289;0.020000;0.020000;0.0;0.0
sql_select.cc;6834;0.020000;0.020000;0.0;0.0
item.cc;8092;0.020000;0.020000;0.0;0.0
lock.cc;399;0.020000;0.020000;0.0;0.0
crc32c_amd64.cc;149;0.020000;0.020000;0.0;0.0
handler.cc;7728;0.020000;0.020000;0.0;0.0
ha_heap.cc;305;0.020000;0.020000;0.0;0.0
page0cur.inl;137;0.020000;0.020000;0.0;0.0
item.cc;432;0.020000;0.020000;0.0;0.0
buf0buf.cc;3007;0.020000;0.020000;0.0;0.0
opt_range.cc;1216;0.020000;0.020000;0.0;0.0
sql_class.h;4931;0.020000;0.020000;0.0;0.0
item.h;3915;0.020000;0.020000;0.0;0.0
row0sel.cc;3859;0.020000;0.020000;0.0;0.0
sql_select.cc;2019;0.020000;0.020000;0.0;0.0
memmove-vec-unaligned-erms.S;428;0.020000;0.020000;0.0;0.0
field.cc;2250;0.020000;0.020000;0.0;0.0
hasher-mysql5x.c;19;0.020000;0.020000;0.0;0.0
row0sel.cc;3167;0.020000;0.020000;0.0;0.0
page0cur.cc;923;0.020000;0.020000;0.0;0.0
page0cur.cc;533;0.020000;0.020000;0.0;0.0
malloc.c;4351;0.020000;0.020000;0.0;0.0
buf0buf.inl;51;0.020000;0.020000;0.0;0.0
sql_prepare.cc;978;0.020000;0.020000;0.0;0.0
handler.cc;7599;0.020000;0.020000;0.0;0.0
my_alloc.c;108;0.020000;0.020000;0.0;0.0
ha_innodb.cc;2716;0.020000;0.020000;0.0;0.0
lf_dynarray.c;96;0.020000;0.020000;0.0;0.0
ctype-mb.c;262;0.020000;0.020000;0.0;0.0
sql_select.cc;4370;0.020000;0.020000;0.0;0.0
handler.cc;6524;0.020000;0.020000;0.0;0.0
field.h;441;0.020000;0.020000;0.0;0.0
page0cur.cc;226;0.020000;0.020000;0.0;0.0
sql_select.h;2413;0.020000;0.020000;0.0;0.0
malloc.c;4400;0.020000;0.020000;0.0;0.0
sql_list.h;629;0.020000;0.020000;0.0;0.0
page0cur.cc;604;0.020000;0.020000;0.0;0.0
my_vsnprintf.c;693;0.020000;0.020000;0.0;0.0
sql_error.h;830;0.020000;0.020000;0.0;0.0
sql_lex.cc;4513;0.020000;0.020000;0.0;0.0
ha_innodb.cc;9701;0.020000;0.020000;0.0;0.0
page0cur.cc;448;0.020000;0.020000;0.0;0.0
strings_def.h;86;0.020000;0.020000;0.0;0.0
sql_lex.h;1686;0.020000;0.020000;0.0;0.0
sql_class.cc;6508;0.020000;0.020000;0.0;0.0
sql_class.h;8157;0.020000;0.020000;0.0;0.0
row0sel.cc;5947;0.020000;0.020000;0.0;0.0
ha_innodb.cc;10567;0.020000;0.020000;0.0;0.0
sql_select.cc;17274;0.020000;0.020000;0.0;0.0
sql_select.cc;3580;0.020000;0.020000;0.0;0.0
rem0rec.inl;654;0.020000;0.020000;0.0;0.0
sql_select.cc;24864;0.020000;0.020000;0.0;0.0
protocol.cc;1738;0.019999;0.019999;0.0;0.0
item.cc;589;0.019999;0.019999;0.0;0.0
my_thr_init.c;369;0.019999;0.019999;0.0;0.0
handler.cc;1757;0.019999;0.019999;0.0;0.0
sql_parse.cc;1450;0.019999;0.019999;0.0;0.0
btr0sea.cc;1499;0.019999;0.019999;0.0;0.0
mf_qsort.c;148;0.019999;0.019999;0.0;0.0
sql_type.h;5474;0.019999;0.019999;0.0;0.0
page0cur.cc;680;0.019999;0.019999;0.0;0.0
sql_parse.cc;7384;0.019999;0.019999;0.0;0.0
opt_vcol_substitution.cc;127;0.019999;0.019999;0.0;0.0
sql_lex.cc;5916;0.019999;0.019999;0.0;0.0
memset-vec-unaligned-erms.S;350;0.019999;0.019999;0.0;0.0
table.h;2377;0.019999;0.019999;0.0;0.0
row0sel.cc;5164;0.019999;0.019999;0.0;0.0
item_cmpfunc.cc;687;0.019999;0.019999;0.0;0.0
pthread_mutex_unlock.c;43;0.019999;0.019999;0.0;0.0
buf0types.h;96;0.019999;0.019999;0.0;0.0
pthread_getspecific.c;54;0.019999;0.019999;0.0;0.0
sql_select.cc;5864;0.019999;0.019999;0.0;0.0
sql_select.cc;4368;0.019999;0.019999;0.0;0.0
handler.cc;1716;0.019999;0.019999;0.0;0.0
hp_write.c;396;0.019999;0.019999;0.0;0.0
row0sel.cc;6177;0.019999;0.019999;0.0;0.0
item.h;2039;0.019999;0.019999;0.0;0.0
item_cmpfunc.cc;2400;0.019999;0.019999;0.0;0.0
my_counter.h;42;0.019999;0.019999;0.0;0.0
my_alloc.c;312;0.019999;0.019999;0.0;0.0
sql_base.cc;8108;0.019999;0.019999;0.0;0.0
handler.h;3779;0.019999;0.019999;0.0;0.0
sql_select.cc;5153;0.019999;0.019999;0.0;0.0
pthread_mutex_trylock.c;33;0.019999;0.019999;0.0;0.0
sql_select.cc;2479;0.019999;0.019999;0.0;0.0
item.h;1742;0.019999;0.019999;0.0;0.0
sql_select.cc;5437;0.019999;0.019999;0.0;0.0
sql_base.cc;1722;0.019999;0.019999;0.0;0.0
sql_explain.h;790;0.019999;0.019999;0.0;0.0
page0page.h;622;0.019999;0.019999;0.0;0.0
sql_select.cc;17010;0.019999;0.019999;0.0;0.0
sql_select.cc;34830;0.019999;0.019999;0.0;0.0
ha_innodb.cc;9478;0.019999;0.019999;0.0;0.0
sql_base.cc;10222;0.019999;0.019999;0.0;0.0
ha_innodb.cc;2706;0.019999;0.019999;0.0;0.0
sql_base.cc;2435;0.019999;0.019999;0.0;0.0
sql_select.cc;16428;0.019999;0.019999;0.0;0.0
page0page.inl;371;0.019999;0.019999;0.0;0.0
sql_base.cc;2126;0.019999;0.019999;0.0;0.0
ha_innodb.cc;7480;0.019999;0.019999;0.0;0.0
ha_innodb.cc;2663;0.019999;0.019999;0.0;0.0
field.cc;7565;0.019999;0.019999;0.0;0.0
sql_select.cc;2077;0.019999;0.019999;0.0;0.0
opt_range.cc;3570;0.019999;0.019999;0.0;0.0
page0cur.cc;616;0.019999;0.019999;0.0;0.0
sql_bitmap.h;216;0.019999;0.019999;0.0;0.0
field.h;2869;0.019999;0.019999;0.0;0.0
malloc.c;3940;0.019999;0.019999;0.0;0.0
memmove-vec-unaligned-erms.S;538;0.019999;0.019999;0.0;0.0
field.cc;7522;0.019999;0.019999;0.0;0.0
net_serv.cc;1231;0.019999;0.019999;0.0;0.0
sql_class.cc;4306;0.019999;0.019999;0.0;0.0
btr0cur.cc;1117;0.019999;0.019999;0.0;0.0
my_json_writer.h;323;0.019999;0.019999;0.0;0.0
mf_qsort.c;124;0.019999;0.019999;0.0;0.0
memset-vec-unaligned-erms.S;293;0.019999;0.019999;0.0;0.0
sql_class.cc;4913;0.019999;0.019999;0.0;0.0
sql_select.cc;20576;0.019999;0.019999;0.0;0.0
sql_class.cc;8907;0.019999;0.019999;0.0;0.0
item_cmpfunc.h;3602;0.019999;0.019999;0.0;0.0
opt_trace_context.h;108;0.019999;0.019999;0.0;0.0
sql_select.cc;3086;0.019999;0.019999;0.0;0.0
ha_innodb.cc;15182;0.019999;0.019999;0.0;0.0
malloc.c;4366;0.019999;0.019999;0.0;0.0
ha_innodb.cc;15263;0.019999;0.019999;0.0;0.0
memcmp-avx2-movbe.S;463;0.019999;0.019999;0.0;0.0
privilege.h;799;0.019999;0.019999;0.0;0.0
handler.h;4430;0.019999;0.019999;0.0;0.0
sql_base.cc;2363;0.019999;0.019999;0.0;0.0
item.h;4611;0.019999;0.019999;0.0;0.0
table.cc;8973;0.019999;0.019999;0.0;0.0
item.h;3864;0.019999;0.019999;0.0;0.0
sql_type.h;5134;0.019999;0.019999;0.0;0.0
sql_parse.cc;7109;0.019999;0.019999;0.0;0.0
sql_error.h;659;0.019999;0.019999;0.0;0.0
table.cc;8932;0.019999;0.019999;0.0;0.0
buf0lru.cc;725;0.019999;0.019999;0.0;0.0
sql_base.h;663;0.019999;0.019999;0.0;0.0
memcmp-avx2-movbe.S;443;0.019999;0.019999;0.0;0.0
field.cc;11690;0.019999;0.019999;0.0;0.0
ha_innodb.cc;7441;0.019999;0.019999;0.0;0.0
row0sel.cc;5493;0.019999;0.019999;0.0;0.0
sql_select.cc;974;0.019999;0.019999;0.0;0.0
sql_lex.cc;5779;0.019999;0.019999;0.0;0.0
hp_write.c;215;0.019999;0.019999;0.0;0.0
ctype-uca.c;34354;0.019999;0.019999;0.0;0.0
sql_select.cc;1484;0.019999;0.019999;0.0;0.0
sql_class.cc;3463;0.019999;0.019999;0.0;0.0
memset-vec-unaligned-erms.S;303;0.019999;0.019999;0.0;0.0
item.h;2208;0.019999;0.019999;0.0;0.0
pthread_mutex_unlock.c;357;0.019999;0.019999;0.0;0.0
btr0pcur.cc;172;0.019999;0.019999;0.0;0.0
handler.cc;1467;0.019999;0.019999;0.0;0.0
sql_select.cc;10411;0.019999;0.019999;0.0;0.0
field.h;929;0.019999;0.019999;0.0;0.0
srw_lock.h;254;0.019999;0.019999;0.0;0.0
my_bitmap.h;116;0.019999;0.019999;0.0;0.0
handler.cc;7544;0.019999;0.019999;0.0;0.0
mtr0mtr.cc;206;0.019999;0.019999;0.0;0.0
rem0rec.cc;292;0.019999;0.019999;0.0;0.0
sql_select.cc;1207;0.019999;0.019999;0.0;0.0
sql_base.cc;4777;0.019999;0.019999;0.0;0.0
opt_vcol_substitution.cc;139;0.019999;0.019999;0.0;0.0
item.cc;3602;0.019999;0.019999;0.0;0.0
malloc.c;3790;0.019999;0.019999;0.0;0.0
sql_list.h;417;0.019999;0.019999;0.0;0.0
hp_scan.c;67;0.019999;0.019999;0.0;0.0
sql_lex.cc;5138;0.019999;0.019999;0.0;0.0
opt_range.cc;2310;0.019999;0.019999;0.0;0.0
sql_select.cc;4863;0.019999;0.019999;0.0;0.0
table.cc;6044;0.019999;0.019999;0.0;0.0
field.cc;4664;0.019999;0.019999;0.0;0.0
item.h;1875;0.019999;0.019999;0.0;0.0
sql_base.cc;8608;0.019999;0.019999;0.0;0.0
sql_explain.cc;166;0.019999;0.019999;0.0;0.0
malloc.c;3259;0.019999;0.019999;0.0;0.0
item.h;4626;0.019999;0.019999;0.0;0.0
sql_explain.cc;3046;0.019999;0.019999;0.0;0.0
item_cmpfunc.cc;7598;0.019999;0.019999;0.0;0.0
opt_subselect.cc;2332;0.019999;0.019999;0.0;0.0
sql_class.cc;3324;0.019999;0.019999;0.0;0.0
hp_write.c;368;0.019999;0.019999;0.0;0.0
hp_write.c;58;0.019999;0.019999;0.0;0.0
malloc.c;3350;0.019999;0.019999;0.0;0.0
sql_table.cc;673;0.019999;0.019999;0.0;0.0
table_cache.cc;455;0.019999;0.019999;0.0;0.0
row0sel.cc;5998;0.019999;0.019999;0.0;0.0
filesort.cc;120;0.019999;0.019999;0.0;0.0
mf_qsort.c;100;0.019999;0.019999;0.0;0.0
row0sel.cc;3238;0.019999;0.019999;0.0;0.0
sql_class.cc;2332;0.019999;0.019999;0.0;0.0
row0sel.cc;5096;0.019999;0.019999;0.0;0.0
item_cmpfunc.cc;7450;0.019999;0.019999;0.0;0.0
sql_select.cc;13186;0.019999;0.019999;0.0;0.0
sql_select.cc;2830;0.019999;0.019999;0.0;0.0
sql_parse.cc;2528;0.019999;0.019999;0.0;0.0
filesort.cc;2856;0.019999;0.019999;0.0;0.0
my_json_writer.h;626;0.019998;0.019998;0.0;0.0
sql_prepare.cc;4364;0.019998;0.019998;0.0;0.0
sql_select.cc;34827;0.019998;0.019998;0.0;0.0
array.c;59;0.019998;0.019998;0.0;0.0
opt_range.h;739;0.019998;0.019998;0.0;0.0
sql_class.cc;2579;0.019998;0.019998;0.0;0.0
ha_innodb.cc;20840;0.019998;0.019998;0.0;0.0
sql_select.cc;4838;0.019998;0.019998;0.0;0.0
sql_base.cc;8598;0.019998;0.019998;0.0;0.0
row0sel.cc;4563;0.019998;0.019998;0.0;0.0
rpl_rli.h;1107;0.019998;0.019998;0.0;0.0
item_func.h;214;0.019998;0.019998;0.0;0.0
sql_base.cc;6634;0.019998;0.019998;0.0;0.0
strcoll.inl;234;0.019998;0.019998;0.0;0.0
sql_string.h;255;0.019998;0.019998;0.0;0.0
handler.cc;8000;0.019998;0.019998;0.0;0.0
sql_lex.cc;5305;0.019998;0.019998;0.0;0.0
sql_class.h;4827;0.019998;0.019998;0.0;0.0
item.h;1284;0.019998;0.019998;0.0;0.0
row0sel.cc;4442;0.019998;0.019998;0.0;0.0
sql_class.cc;2523;0.019998;0.019998;0.0;0.0
rem0cmp.cc;346;0.019998;0.019998;0.0;0.0
hp_rrnd.c;34;0.019998;0.019998;0.0;0.0
opt_range.cc;2916;0.019998;0.019998;0.0;0.0
item.h;3980;0.019998;0.019998;0.0;0.0
mf_iocache.c;138;0.019998;0.019998;0.0;0.0
key.cc;158;0.019998;0.019998;0.0;0.0
fil0fil.h;727;0.019998;0.019998;0.0;0.0
net_serv.cc;730;0.019998;0.019998;0.0;0.0
field.cc;11421;0.019998;0.019998;0.0;0.0
page0cur.cc;923;0.019998;0.019998;0.0;0.0
sql_prepare.cc;4860;0.019998;0.019998;0.0;0.0
item.h;4720;0.019998;0.019998;0.0;0.0
sql_select.cc;29078;0.019998;0.019998;0.0;0.0
lf_hash.cc;92;0.019998;0.019998;0.0;0.0
malloc.c;4246;0.019998;0.019998;0.0;0.0
protocol.cc;52;0.019998;0.019998;0.0;0.0
mysql_mdl.h;113;0.019998;0.019998;0.0;0.0
ha_innodb.cc;9463;0.019998;0.019998;0.0;0.0
field.cc;4692;0.019998;0.019998;0.0;0.0
opt_range.cc;1269;0.019998;0.019998;0.0;0.0
item.h;1289;0.019998;0.019998;0.0;0.0
page0cur.cc;580;0.019998;0.019998;0.0;0.0
sql_select.cc;17372;0.019998;0.019998;0.0;0.0
ctype-unidata.h;129;0.019998;0.019998;0.0;0.0
mdl.cc;2550;0.019998;0.019998;0.0;0.0
sql_select.cc;17742;0.019998;0.019998;0.0;0.0
mdl.h;335;0.019998;0.019998;0.0;0.0
sql_select.cc;17659;0.019998;0.019998;0.0;0.0
item.cc;7495;0.019998;0.019998;0.0;0.0
ha_innodb.cc;9445;0.019998;0.019998;0.0;0.0
semisync_master.cc;762;0.019998;0.019998;0.0;0.0
mem_root_array.h;156;0.019998;0.019998;0.0;0.0
filesort.cc;2852;0.019998;0.019998;0.0;0.0
handler.cc;3831;0.019998;0.019998;0.0;0.0
decimal.c;1930;0.019998;0.019998;0.0;0.0
my_alloc.c;422;0.019998;0.019998;0.0;0.0
ha_innodb.cc;17060;0.019997;0.019997;0.0;0.0
opt_split.cc;1469;0.019997;0.019997;0.0;0.0
pfs.cc;5937;0.019997;0.019997;0.0;0.0
sql_select.cc;14421;0.019997;0.019997;0.0;0.0
sql_base.cc;9839;0.019997;0.019997;0.0;0.0
btr0cur.cc;1157;0.019997;0.019997;0.0;0.0
sql_type.cc;8203;0.019997;0.019997;0.0;0.0
row0sel.cc;4430;0.019997;0.019997;0.0;0.0
ha_innodb.cc;7706;0.019997;0.019997;0.0;0.0
sql_class.cc;4402;0.019997;0.019997;0.0;0.0
table.cc;3980;0.019997;0.019997;0.0;0.0
sql_parse.cc;6152;0.019997;0.019997;0.0;0.0
sql_select.cc;3130;0.019997;0.019997;0.0;0.0
viosocket.c;287;0.019997;0.019997;0.0;0.0
sql_select.cc;6082;0.019997;0.019997;0.0;0.0
sql_select.cc;1472;0.019997;0.019997;0.0;0.0
net_serv.cc;442;0.019997;0.019997;0.0;0.0
item.h;1151;0.019997;0.019997;0.0;0.0
handler.cc;7479;0.019997;0.019997;0.0;0.0
rem0rec.cc;455;0.019997;0.019997;0.0;0.0
rem0cmp.cc;403;0.019997;0.019997;0.0;0.0
sql_base.cc;6204;0.019997;0.019997;0.0;0.0
sql_class.cc;1019;0.019997;0.019997;0.0;0.0
sql_class.h;5295;0.019996;0.019996;0.0;0.0
sql_base.cc;4381;0.019996;0.019996;0.0;0.0
sql_class.cc;1517;0.019996;0.019996;0.0;0.0
item.cc;4422;0.019996;0.019996;0.0;0.0
sql_class.h;3527;0.019996;0.019996;0.0;0.0
item.h;8953;0.019996;0.019996;0.0;0.0
sql_statistics.cc;3303;0.019995;0.019995;0.0;0.0
sql_connect.cc;1512;0.019995;0.019995;0.0;0.0
opt_context_store_replay.cc;1651;0.019994;0.019994;0.0;0.0
btr0btr.cc;230;0.019994;0.019994;0.0;0.0
btr0cur.cc;1240;0.019002;0.019002;0.0;0.0
my_alloc.c;677;0.019001;0.019001;0.0;0.0
key.cc;489;0.019001;0.019001;0.0;0.0
array.c;102;0.019001;0.019001;0.0;0.0
protocol.cc;1365;0.019000;0.019000;0.0;0.0
rem0rec.cc;380;0.019000;0.019000;0.0;0.0
btr0cur.cc;1412;0.019000;0.019000;0.0;0.0
sql_base.cc;4719;0.019000;0.019000;0.0;0.0
btr0cur.cc;1597;0.019000;0.019000;0.0;0.0
key.cc;117;0.019000;0.019000;0.0;0.0
buf0buf.cc;2780;0.018999;0.018999;0.0;0.0
sql_explain.cc;1007;0.018999;0.018999;0.0;0.0
item.h;2208;0.018999;0.018999;0.0;0.0
sql_select.cc;2233;0.018999;0.018999;0.0;0.0
table_cache.cc;448;0.018999;0.018999;0.0;0.0
sql_select.cc;5873;0.018999;0.018999;0.0;0.0
sql_select.cc;1604;0.018999;0.018999;0.0;0.0
row0sel.cc;4801;0.018999;0.018999;0.0;0.0
sql_select.cc;4857;0.018999;0.018999;0.0;0.0
sql_lex.cc;3624;0.018999;0.018999;0.0;0.0
opt_range.cc;9089;0.018999;0.018999;0.0;0.0
sql_base.cc;6653;0.018998;0.018998;0.0;0.0
sql_select.cc;29085;0.018998;0.018998;0.0;0.0
sql_class.cc;9021;0.018998;0.018998;0.0;0.0
row0sel.cc;5940;0.018997;0.018997;0.0;0.0
row0sel.cc;5772;0.011002;0.011002;0.0;0.0
ha_innodb.cc;9011;0.011001;0.011001;0.0;0.0
sql_select.cc;32904;0.011001;0.011001;0.0;0.0
table.cc;8984;0.011001;0.011001;0.0;0.0
hp_scan.c;41;0.011001;0.011001;0.0;0.0
item.h;4523;0.011000;0.011000;0.0;0.0
item_cmpfunc.h;100;0.011000;0.011000;0.0;0.0
hp_write.c;291;0.011000;0.011000;0.0;0.0
sql_select.cc;30431;0.011000;0.011000;0.0;0.0
memmove-vec-unaligned-erms.S;505;0.011000;0.011000;0.0;0.0
lf_hash.cc;108;0.011000;0.011000;0.0;0.0
sql_select.cc;24419;0.011000;0.011000;0.0;0.0
ctype-uca.c;34356;0.011000;0.011000;0.0;0.0
syscall_cancel.S;52;0.011000;0.011000;0.0;0.0
pthread_mutex_unlock.c;60;0.010999;0.010999;0.0;0.0
item.cc;3771;0.010999;0.010999;0.0;0.0
malloc.c;3291;0.010999;0.010999;0.0;0.0
sql_parse.cc;6253;0.010999;0.010999;0.0;0.0
btr0cur.cc;1142;0.010999;0.010999;0.0;0.0
hp_write.c;61;0.010999;0.010999;0.0;0.0
ctype-uca.c;31286;0.010998;0.010998;0.0;0.0
net_serv.cc;955;0.010022;0.010022;0.0;0.0
field.cc;4690;0.010003;0.010003;0.0;0.0
btr0pcur.cc;163;0.010003;0.010003;0.0;0.0
records.cc;600;0.010003;0.010003;0.0;0.0
item.h;1284;0.010003;0.010003;0.0;0.0
protocol.cc;38;0.010003;0.010003;0.0;0.0
ha_innodb.cc;8960;0.010002;0.010002;0.0;0.0
sql_select.cc;17452;0.010002;0.010002;0.0;0.0
btr0btr.inl;102;0.010002;0.010002;0.0;0.0
filesort.cc;331;0.010002;0.010002;0.0;0.0
malloc.c;4031;0.010002;0.010002;0.0;0.0
sql_select.cc;6796;0.010002;0.010002;0.0;0.0
sql_class.cc;7477;0.010002;0.010002;0.0;0.0
field.cc;2621;0.010002;0.010002;0.0;0.0
sql_type.h;3172;0.010002;0.010002;0.0;0.0
opt_range.cc;7477;0.010002;0.010002;0.0;0.0
item.cc;738;0.010002;0.010002;0.0;0.0
mf_qsort.c;131;0.010002;0.010002;0.0;0.0
ha_innodb.cc;2666;0.010002;0.010002;0.0;0.0
rem0rec.inl;655;0.010002;0.010002;0.0;0.0
memmove-vec-unaligned-erms.S;541;0.010002;0.010002;0.0;0.0
opt_subselect.cc;6720;0.010002;0.010002;0.0;0.0
hp_write.c;351;0.010002;0.010002;0.0;0.0
item.cc;6644;0.010002;0.010002;0.0;0.0
item_func.cc;602;0.010002;0.010002;0.0;0.0
net_serv.cc;1074;0.010002;0.010002;0.0;0.0
opt_range.cc;2109;0.010002;0.010002;0.0;0.0
sql_parse.cc;7461;0.010002;0.010002;0.0;0.0
int2str.c;113;0.010002;0.010002;0.0;0.0
malloc.c;4089;0.010002;0.010002;0.0;0.0
row0sel.cc;6124;0.010002;0.010002;0.0;0.0
sql_select.cc;25337;0.010002;0.010002;0.0;0.0
row0sel.cc;4476;0.010002;0.010002;0.0;0.0
sql_class.h;8416;0.010002;0.010002;0.0;0.0
field.h;1768;0.010002;0.010002;0.0;0.0
item.cc;3632;0.010002;0.010002;0.0;0.0
sql_select.cc;1599;0.010002;0.010002;0.0;0.0
row0sel.cc;3118;0.010002;0.010002;0.0;0.0
sql_select.cc;31136;0.010002;0.010002;0.0;0.0
field.h;2901;0.010002;0.010002;0.0;0.0
hp_hash.c;212;0.010002;0.010002;0.0;0.0
opt_split.cc;1503;0.010002;0.010002;0.0;0.0
sql_select.cc;1621;0.010002;0.010002;0.0;0.0
item_cmpfunc.h;1127;0.010002;0.010002;0.0;0.0
sql_select.cc;30324;0.010002;0.010002;0.0;0.0
opt_subselect.cc;6574;0.010002;0.010002;0.0;0.0
field.cc;7797;0.010002;0.010002;0.0;0.0
multi_range_read.cc;1735;0.010002;0.010002;0.0;0.0
sql_explain.cc;1490;0.010002;0.010002;0.0;0.0
my_alloc.c;311;0.010002;0.010002;0.0;0.0
stl_iterator.h;281;0.010002;0.010002;0.0;0.0
sql_select.cc;12186;0.010002;0.010002;0.0;0.0
lock.cc;485;0.010002;0.010002;0.0;0.0
item.h;6016;0.010002;0.010002;0.0;0.0
sql_type.h;5134;0.010002;0.010002;0.0;0.0
sql_explain.cc;136;0.010002;0.010002;0.0;0.0
sql_select.cc;505;0.010002;0.010002;0.0;0.0
field.h;1565;0.010002;0.010002;0.0;0.0
handler.cc;4200;0.010002;0.010002;0.0;0.0
row0sel.cc;5773;0.010001;0.010001;0.0;0.0
sql_prepare.cc;4747;0.010001;0.010001;0.0;0.0
opt_range_mrr.cc;374;0.010001;0.010001;0.0;0.0
scheduler.cc;56;0.010001;0.010001;0.0;0.0
table.cc;7792;0.010001;0.010001;0.0;0.0
btr0cur.h;436;0.010001;0.010001;0.0;0.0
sql_parse.cc;7406;0.010001;0.010001;0.0;0.0
sql_select.cc;18781;0.010001;0.010001;0.0;0.0
sql_base.cc;9844;0.010001;0.010001;0.0;0.0
sql_select.cc;18098;0.010001;0.010001;0.0;0.0
filesort.cc;1465;0.010001;0.010001;0.0;0.0
mdl.cc;1954;0.010001;0.010001;0.0;0.0
opt_range.h;598;0.010001;0.010001;0.0;0.0
rem0rec.cc;459;0.010001;0.010001;0.0;0.0
hp_block.c;80;0.010001;0.010001;0.0;0.0
mf_qsort.c;131;0.010001;0.010001;0.0;0.0
sql_select.cc;4579;0.010001;0.010001;0.0;0.0
handler.cc;4089;0.010001;0.010001;0.0;0.0
item.cc;3400;0.010001;0.010001;0.0;0.0
ha_innodb.cc;7375;0.010001;0.010001;0.0;0.0
sql_class.h;8432;0.010001;0.010001;0.0;0.0
sql_select.cc;31149;0.010001;0.010001;0.0;0.0
btr0pcur.cc;219;0.010001;0.010001;0.0;0.0
opt_subselect.cc;5755;0.010001;0.010001;0.0;0.0
item_func.h;150;0.010001;0.010001;0.0;0.0
row0sel.cc;5507;0.010001;0.010001;0.0;0.0
opt_range.cc;14786;0.010001;0.010001;0.0;0.0
sql_prepare.cc;978;0.010001;0.010001;0.0;0.0
lock.cc;146;0.010001;0.010001;0.0;0.0
opt_range.cc;12897;0.010001;0.010001;0.0;0.0
sql_array.h;90;0.010001;0.010001;0.0;0.0
sql_list.h;190;0.010001;0.010001;0.0;0.0
sql_partition_auto_interval.cc;95;0.010001;0.010001;0.0;0.0
page0cur.cc;918;0.010001;0.010001;0.0;0.0
sql_class.h;4217;0.010001;0.010001;0.0;0.0
ha_innodb.cc;9222;0.010001;0.010001;0.0;0.0
protocol.cc;1214;0.010001;0.010001;0.0;0.0
sql_select.cc;16473;0.010001;0.010001;0.0;0.0
lf_hash.cc;305;0.010001;0.010001;0.0;0.0
rem0cmp.cc;412;0.010001;0.010001;0.0;0.0
sql_lex.cc;4510;0.010001;0.010001;0.0;0.0
page0cur.cc;580;0.010001;0.010001;0.0;0.0
item_func.cc;566;0.010001;0.010001;0.0;0.0
sql_string.h;563;0.010001;0.010001;0.0;0.0
sql_select.cc;24756;0.010001;0.010001;0.0;0.0
sql_select.cc;17138;0.010001;0.010001;0.0;0.0
hp_write.c;296;0.010001;0.010001;0.0;0.0
memmove-vec-unaligned-erms.S;335;0.010001;0.010001;0.0;0.0
ilist.h;130;0.010001;0.010001;0.0;0.0
ha_innodb.cc;17208;0.010001;0.010001;0.0;0.0
crc32c_amd64.cc;195;0.010001;0.010001;0.0;0.0
sql_select.cc;5440;0.010001;0.010001;0.0;0.0
sql_select.cc;26111;0.010001;0.010001;0.0;0.0
sql_parse.cc;1635;0.010001;0.010001;0.0;0.0
sql_select.cc;25246;0.010001;0.010001;0.0;0.0
sql_select.cc;4459;0.010001;0.010001;0.0;0.0
item_cmpfunc.h;3608;0.010001;0.010001;0.0;0.0
sql_lex.cc;5777;0.010001;0.010001;0.0;0.0
handler.h;3121;0.010001;0.010001;0.0;0.0
sql_lex.cc;3812;0.010001;0.010001;0.0;0.0
sql_class.cc;3300;0.010001;0.010001;0.0;0.0
btr0btr.cc;224;0.010001;0.010001;0.0;0.0
opt_range.cc;12995;0.010001;0.010001;0.0;0.0
strcmp-avx2.S;289;0.010001;0.010001;0.0;0.0
decimal.c;1932;0.010001;0.010001;0.0;0.0
small_vector.h;42;0.010001;0.010001;0.0;0.0
trx0trx.cc;1754;0.010001;0.010001;0.0;0.0
sql_lex.cc;4776;0.010001;0.010001;0.0;0.0
field.h;2674;0.010001;0.010001;0.0;0.0
table.cc;3992;0.010001;0.010001;0.0;0.0
rem0rec.cc;675;0.010001;0.010001;0.0;0.0
net_serv.cc;582;0.010001;0.010001;0.0;0.0
ha_innodb.cc;3166;0.010001;0.010001;0.0;0.0
rem0rec.cc;441;0.010001;0.010001;0.0;0.0
sql_lex.cc;5009;0.010001;0.010001;0.0;0.0
send.c;28;0.010001;0.010001;0.0;0.0
sql_class.cc;3325;0.010001;0.010001;0.0;0.0
sql_select.cc;20306;0.010001;0.010001;0.0;0.0
memset-vec-unaligned-erms.S;292;0.010001;0.010001;0.0;0.0
sql_select.cc;28284;0.010001;0.010001;0.0;0.0
sql_select.cc;6808;0.010001;0.010001;0.0;0.0
lock.cc;399;0.010001;0.010001;0.0;0.0
handler.h;3040;0.010001;0.010001;0.0;0.0
sql_select.cc;26980;0.010001;0.010001;0.0;0.0
btr0pcur.cc;64;0.010001;0.010001;0.0;0.0
btr0pcur.cc;178;0.010001;0.010001;0.0;0.0
filesort_utils.h;293;0.010001;0.010001;0.0;0.0
sql_base.cc;2147;0.010001;0.010001;0.0;0.0
sql_base.cc;9843;0.010001;0.010001;0.0;0.0
sql_select.cc;2851;0.010001;0.010001;0.0;0.0
sql_select.cc;7849;0.010001;0.010001;0.0;0.0
records.cc;605;0.010001;0.010001;0.0;0.0
sql_base.cc;9042;0.010001;0.010001;0.0;0.0
filesort_utils.cc;62;0.010001;0.010001;0.0;0.0
sql_select.cc;6822;0.010001;0.010001;0.0;0.0
field.cc;11812;0.010001;0.010001;0.0;0.0
handler.cc;8038;0.010001;0.010001;0.0;0.0
opt_range.cc;2632;0.010001;0.010001;0.0;0.0
e_log2.c;51;0.010001;0.010001;0.0;0.0
sql_select.cc;3401;0.010001;0.010001;0.0;0.0
sql_select.cc;30432;0.010001;0.010001;0.0;0.0
sql_prepare.cc;352;0.010001;0.010001;0.0;0.0
sql_select.cc;30414;0.010001;0.010001;0.0;0.0
handler.h;2224;0.010001;0.010001;0.0;0.0
sql_select.cc;25162;0.010001;0.010001;0.0;0.0
sql_select.cc;31103;0.010001;0.010001;0.0;0.0
sql_base.cc;4694;0.010001;0.010001;0.0;0.0
ha_innodb.cc;4711;0.010001;0.010001;0.0;0.0
sql_plugin.cc;3255;0.010001;0.010001;0.0;0.0
sql_select.cc;1497;0.010001;0.010001;0.0;0.0
row0sel.cc;2714;0.010001;0.010001;0.0;0.0
sql_select.cc;2456;0.010001;0.010001;0.0;0.0
sql_plist.h;126;0.010001;0.010001;0.0;0.0
table.cc;5375;0.010001;0.010001;0.0;0.0
ha_innodb.cc;16858;0.010001;0.010001;0.0;0.0
sql_class.h;1357;0.010001;0.010001;0.0;0.0
hp_write.c;58;0.010001;0.010001;0.0;0.0
opt_subselect.cc;5948;0.010001;0.010001;0.0;0.0
page0cur.cc;941;0.010001;0.010001;0.0;0.0
ha_innodb.cc;3163;0.010001;0.010001;0.0;0.0
handler.cc;3844;0.010001;0.010001;0.0;0.0
vio.c;335;0.010001;0.010001;0.0;0.0
sql_analyze_stmt.h;172;0.010001;0.010001;0.0;0.0
buf0lru.cc;728;0.010001;0.010001;0.0;0.0
ha_innodb.cc;9624;0.010001;0.010001;0.0;0.0
ctype-uca.c;34356;0.010001;0.010001;0.0;0.0
sql_base.cc;5821;0.010001;0.010001;0.0;0.0
clock_gettime.c;86;0.010001;0.010001;0.0;0.0
item_cmpfunc.cc;7606;0.010001;0.010001;0.0;0.0
sql_select.cc;26133;0.010001;0.010001;0.0;0.0
row0sel.cc;3154;0.010001;0.010001;0.0;0.0
sql_select.cc;7453;0.010001;0.010001;0.0;0.0
dict0mem.h;1467;0.010001;0.010001;0.0;0.0
sql_type.h;4266;0.010001;0.010001;0.0;0.0
handler.cc;7605;0.010001;0.010001;0.0;0.0
opt_subselect.cc;603;0.010001;0.010001;0.0;0.0
sql_analyze_stmt.h;80;0.010001;0.010001;0.0;0.0
sql_class.cc;2528;0.010001;0.010001;0.0;0.0
sql_select.cc;17050;0.010001;0.010001;0.0;0.0
btr0cur.cc;1228;0.010001;0.010001;0.0;0.0
protocol.cc;1030;0.010001;0.010001;0.0;0.0
row0sel.cc;5809;0.010001;0.010001;0.0;0.0
field.cc;8092;0.010001;0.010001;0.0;0.0
row0sel.cc;4619;0.010001;0.010001;0.0;0.0
ha_innodb.cc;4823;0.010001;0.010001;0.0;0.0
rem0cmp.h;172;0.010001;0.010001;0.0;0.0
sql_select.cc;16645;0.010001;0.010001;0.0;0.0
btr0cur.cc;4980;0.010001;0.010001;0.0;0.0
filesort_utils.h;168;0.010001;0.010001;0.0;0.0
sql_base.cc;8313;0.010001;0.010001;0.0;0.0
field.h;1319;0.010001;0.010001;0.0;0.0
sql_select.h;2414;0.010001;0.010001;0.0;0.0
item_cmpfunc.h;3636;0.010001;0.010001;0.0;0.0
sql_prepare.cc;5381;0.010001;0.010001;0.0;0.0
row0sel.cc;4492;0.010001;0.010001;0.0;0.0
array.c;251;0.010001;0.010001;0.0;0.0
opt_range.cc;9632;0.010001;0.010001;0.0;0.0
sql_base.cc;3421;0.010001;0.010001;0.0;0.0
opt_range.cc;1350;0.010001;0.010001;0.0;0.0
protocol.cc;1215;0.010001;0.010001;0.0;0.0
sql_select.h;1062;0.010001;0.010001;0.0;0.0
sql_select.cc;2794;0.010001;0.010001;0.0;0.0
hp_write.c;326;0.010001;0.010001;0.0;0.0
sql_parse.cc;2491;0.010001;0.010001;0.0;0.0
thr_rwlock.c;163;0.010001;0.010001;0.0;0.0
sql_select.cc;31407;0.010001;0.010001;0.0;0.0
records.cc;359;0.010001;0.010001;0.0;0.0
opt_range.cc;1339;0.010001;0.010001;0.0;0.0
sql_lex.h;1037;0.010001;0.010001;0.0;0.0
sql_cte.cc;106;0.010001;0.010001;0.0;0.0
sql_parse.cc;6260;0.010001;0.010001;0.0;0.0
sql_select.cc;16819;0.010001;0.010001;0.0;0.0
sql_select.cc;22298;0.010001;0.010001;0.0;0.0
my_getsystime.c;53;0.010001;0.010001;0.0;0.0
heapdef.h;138;0.010001;0.010001;0.0;0.0
sql_select.cc;16873;0.010001;0.010001;0.0;0.0
opt_subselect.cc;2516;0.010001;0.010001;0.0;0.0
mtr0mtr.cc;106;0.010001;0.010001;0.0;0.0
cleanup_compat.c;40;0.010001;0.010001;0.0;0.0
sql_explain.cc;904;0.010001;0.010001;0.0;0.0
sql_list.h;119;0.010001;0.010001;0.0;0.0
sql_select.cc;23358;0.010001;0.010001;0.0;0.0
opt_split.cc;1552;0.010001;0.010001;0.0;0.0
sql_select.cc;24838;0.010001;0.010001;0.0;0.0
btr0cur.cc;4990;0.010001;0.010001;0.0;0.0
sql_class.h;5221;0.010001;0.010001;0.0;0.0
opt_subselect.cc;2335;0.010001;0.010001;0.0;0.0
sql_class.cc;1240;0.010001;0.010001;0.0;0.0
ha_innodb.cc;10570;0.010001;0.010001;0.0;0.0
lock.cc;392;0.010001;0.010001;0.0;0.0
opt_range.cc;10753;0.010001;0.010001;0.0;0.0
sql_base.cc;888;0.010001;0.010001;0.0;0.0
ha_innodb.cc;2668;0.010001;0.010001;0.0;0.0
sql_select.cc;27026;0.010001;0.010001;0.0;0.0
item_cmpfunc.cc;7567;0.010001;0.010001;0.0;0.0
sql_select.cc;14632;0.010001;0.010001;0.0;0.0
sql_select.cc;7808;0.010001;0.010001;0.0;0.0
sql_class.h;4822;0.010001;0.010001;0.0;0.0
sql_parse.cc;6151;0.010001;0.010001;0.0;0.0
lf_hash.cc;488;0.010001;0.010001;0.0;0.0
row0sel.cc;2955;0.010001;0.010001;0.0;0.0
sql_select.cc;4581;0.010001;0.010001;0.0;0.0
sql_select.cc;16595;0.010001;0.010001;0.0;0.0
rem0rec.inl;137;0.010001;0.010001;0.0;0.0
opt_range.cc;8346;0.010001;0.010001;0.0;0.0
sql_base.cc;4717;0.010001;0.010001;0.0;0.0
item_sum.cc;1688;0.010001;0.010001;0.0;0.0
memmove-vec-unaligned-erms.S;525;0.010001;0.010001;0.0;0.0
ctype-unidata.h;129;0.010001;0.010001;0.0;0.0
buf0buf.cc;2913;0.010001;0.010001;0.0;0.0
sql_select.cc;7454;0.010001;0.010001;0.0;0.0
my_malloc.c;114;0.010001;0.010001;0.0;0.0
sql_base.cc;8502;0.010001;0.010001;0.0;0.0
sql_select.cc;1483;0.010001;0.010001;0.0;0.0
item.cc;7497;0.010001;0.010001;0.0;0.0
sql_type.cc;1918;0.010001;0.010001;0.0;0.0
item.cc;6912;0.010001;0.010001;0.0;0.0
lf_hash.cc;256;0.010001;0.010001;0.0;0.0
procedure.cc;85;0.010001;0.010001;0.0;0.0
row0mysql.cc;387;0.010001;0.010001;0.0;0.0
sql_sort.h;323;0.010001;0.010001;0.0;0.0
item.h;1251;0.010001;0.010001;0.0;0.0
opt_subselect.cc;5938;0.010001;0.010001;0.0;0.0
multi_range_read.cc;1468;0.010001;0.010001;0.0;0.0
sql_select.cc;25886;0.010001;0.010001;0.0;0.0
row0sel.cc;4523;0.010001;0.010001;0.0;0.0
crc32c_amd64.cc;145;0.010001;0.010001;0.0;0.0
opt_subselect.h;103;0.010001;0.010001;0.0;0.0
sql_acl.cc;10028;0.010001;0.010001;0.0;0.0
key.cc;498;0.010001;0.010001;0.0;0.0
net_serv.cc;832;0.010001;0.010001;0.0;0.0
sql_select.cc;6337;0.010001;0.010001;0.0;0.0
filesort.cc;1542;0.010001;0.010001;0.0;0.0
handler.h;3303;0.010001;0.010001;0.0;0.0
sql_select.cc;13088;0.010001;0.010001;0.0;0.0
sql_base.cc;8100;0.010001;0.010001;0.0;0.0
opt_sum.cc;320;0.010001;0.010001;0.0;0.0
multi_range_read.cc;1478;0.010001;0.010001;0.0;0.0
filesort_utils.cc;194;0.010001;0.010001;0.0;0.0
sql_select.cc;22146;0.010001;0.010001;0.0;0.0
trx0trx.cc;931;0.010001;0.010001;0.0;0.0
sql_class.h;5865;0.010001;0.010001;0.0;0.0
memset-vec-unaligned-erms.S;301;0.010001;0.010001;0.0;0.0
sql_select.cc;25882;0.010001;0.010001;0.0;0.0
sql_base.cc;6040;0.010001;0.010001;0.0;0.0
sql_select.cc;32057;0.010001;0.010001;0.0;0.0
sql_select.cc;13204;0.010001;0.010001;0.0;0.0
buf0lru.cc;727;0.010001;0.010001;0.0;0.0
sql_select.cc;5251;0.010001;0.010001;0.0;0.0
sql_parse.cc;6143;0.010001;0.010001;0.0;0.0
item.cc;3630;0.010001;0.010001;0.0;0.0
multi_range_read.cc;1151;0.010001;0.010001;0.0;0.0
opt_range_mrr.cc;249;0.010001;0.010001;0.0;0.0
lock.cc;872;0.010001;0.010001;0.0;0.0
sql_select.cc;16806;0.010001;0.010001;0.0;0.0
buf0buf.inl;51;0.010001;0.010001;0.0;0.0
opt_sum.cc;279;0.010001;0.010001;0.0;0.0
malloc.c;3293;0.010001;0.010001;0.0;0.0
sql_select.cc;5411;0.010001;0.010001;0.0;0.0
ha_innodb.cc;7225;0.010001;0.010001;0.0;0.0
btr0pcur.inl;322;0.010001;0.010001;0.0;0.0
malloc.c;4033;0.010001;0.010001;0.0;0.0
ha_innodb.cc;16414;0.010001;0.010001;0.0;0.0
sql_parse.cc;1654;0.010001;0.010001;0.0;0.0
opt_range.cc;10039;0.010001;0.010001;0.0;0.0
sql_plist.h;91;0.010001;0.010001;0.0;0.0
sql_lex.cc;5630;0.010001;0.010001;0.0;0.0
buf0buf.h;1906;0.010000;0.010000;0.0;0.0
sql_select.cc;34431;0.010000;0.010000;0.0;0.0
temporary_tables.cc;791;0.010000;0.010000;0.0;0.0
sql_select.cc;29975;0.010000;0.010000;0.0;0.0
btr0cur.cc;1454;0.010000;0.010000;0.0;0.0
row0sel.cc;4801;0.010000;0.010000;0.0;0.0
sql_string.h;850;0.010000;0.010000;0.0;0.0
dict0dict.inl;781;0.010000;0.010000;0.0;0.0
sql_select.cc;1201;0.010000;0.010000;0.0;0.0
malloc.c;1598;0.010000;0.010000;0.0;0.0
sql_select.cc;34831;0.010000;0.010000;0.0;0.0
malloc.c;3279;0.010000;0.010000;0.0;0.0
sql_base.cc;8619;0.010000;0.010000;0.0;0.0
sql_select.h;2150;0.010000;0.010000;0.0;0.0
malloc.c;4243;0.010000;0.010000;0.0;0.0
sql_prepare.cc;980;0.010000;0.010000;0.0;0.0
sql_class.h;5820;0.010000;0.010000;0.0;0.0
sql_select.cc;12319;0.010000;0.010000;0.0;0.0
sql_list.h;192;0.010000;0.010000;0.0;0.0
field.h;4213;0.010000;0.010000;0.0;0.0
sql_type.cc;1700;0.010000;0.010000;0.0;0.0
item_sum.cc;1668;0.010000;0.010000;0.0;0.0
memmove-vec-unaligned-erms.S;462;0.010000;0.010000;0.0;0.0
sql_select.cc;8842;0.010000;0.010000;0.0;0.0
my_alloc.c;506;0.010000;0.010000;0.0;0.0
sql_lex.h;4964;0.010000;0.010000;0.0;0.0
sql_base.cc;8363;0.010000;0.010000;0.0;0.0
protocol.cc;58;0.010000;0.010000;0.0;0.0
sql_select.cc;3407;0.010000;0.010000;0.0;0.0
sql_select.cc;20808;0.010000;0.010000;0.0;0.0
memset-vec-unaligned-erms.S;279;0.010000;0.010000;0.0;0.0
lock.cc;344;0.010000;0.010000;0.0;0.0
sql_select.cc;17856;0.010000;0.010000;0.0;0.0
btr0cur.cc;588;0.010000;0.010000;0.0;0.0
btr0pcur.cc;217;0.010000;0.010000;0.0;0.0
filesort.cc;2857;0.010000;0.010000;0.0;0.0
sql_string.h;295;0.010000;0.010000;0.0;0.0
sql_select.cc;2785;0.010000;0.010000;0.0;0.0
memmove-vec-unaligned-erms.S;405;0.010000;0.010000;0.0;0.0
sql_parse.cc;5941;0.010000;0.010000;0.0;0.0
field.h;2287;0.010000;0.010000;0.0;0.0
my_bit.h;161;0.010000;0.010000;0.0;0.0
sql_select.cc;13799;0.010000;0.010000;0.0;0.0
ha_innodb.cc;9147;0.010000;0.010000;0.0;0.0
sql_base.cc;2025;0.010000;0.010000;0.0;0.0
malloc.c;4407;0.010000;0.010000;0.0;0.0
page0cur.cc;409;0.010000;0.010000;0.0;0.0
sql_select.cc;2085;0.010000;0.010000;0.0;0.0
sql_select.cc;5126;0.010000;0.010000;0.0;0.0
opt_range.cc;9783;0.010000;0.010000;0.0;0.0
item_cmpfunc.cc;702;0.010000;0.010000;0.0;0.0
field.cc;2620;0.010000;0.010000;0.0;0.0
item.cc;3372;0.010000;0.010000;0.0;0.0
array.c;348;0.010000;0.010000;0.0;0.0
sql_class.h;8165;0.010000;0.010000;0.0;0.0
opt_range_mrr.cc;323;0.010000;0.010000;0.0;0.0
opt_range.cc;10880;0.010000;0.010000;0.0;0.0
sql_class.cc;1007;0.010000;0.010000;0.0;0.0
page0cur.cc;124;0.010000;0.010000;0.0;0.0
field.h;1198;0.010000;0.010000;0.0;0.0
sql_select.cc;14829;0.010000;0.010000;0.0;0.0
transaction.cc;499;0.010000;0.010000;0.0;0.0
opt_range.cc;1358;0.010000;0.010000;0.0;0.0
vio.c;327;0.010000;0.010000;0.0;0.0
opt_range.cc;1917;0.010000;0.010000;0.0;0.0
filesort.h;124;0.010000;0.010000;0.0;0.0
page0cur.cc;585;0.010000;0.010000;0.0;0.0
sql_base.cc;3167;0.010000;0.010000;0.0;0.0
sql_explain.cc;162;0.010000;0.010000;0.0;0.0
sql_select.cc;970;0.010000;0.010000;0.0;0.0
mdl.cc;3596;0.010000;0.010000;0.0;0.0
sql_base.cc;2458;0.010000;0.010000;0.0;0.0
hp_write.c;324;0.010000;0.010000;0.0;0.0
sql_statistics.cc;3267;0.010000;0.010000;0.0;0.0
sql_plist.h;289;0.010000;0.010000;0.0;0.0
item.cc;7133;0.010000;0.010000;0.0;0.0
sql_select.cc;3792;0.010000;0.010000;0.0;0.0
btr0pcur.cc;337;0.010000;0.010000;0.0;0.0
sql_select.cc;2542;0.010000;0.010000;0.0;0.0
opt_range.cc;12555;0.010000;0.010000;0.0;0.0
sql_select.cc;6265;0.010000;0.010000;0.0;0.0
memcmp-avx2-movbe.S;481;0.010000;0.010000;0.0;0.0
sql_select.cc;13194;0.010000;0.010000;0.0;0.0
handler.h;4434;0.010000;0.010000;0.0;0.0
sql_base.cc;9191;0.010000;0.010000;0.0;0.0
sql_prepare.cc;5537;0.010000;0.010000;0.0;0.0
rem0rec.cc;938;0.010000;0.010000;0.0;0.0
sql_base.cc;1962;0.010000;0.010000;0.0;0.0
item.h;6199;0.010000;0.010000;0.0;0.0
my_bitmap.c;161;0.010000;0.010000;0.0;0.0
sql_select.cc;13204;0.010000;0.010000;0.0;0.0
sql_select.cc;2811;0.010000;0.010000;0.0;0.0
sql_prepare.cc;3217;0.010000;0.010000;0.0;0.0
ha_heap.cc;606;0.010000;0.010000;0.0;0.0
lock.cc;403;0.010000;0.010000;0.0;0.0
ha_innodb.cc;20842;0.010000;0.010000;0.0;0.0
ha_innodb.cc;10584;0.010000;0.010000;0.0;0.0
stl_vector.h;1864;0.010000;0.010000;0.0;0.0
item_sum.cc;1579;0.010000;0.010000;0.0;0.0
item.cc;4859;0.010000;0.010000;0.0;0.0
my_alloc.c;312;0.010000;0.010000;0.0;0.0
btr0cur.cc;5027;0.010000;0.010000;0.0;0.0
sql_select.cc;24697;0.010000;0.010000;0.0;0.0
item.cc;6635;0.010000;0.010000;0.0;0.0
ha_innodb.cc;14627;0.010000;0.010000;0.0;0.0
opt_range.cc;8026;0.010000;0.010000;0.0;0.0
net_serv.cc;577;0.010000;0.010000;0.0;0.0
page0cur.cc;197;0.010000;0.010000;0.0;0.0
sql_select.cc;26160;0.010000;0.010000;0.0;0.0
opt_range.cc;9585;0.010000;0.010000;0.0;0.0
sql_select.h;968;0.010000;0.010000;0.0;0.0
memcmp-avx2-movbe.S;444;0.010000;0.010000;0.0;0.0
sql_class.cc;6433;0.010000;0.010000;0.0;0.0
ha_innodb.cc;7477;0.010000;0.010000;0.0;0.0
sql_derived.cc;173;0.010000;0.010000;0.0;0.0
field.h;925;0.010000;0.010000;0.0;0.0
handler.h;3659;0.010000;0.010000;0.0;0.0
memmove-vec-unaligned-erms.S;272;0.010000;0.010000;0.0;0.0
filesort.cc;2765;0.010000;0.010000;0.0;0.0
page0cur.cc;232;0.010000;0.010000;0.0;0.0
sql_select.cc;6181;0.010000;0.010000;0.0;0.0
row0sel.cc;4846;0.010000;0.010000;0.0;0.0
item_cmpfunc.cc;7690;0.010000;0.010000;0.0;0.0
handler.cc;2096;0.010000;0.010000;0.0;0.0
hp_rrnd.c;46;0.010000;0.010000;0.0;0.0
opt_range.cc;7942;0.010000;0.010000;0.0;0.0
item.h;4628;0.010000;0.010000;0.0;0.0
item.cc;4932;0.010000;0.010000;0.0;0.0
field.h;1518;0.010000;0.010000;0.0;0.0
records.cc;354;0.010000;0.010000;0.0;0.0
ha_innodb.cc;4628;0.010000;0.010000;0.0;0.0
sql_select.cc;5196;0.010000;0.010000;0.0;0.0
sql_select.cc;18796;0.010000;0.010000;0.0;0.0
sql_select.cc;1896;0.010000;0.010000;0.0;0.0
ctype-uca.c;34353;0.010000;0.010000;0.0;0.0
data0data.inl;403;0.010000;0.010000;0.0;0.0
sql_select.cc;24985;0.010000;0.010000;0.0;0.0
opt_range.cc;10844;0.010000;0.010000;0.0;0.0
item.h;4866;0.010000;0.010000;0.0;0.0
structs.h;515;0.010000;0.010000;0.0;0.0
opt_range.cc;9949;0.010000;0.010000;0.0;0.0
sql_select.cc;10057;0.010000;0.010000;0.0;0.0
sql_acl.cc;10137;0.010000;0.010000;0.0;0.0
sql_select.cc;5705;0.010000;0.010000;0.0;0.0
sql_select.cc;967;0.010000;0.010000;0.0;0.0
opt_range_mrr.cc;344;0.010000;0.010000;0.0;0.0
array.c;60;0.010000;0.010000;0.0;0.0
btr0cur.cc;4986;0.010000;0.010000;0.0;0.0
btr0cur.cc;5260;0.010000;0.010000;0.0;0.0
btr0cur.cc;1365;0.010000;0.010000;0.0;0.0
btr0cur.cc;5030;0.010000;0.010000;0.0;0.0
btr0cur.cc;1554;0.010000;0.010000;0.0;0.0
ctype-mb.c;261;0.010000;0.010000;0.0;0.0
ctype-uca-scanner_next.inl;155;0.010000;0.010000;0.0;0.0
e_log2.c;129;0.010000;0.010000;0.0;0.0
field.h;1199;0.010000;0.010000;0.0;0.0
filesort.cc;141;0.010000;0.010000;0.0;0.0
ha_innodb.cc;14768;0.010000;0.010000;0.0;0.0
ha_innodb.cc;5958;0.010000;0.010000;0.0;0.0
ha_innodb.cc;7397;0.010000;0.010000;0.0;0.0
ha_innodb.cc;9294;0.010000;0.010000;0.0;0.0
ha_innodb.cc;17225;0.010000;0.010000;0.0;0.0
handler.cc;2080;0.010000;0.010000;0.0;0.0
handler.cc;3774;0.010000;0.010000;0.0;0.0
handler.h;2144;0.010000;0.010000;0.0;0.0
handler.h;3953;0.010000;0.010000;0.0;0.0
hp_block.c;39;0.010000;0.010000;0.0;0.0
item.cc;6617;0.010000;0.010000;0.0;0.0
item.cc;747;0.010000;0.010000;0.0;0.0
item.h;4571;0.010000;0.010000;0.0;0.0
item_cmpfunc.cc;2242;0.010000;0.010000;0.0;0.0
item_cmpfunc.cc;7612;0.010000;0.010000;0.0;0.0
item_cmpfunc.cc;2404;0.010000;0.010000;0.0;0.0
item_func.cc;532;0.010000;0.010000;0.0;0.0
item_sum.cc;1685;0.010000;0.010000;0.0;0.0
key.cc;518;0.010000;0.010000;0.0;0.0
key.cc;123;0.010000;0.010000;0.0;0.0
lock.cc;496;0.010000;0.010000;0.0;0.0
mach0data.inl;416;0.010000;0.010000;0.0;0.0
malloc.c;1594;0.010000;0.010000;0.0;0.0
malloc.c;4222;0.010000;0.010000;0.0;0.0
mf_format.c;44;0.010000;0.010000;0.0;0.0
mf_iocache.c;1872;0.010000;0.010000;0.0;0.0
mulalloc.c;41;0.010000;0.010000;0.0;0.0
my_alloc.c;395;0.010000;0.010000;0.0;0.0
my_alloc.c;521;0.010000;0.010000;0.0;0.0
my_alloc.c;410;0.010000;0.010000;0.0;0.0
my_alloc.c;422;0.010000;0.010000;0.0;0.0
my_vsnprintf.c;654;0.010000;0.010000;0.0;0.0
mysql_socket.h;303;0.010000;0.010000;0.0;0.0
opt_range.cc;8063;0.010000;0.010000;0.0;0.0
opt_range.cc;10136;0.010000;0.010000;0.0;0.0
opt_range.cc;2752;0.010000;0.010000;0.0;0.0
opt_range.cc;3204;0.010000;0.010000;0.0;0.0
opt_range.cc;9091;0.010000;0.010000;0.0;0.0
page0cur.cc;492;0.010000;0.010000;0.0;0.0
page0cur.cc;909;0.010000;0.010000;0.0;0.0
page0page.cc;1291;0.010000;0.010000;0.0;0.0
protocol.cc;58;0.010000;0.010000;0.0;0.0
rem0rec.cc;627;0.010000;0.010000;0.0;0.0
rem0rec.cc;898;0.010000;0.010000;0.0;0.0
rem0rec.h;795;0.010000;0.010000;0.0;0.0
rem0rec.inl;651;0.010000;0.010000;0.0;0.0
row0sel.cc;5786;0.010000;0.010000;0.0;0.0
row0sel.cc;2742;0.010000;0.010000;0.0;0.0
select_result.h;145;0.010000;0.010000;0.0;0.0
small_vector.h;40;0.010000;0.010000;0.0;0.0
sql_acl.cc;10155;0.010000;0.010000;0.0;0.0
sql_class.cc;4404;0.010000;0.010000;0.0;0.0
sql_class.h;6635;0.010000;0.010000;0.0;0.0
sql_class.h;5386;0.010000;0.010000;0.0;0.0
sql_explain.cc;3040;0.010000;0.010000;0.0;0.0
sql_explain.h;660;0.010000;0.010000;0.0;0.0
sql_lex.cc;5004;0.010000;0.010000;0.0;0.0
sql_lex.cc;3792;0.010000;0.010000;0.0;0.0
sql_parse.cc;7405;0.010000;0.010000;0.0;0.0
sql_plist.h;132;0.010000;0.010000;0.0;0.0
sql_select.cc;26382;0.010000;0.010000;0.0;0.0
sql_select.cc;8796;0.010000;0.010000;0.0;0.0
sql_select.cc;2786;0.010000;0.010000;0.0;0.0
sql_select.cc;5243;0.010000;0.010000;0.0;0.0
sql_select.cc;3641;0.010000;0.010000;0.0;0.0
sql_select.cc;5177;0.010000;0.010000;0.0;0.0
sql_select.cc;14651;0.010000;0.010000;0.0;0.0
sql_select.cc;29496;0.010000;0.010000;0.0;0.0
sql_select.cc;20438;0.010000;0.010000;0.0;0.0
sql_select.cc;26418;0.010000;0.010000;0.0;0.0
sql_select.cc;5266;0.010000;0.010000;0.0;0.0
sql_select.cc;14729;0.010000;0.010000;0.0;0.0
sql_select.cc;8238;0.010000;0.010000;0.0;0.0
sql_select.cc;6181;0.010000;0.010000;0.0;0.0
sql_select.cc;17864;0.010000;0.010000;0.0;0.0
sql_select.cc;1572;0.010000;0.010000;0.0;0.0
sql_select.cc;2509;0.010000;0.010000;0.0;0.0
sql_select.cc;23356;0.010000;0.010000;0.0;0.0
sql_select.cc;21966;0.010000;0.010000;0.0;0.0
sql_select.cc;24851;0.010000;0.010000;0.0;0.0
sql_select.cc;24410;0.010000;0.010000;0.0;0.0
sql_statistics.cc;4146;0.010000;0.010000;0.0;0.0
sql_type.cc;34;0.010000;0.010000;0.0;0.0
sql_type.h;3375;0.010000;0.010000;0.0;0.0
table.cc;9031;0.010000;0.010000;0.0;0.0
table.cc;4974;0.010000;0.010000;0.0;0.0
table.h;2377;0.010000;0.010000;0.0;0.0
table_cache.cc;1012;0.010000;0.010000;0.0;0.0
handler.cc;4165;0.010000;0.010000;0.0;0.0
sql_base.cc;3167;0.010000;0.010000;0.0;0.0
field.h;1565;0.010000;0.010000;0.0;0.0
item.cc;915;0.010000;0.010000;0.0;0.0
buf0buf.cc;2708;0.010000;0.010000;0.0;0.0
filesort_utils.h;233;0.010000;0.010000;0.0;0.0
sql_select.cc;6051;0.010000;0.010000;0.0;0.0
ha_innodb.cc;7477;0.010000;0.010000;0.0;0.0
sql_select.cc;14463;0.010000;0.010000;0.0;0.0
opt_range.cc;12807;0.010000;0.010000;0.0;0.0
sql_select.cc;31120;0.010000;0.010000;0.0;0.0
pthread_mutex_unlock.c;52;0.010000;0.010000;0.0;0.0
buf0lru.cc;489;0.010000;0.010000;0.0;0.0
sql_prepare.cc;5477;0.010000;0.010000;0.0;0.0
sql_select.cc;24758;0.010000;0.010000;0.0;0.0
sql_select.cc;5197;0.010000;0.010000;0.0;0.0
sql_select.cc;1647;0.010000;0.010000;0.0;0.0
opt_range.cc;2865;0.010000;0.010000;0.0;0.0
buf0buf.h;939;0.010000;0.010000;0.0;0.0
opt_range.cc;10875;0.010000;0.010000;0.0;0.0
opt_subselect.cc;5282;0.010000;0.010000;0.0;0.0
sql_select.cc;16425;0.010000;0.010000;0.0;0.0
field.cc;7814;0.010000;0.010000;0.0;0.0
btr0cur.cc;1596;0.010000;0.010000;0.0;0.0
ha_innodb.cc;9530;0.010000;0.010000;0.0;0.0
sql_class.h;7048;0.010000;0.010000;0.0;0.0
sql_select.cc;13226;0.010000;0.010000;0.0;0.0
sql_type_json.cc;117;0.010000;0.010000;0.0;0.0
sql_select.cc;26253;0.010000;0.010000;0.0;0.0
hp_write.c;301;0.010000;0.010000;0.0;0.0
mdl.h;670;0.010000;0.010000;0.0;0.0
table.h;1972;0.010000;0.010000;0.0;0.0
opt_range.cc;8065;0.010000;0.010000;0.0;0.0
sql_select.cc;6882;0.010000;0.010000;0.0;0.0
ha_innodb.cc;9292;0.010000;0.010000;0.0;0.0
dict0dict.cc;2175;0.010000;0.010000;0.0;0.0
memmove-vec-unaligned-erms.S;440;0.010000;0.010000;0.0;0.0
ha_innodb.cc;9385;0.010000;0.010000;0.0;0.0
rem0rec.h;252;0.010000;0.010000;0.0;0.0
field.h;4212;0.010000;0.010000;0.0;0.0
decimal.c;1948;0.010000;0.010000;0.0;0.0
mysqld.cc;3843;0.010000;0.010000;0.0;0.0
filesort_utils.h;218;0.010000;0.010000;0.0;0.0
mf_dirname.c;106;0.010000;0.010000;0.0;0.0
ha_innodb.cc;7335;0.010000;0.010000;0.0;0.0
sql_analyze_stmt.cc;110;0.010000;0.010000;0.0;0.0
sql_select.cc;12248;0.010000;0.010000;0.0;0.0
item_cmpfunc.cc;7024;0.010000;0.010000;0.0;0.0
memmove-vec-unaligned-erms.S;523;0.010000;0.010000;0.0;0.0
opt_range.cc;3560;0.010000;0.010000;0.0;0.0
opt_range_mrr.cc;247;0.010000;0.010000;0.0;0.0
handler.cc;2134;0.010000;0.010000;0.0;0.0
sql_select.cc;15178;0.010000;0.010000;0.0;0.0
sql_explain.cc;1007;0.010000;0.010000;0.0;0.0
memmove-vec-unaligned-erms.S;263;0.010000;0.010000;0.0;0.0
btr0cur.cc;1260;0.010000;0.010000;0.0;0.0
sql_select.cc;31861;0.010000;0.010000;0.0;0.0
item.cc;8128;0.010000;0.010000;0.0;0.0
sql_select.cc;28939;0.010000;0.010000;0.0;0.0
sql_array.h;90;0.010000;0.010000;0.0;0.0
sql_select.cc;7127;0.010000;0.010000;0.0;0.0
ha_innodb.cc;9037;0.010000;0.010000;0.0;0.0
sql_explain.h;89;0.010000;0.010000;0.0;0.0
hp_create.c;184;0.010000;0.010000;0.0;0.0
key.cc;521;0.010000;0.010000;0.0;0.0
sql_select.cc;30388;0.010000;0.010000;0.0;0.0
memmove-vec-unaligned-erms.S;306;0.010000;0.010000;0.0;0.0
net_serv.cc;933;0.010000;0.010000;0.0;0.0
sql_parse.cc;1140;0.010000;0.010000;0.0;0.0
sql_select.cc;1956;0.010000;0.010000;0.0;0.0
sql_select.cc;4453;0.010000;0.010000;0.0;0.0
sql_base.cc;1546;0.010000;0.010000;0.0;0.0
sql_select.cc;31607;0.010000;0.010000;0.0;0.0
item_func.cc;571;0.010000;0.010000;0.0;0.0
fil0fil.h;745;0.010000;0.010000;0.0;0.0
item_func.h;162;0.010000;0.010000;0.0;0.0
ha_heap.cc;410;0.010000;0.010000;0.0;0.0
ha_innodb.cc;16624;0.010000;0.010000;0.0;0.0
item.h;4545;0.010000;0.010000;0.0;0.0
item.cc;7283;0.010000;0.010000;0.0;0.0
hp_write.c;315;0.010000;0.010000;0.0;0.0
row0sel.cc;3876;0.010000;0.010000;0.0;0.0
handler.cc;2170;0.010000;0.010000;0.0;0.0
sql_select.cc;8104;0.010000;0.010000;0.0;0.0
ha_innodb.cc;7741;0.010000;0.010000;0.0;0.0
sql_select.cc;31237;0.010000;0.010000;0.0;0.0
small_vector.h;34;0.010000;0.010000;0.0;0.0
rem0rec.cc;674;0.010000;0.010000;0.0;0.0
sql_select.cc;27001;0.010000;0.010000;0.0;0.0
sql_select.cc;10195;0.010000;0.010000;0.0;0.0
memcmp-avx2-movbe.S;440;0.010000;0.010000;0.0;0.0
item_sum.cc;1637;0.010000;0.010000;0.0;0.0
que0que.inl;48;0.010000;0.010000;0.0;0.0
sql_select.cc;17135;0.010000;0.010000;0.0;0.0
my_malloc.c;218;0.010000;0.010000;0.0;0.0
item.cc;584;0.010000;0.010000;0.0;0.0
hp_hash.c;297;0.010000;0.010000;0.0;0.0
mdl.cc;2613;0.010000;0.010000;0.0;0.0
item.cc;3892;0.010000;0.010000;0.0;0.0
sql_select.cc;12434;0.010000;0.010000;0.0;0.0
sql_select.cc;31861;0.010000;0.010000;0.0;0.0
trx0trx.h;1151;0.010000;0.010000;0.0;0.0
sql_string.cc;276;0.010000;0.010000;0.0;0.0
sql_class.cc;4411;0.010000;0.010000;0.0;0.0
handler.cc;2270;0.010000;0.010000;0.0;0.0
sql_select.cc;14498;0.010000;0.010000;0.0;0.0
ctype-uca.c;34413;0.010000;0.010000;0.0;0.0
sql_sort.h;313;0.010000;0.010000;0.0;0.0
field.cc;1144;0.010000;0.010000;0.0;0.0
sql_class.cc;4403;0.010000;0.010000;0.0;0.0
opt_range.cc;8352;0.010000;0.010000;0.0;0.0
sql_base.cc;2496;0.010000;0.010000;0.0;0.0
sql_select.cc;24655;0.010000;0.010000;0.0;0.0
handler.cc;9773;0.010000;0.010000;0.0;0.0
mf_cache.c;72;0.010000;0.010000;0.0;0.0
memmove-vec-unaligned-erms.S;549;0.010000;0.010000;0.0;0.0
lf_hash.cc;125;0.010000;0.010000;0.0;0.0
sql_select.cc;2647;0.010000;0.010000;0.0;0.0
btr0cur.cc;1390;0.010000;0.010000;0.0;0.0
sql_base.cc;6967;0.010000;0.010000;0.0;0.0
sql_select.cc;26126;0.010000;0.010000;0.0;0.0
lf_hash.cc;496;0.010000;0.010000;0.0;0.0
filesort_utils.cc;412;0.010000;0.010000;0.0;0.0
sql_base.cc;2462;0.010000;0.010000;0.0;0.0
protocol.cc;399;0.010000;0.010000;0.0;0.0
sql_select.cc;3567;0.010000;0.010000;0.0;0.0
sql_select.cc;26424;0.010000;0.010000;0.0;0.0
ha_innodb.cc;7171;0.010000;0.010000;0.0;0.0
select_result.h;125;0.010000;0.010000;0.0;0.0
sql_lex.cc;5306;0.010000;0.010000;0.0;0.0
item.h;6000;0.010000;0.010000;0.0;0.0
item_cmpfunc.cc;7539;0.010000;0.010000;0.0;0.0
item_cmpfunc.h;1131;0.010000;0.010000;0.0;0.0
my_vsnprintf.c;803;0.010000;0.010000;0.0;0.0
item_sum.cc;1135;0.010000;0.010000;0.0;0.0
sql_bitmap.h;78;0.010000;0.010000;0.0;0.0
row0sel.cc;4369;0.010000;0.010000;0.0;0.0
xa.h;35;0.010000;0.010000;0.0;0.0
btr0cur.cc;1415;0.010000;0.010000;0.0;0.0
sql_select.cc;18101;0.010000;0.010000;0.0;0.0
field.cc;1388;0.010000;0.010000;0.0;0.0
btr0pcur.cc;177;0.010000;0.010000;0.0;0.0
item_sum.h;419;0.010000;0.010000;0.0;0.0
sql_select.cc;21322;0.010000;0.010000;0.0;0.0
sql_select.cc;18563;0.010000;0.010000;0.0;0.0
field_conv.cc;878;0.010000;0.010000;0.0;0.0
row0sel.cc;3663;0.010000;0.010000;0.0;0.0
sql_select.cc;3934;0.010000;0.010000;0.0;0.0
item.h;2262;0.010000;0.010000;0.0;0.0
sql_class.cc;3423;0.010000;0.010000;0.0;0.0
sql_explain.cc;193;0.010000;0.010000;0.0;0.0
sql_connect.cc;1512;0.010000;0.010000;0.0;0.0
rem0rec.h;281;0.010000;0.010000;0.0;0.0
sql_lex.cc;5621;0.010000;0.010000;0.0;0.0
item_cmpfunc.cc;7432;0.010000;0.010000;0.0;0.0
sql_base.cc;6086;0.010000;0.010000;0.0;0.0
sql_lex.cc;5307;0.010000;0.010000;0.0;0.0
memset-vec-unaligned-erms.S;230;0.010000;0.010000;0.0;0.0
my_malloc.c;112;0.010000;0.010000;0.0;0.0
sql_select.cc;5713;0.010000;0.010000;0.0;0.0
opt_range.cc;12474;0.010000;0.010000;0.0;0.0
opt_range.cc;4367;0.010000;0.010000;0.0;0.0
sql_select.cc;13382;0.010000;0.010000;0.0;0.0
field.h;2902;0.010000;0.010000;0.0;0.0
item_sum.h;734;0.010000;0.010000;0.0;0.0
decimal.c;1871;0.010000;0.010000;0.0;0.0
buf0lru.cc;496;0.010000;0.010000;0.0;0.0
atomic_base.h;501;0.010000;0.010000;0.0;0.0
sql_select.cc;24115;0.010000;0.010000;0.0;0.0
sql_select.cc;5431;0.010000;0.010000;0.0;0.0
sql_class.cc;3432;0.010000;0.010000;0.0;0.0
sql_select.cc;17593;0.010000;0.010000;0.0;0.0
sql_class.cc;393;0.010000;0.010000;0.0;0.0
opt_subselect.cc;6685;0.010000;0.010000;0.0;0.0
ha_innodb.cc;9043;0.010000;0.010000;0.0;0.0
sql_select.cc;8255;0.010000;0.010000;0.0;0.0
opt_range.cc;10157;0.010000;0.010000;0.0;0.0
sql_select.cc;6938;0.010000;0.010000;0.0;0.0
item_cmpfunc.cc;417;0.010000;0.010000;0.0;0.0
sql_select.cc;9806;0.010000;0.010000;0.0;0.0
row0mysql.cc;379;0.010000;0.010000;0.0;0.0
sql_select.cc;13848;0.010000;0.010000;0.0;0.0
sql_select.cc;12169;0.010000;0.010000;0.0;0.0
filesort.h;126;0.010000;0.010000;0.0;0.0
item.cc;915;0.010000;0.010000;0.0;0.0
row0sel.cc;5984;0.010000;0.010000;0.0;0.0
mf_format.c;60;0.010000;0.010000;0.0;0.0
sql_select.cc;13533;0.010000;0.010000;0.0;0.0
opt_subselect.cc;5327;0.010000;0.010000;0.0;0.0
sql_base.cc;4941;0.010000;0.010000;0.0;0.0
row0sel.cc;3879;0.010000;0.010000;0.0;0.0
sql_parse.cc;461;0.010000;0.010000;0.0;0.0
hp_extra.c;52;0.010000;0.010000;0.0;0.0
hp_write.c;353;0.010000;0.010000;0.0;0.0
mem_root_array.h;150;0.010000;0.010000;0.0;0.0
sql_select.cc;1767;0.010000;0.010000;0.0;0.0
viosocket.c;982;0.010000;0.010000;0.0;0.0
sql_error.cc;318;0.010000;0.010000;0.0;0.0
hp_rrnd.c;30;0.010000;0.010000;0.0;0.0
viosocket.c;199;0.010000;0.010000;0.0;0.0
dict0mem.h;1395;0.010000;0.010000;0.0;0.0
sql_select.cc;28906;0.010000;0.010000;0.0;0.0
ha_heap.cc;404;0.010000;0.010000;0.0;0.0
mdl.cc;2607;0.010000;0.010000;0.0;0.0
ctype.c;1240;0.010000;0.010000;0.0;0.0
sql_base.cc;2699;0.010000;0.010000;0.0;0.0
lock.cc;848;0.010000;0.010000;0.0;0.0
malloc.c;4446;0.010000;0.010000;0.0;0.0
handler.cc;8053;0.010000;0.010000;0.0;0.0
my_bitmap.c;193;0.010000;0.010000;0.0;0.0
ha_innodb.cc;15114;0.010000;0.010000;0.0;0.0
sql_base.cc;7032;0.010000;0.010000;0.0;0.0
sql_prepare.cc;5631;0.010000;0.010000;0.0;0.0
decimal.c;1880;0.010000;0.010000;0.0;0.0
pfs.cc;2540;0.010000;0.010000;0.0;0.0
sql_select.cc;7597;0.010000;0.010000;0.0;0.0
sql_select.cc;17850;0.010000;0.010000;0.0;0.0
sql_statistics.cc;3320;0.010000;0.010000;0.0;0.0
opt_range.cc;10850;0.010000;0.010000;0.0;0.0
sql_select.cc;4913;0.010000;0.010000;0.0;0.0
sql_select.h;858;0.010000;0.010000;0.0;0.0
handler.h;2194;0.010000;0.010000;0.0;0.0
field.cc;7806;0.010000;0.010000;0.0;0.0
memmove-vec-unaligned-erms.S;418;0.010000;0.010000;0.0;0.0
mtr0mtr.cc;218;0.010000;0.010000;0.0;0.0
filesort.cc;2768;0.010000;0.010000;0.0;0.0
trx0trx.cc;1469;0.010000;0.010000;0.0;0.0
sql_base.cc;1632;0.010000;0.010000;0.0;0.0
sql_select.cc;29403;0.010000;0.010000;0.0;0.0
item_cmpfunc.cc;2404;0.010000;0.010000;0.0;0.0
opt_range_mrr.cc;156;0.010000;0.010000;0.0;0.0
sql_select.cc;8003;0.010000;0.010000;0.0;0.0
opt_range.cc;12655;0.010000;0.010000;0.0;0.0
opt_range_mrr.cc;251;0.010000;0.010000;0.0;0.0
handler.cc;4076;0.010000;0.010000;0.0;0.0
my_stack_alloc.h;44;0.010000;0.010000;0.0;0.0
multi_range_read.cc;215;0.010000;0.010000;0.0;0.0
multi_range_read.cc;1810;0.010000;0.010000;0.0;0.0
sql_base.cc;8313;0.010000;0.010000;0.0;0.0
rem0rec.inl;221;0.010000;0.010000;0.0;0.0
my_json_writer.h;468;0.010000;0.010000;0.0;0.0
strcmp-avx2.S;291;0.010000;0.010000;0.0;0.0
sql_select.cc;5916;0.010000;0.010000;0.0;0.0
protocol.cc;1743;0.010000;0.010000;0.0;0.0
item_func.cc;425;0.010000;0.010000;0.0;0.0
mf_qsort.c;156;0.010000;0.010000;0.0;0.0
item.cc;8129;0.010000;0.010000;0.0;0.0
protocol.cc;1204;0.010000;0.010000;0.0;0.0
field.h;2090;0.010000;0.010000;0.0;0.0
memmove-vec-unaligned-erms.S;494;0.010000;0.010000;0.0;0.0
sql_base.cc;6071;0.010000;0.010000;0.0;0.0
sql_select.h;951;0.010000;0.010000;0.0;0.0
ha_heap.cc;452;0.010000;0.010000;0.0;0.0
sql_type.cc;1604;0.010000;0.010000;0.0;0.0
row0sel.cc;3110;0.010000;0.010000;0.0;0.0
protocol.cc;1213;0.010000;0.010000;0.0;0.0
sql_parse.cc;7472;0.010000;0.010000;0.0;0.0
sql_analyze_stmt.h;312;0.010000;0.010000;0.0;0.0
sql_base.cc;8363;0.010000;0.010000;0.0;0.0
pthread_mutex_lock.c;115;0.010000;0.010000;0.0;0.0
sql_class.h;1362;0.010000;0.010000;0.0;0.0
row0sel.cc;4649;0.010000;0.010000;0.0;0.0
sql_error.h;1063;0.010000;0.010000;0.0;0.0
small_vector.h;97;0.010000;0.010000;0.0;0.0
sql_select.cc;4900;0.010000;0.010000;0.0;0.0
sql_window.cc;209;0.010000;0.010000;0.0;0.0
page0page.h;203;0.010000;0.010000;0.0;0.0
buf0types.h;148;0.010000;0.010000;0.0;0.0
sql_select.cc;24745;0.010000;0.010000;0.0;0.0
item_cmpfunc.cc;7445;0.010000;0.010000;0.0;0.0
handler.h;3124;0.010000;0.010000;0.0;0.0
hp_block.c;39;0.010000;0.010000;0.0;0.0
sql_type.h;4177;0.010000;0.010000;0.0;0.0
records.cc;206;0.010000;0.010000;0.0;0.0
sql_explain.cc;82;0.010000;0.010000;0.0;0.0
opt_range.cc;10128;0.010000;0.010000;0.0;0.0
sql_select.cc;5841;0.010000;0.010000;0.0;0.0
sql_select.cc;14661;0.010000;0.010000;0.0;0.0
row0sel.cc;4064;0.010000;0.010000;0.0;0.0
memset-vec-unaligned-erms.S;198;0.010000;0.010000;0.0;0.0
item_func.cc;418;0.010000;0.010000;0.0;0.0
sql_select.cc;16828;0.010000;0.010000;0.0;0.0
item_cmpfunc.cc;2211;0.010000;0.010000;0.0;0.0
sql_select.cc;18560;0.010000;0.010000;0.0;0.0
buf0buf.cc;3007;0.010000;0.010000;0.0;0.0
ctype-utf8.c;3015;0.010000;0.010000;0.0;0.0
handler.cc;1665;0.010000;0.010000;0.0;0.0
row0sel.cc;3686;0.010000;0.010000;0.0;0.0
row0sel.cc;2720;0.010000;0.010000;0.0;0.0
crc32c_amd64.cc;717;0.010000;0.010000;0.0;0.0
sql_select.cc;25343;0.010000;0.010000;0.0;0.0
ha_innodb.cc;7705;0.010000;0.010000;0.0;0.0
btr0cur.cc;1119;0.010000;0.010000;0.0;0.0
sql_prepare.cc;4856;0.010000;0.010000;0.0;0.0
field.h;4189;0.010000;0.010000;0.0;0.0
hp_write.c;316;0.010000;0.010000;0.0;0.0
sql_parse.cc;7549;0.010000;0.010000;0.0;0.0
sql_select.cc;18765;0.010000;0.010000;0.0;0.0
read0read.cc;230;0.010000;0.010000;0.0;0.0
opt_subselect.cc;5573;0.010000;0.010000;0.0;0.0
mf_iocache.c;1877;0.010000;0.010000;0.0;0.0
row0sel.cc;5811;0.010000;0.010000;0.0;0.0
sql_select.cc;3587;0.010000;0.010000;0.0;0.0
my_alloc.c;54;0.010000;0.010000;0.0;0.0
sql_select.cc;31402;0.010000;0.010000;0.0;0.0
row0sel.cc;4643;0.010000;0.010000;0.0;0.0
sql_select.cc;2514;0.010000;0.010000;0.0;0.0
multi_range_read.cc;247;0.010000;0.010000;0.0;0.0
sql_select.cc;576;0.010000;0.010000;0.0;0.0
item.cc;8168;0.010000;0.010000;0.0;0.0
memmove-vec-unaligned-erms.S;366;0.010000;0.010000;0.0;0.0
sql_select.cc;32919;0.010000;0.010000;0.0;0.0
opt_range.cc;1262;0.010000;0.010000;0.0;0.0
sql_select.h;2874;0.010000;0.010000;0.0;0.0
ctype-uca.c;32036;0.010000;0.010000;0.0;0.0
sql_select.cc;26389;0.010000;0.010000;0.0;0.0
my_alloc.c;692;0.010000;0.010000;0.0;0.0
ha_innodb.cc;7709;0.010000;0.010000;0.0;0.0
sql_class.cc;5190;0.010000;0.010000;0.0;0.0
ctype-utf8.h;143;0.010000;0.010000;0.0;0.0
opt_range.cc;9434;0.010000;0.010000;0.0;0.0
sql_select.cc;7738;0.010000;0.010000;0.0;0.0
sql_select.cc;26981;0.010000;0.010000;0.0;0.0
page0cur.cc;564;0.010000;0.010000;0.0;0.0
decimal.c;1632;0.010000;0.010000;0.0;0.0
protocol.h;70;0.010000;0.010000;0.0;0.0
sql_acl.cc;9981;0.010000;0.010000;0.0;0.0
sql_select.cc;13343;0.010000;0.010000;0.0;0.0
sql_prepare.cc;5481;0.010000;0.010000;0.0;0.0
psi_noop.c;179;0.010000;0.010000;0.0;0.0
lock.cc;409;0.010000;0.010000;0.0;0.0
sql_select.cc;20533;0.010000;0.010000;0.0;0.0
my_alloc.c;314;0.010000;0.010000;0.0;0.0
row0mysql.cc;1021;0.010000;0.010000;0.0;0.0
sql_select.cc;2635;0.010000;0.010000;0.0;0.0
sql_prepare.cc;415;0.010000;0.010000;0.0;0.0
sql_select.cc;5114;0.010000;0.010000;0.0;0.0
my_alloc.c;522;0.010000;0.010000;0.0;0.0
table_cache.cc;857;0.010000;0.010000;0.0;0.0
ctype-uca.inl;666;0.010000;0.010000;0.0;0.0
lf_hash.cc;130;0.010000;0.010000;0.0;0.0
memmove-vec-unaligned-erms.S;486;0.010000;0.010000;0.0;0.0
decimal.c;1076;0.010000;0.010000;0.0;0.0
ha_innodb.cc;9256;0.010000;0.010000;0.0;0.0
sql_acl.cc;9966;0.010000;0.010000;0.0;0.0
malloc.c;1597;0.010000;0.010000;0.0;0.0
item_func.cc;146;0.010000;0.010000;0.0;0.0
filesort_utils.cc;136;0.010000;0.010000;0.0;0.0
ha_innodb.cc;9385;0.010000;0.010000;0.0;0.0
mysqld.cc;1236;0.010000;0.010000;0.0;0.0
sql_select.cc;14522;0.010000;0.010000;0.0;0.0
memcmp-avx2-movbe.S;439;0.010000;0.010000;0.0;0.0
pack.c;136;0.010000;0.010000;0.0;0.0
sql_parse.cc;2551;0.010000;0.010000;0.0;0.0
sql_select.cc;18116;0.010000;0.010000;0.0;0.0
sql_select.cc;34013;0.010000;0.010000;0.0;0.0
sql_base.cc;2389;0.010000;0.010000;0.0;0.0
ha_innodb.cc;7239;0.010000;0.010000;0.0;0.0
page0cur.cc;886;0.010000;0.010000;0.0;0.0
memset-vec-unaligned-erms.S;306;0.010000;0.010000;0.0;0.0
protocol.cc;352;0.010000;0.010000;0.0;0.0
ha_innodb.cc;2709;0.010000;0.010000;0.0;0.0
memcmp-avx2-movbe.S;429;0.010000;0.010000;0.0;0.0
table.cc;8928;0.010000;0.010000;0.0;0.0
sql_select.cc;6476;0.010000;0.010000;0.0;0.0
item.h;6161;0.010000;0.010000;0.0;0.0
field.cc;7544;0.010000;0.010000;0.0;0.0
filesort.cc;2902;0.010000;0.010000;0.0;0.0
ha_heap.cc;83;0.010000;0.010000;0.0;0.0
sql_lex.cc;5670;0.009999;0.009999;0.0;0.0
item.cc;4765;0.009999;0.009999;0.0;0.0
hp_write.c;245;0.009999;0.009999;0.0;0.0
sql_select.cc;7818;0.009999;0.009999;0.0;0.0
sql_class.cc;9022;0.009999;0.009999;0.0;0.0
mdl.cc;2761;0.009999;0.009999;0.0;0.0
sql_select.h;980;0.009999;0.009999;0.0;0.0
sql_select.h;1204;0.009999;0.009999;0.0;0.0
field.h;4191;0.009999;0.009999;0.0;0.0
rem0rec.cc;2045;0.009999;0.009999;0.0;0.0
sql_select.cc;16870;0.009999;0.009999;0.0;0.0
mysql_thread.h;745;0.009999;0.009999;0.0;0.0
sql_select.cc;29489;0.009999;0.009999;0.0;0.0
sql_lex.h;1017;0.009999;0.009999;0.0;0.0
page0cur.cc;173;0.009999;0.009999;0.0;0.0
multi_range_read.cc;1735;0.009999;0.009999;0.0;0.0
sql_prepare.cc;5478;0.009999;0.009999;0.0;0.0
sql_select.h;1125;0.009999;0.009999;0.0;0.0
strcmp-avx2.S;287;0.009999;0.009999;0.0;0.0
mtr0mtr.cc;219;0.009999;0.009999;0.0;0.0
item.h;4602;0.009999;0.009999;0.0;0.0
item_sum.cc;1639;0.009999;0.009999;0.0;0.0
opt_range.cc;8020;0.009999;0.009999;0.0;0.0
opt_range.cc;1242;0.009999;0.009999;0.0;0.0
sql_select.cc;17267;0.009999;0.009999;0.0;0.0
sql_select.cc;5440;0.009999;0.009999;0.0;0.0
sql_class.cc;2538;0.009999;0.009999;0.0;0.0
protocol.cc;1350;0.009999;0.009999;0.0;0.0
sql_select.cc;7419;0.009999;0.009999;0.0;0.0
page0cur.cc;459;0.009999;0.009999;0.0;0.0
rem0cmp.cc;374;0.009999;0.009999;0.0;0.0
malloc.c;3289;0.009999;0.009999;0.0;0.0
handler.cc;8106;0.009999;0.009999;0.0;0.0
item.cc;4774;0.009999;0.009999;0.0;0.0
sql_type.h;3178;0.009999;0.009999;0.0;0.0
ha_innodb.cc;5337;0.009999;0.009999;0.0;0.0
filesort.cc;629;0.009999;0.009999;0.0;0.0
sql_bitmap.h;113;0.009999;0.009999;0.0;0.0
opt_subselect.cc;6720;0.009999;0.009999;0.0;0.0
opt_range.cc;2152;0.009999;0.009999;0.0;0.0
ha_innodb.cc;7747;0.009999;0.009999;0.0;0.0
sql_select.cc;5760;0.009999;0.009999;0.0;0.0
handler.cc;3831;0.009999;0.009999;0.0;0.0
sql_select.cc;3783;0.009999;0.009999;0.0;0.0
malloc.c;3003;0.009999;0.009999;0.0;0.0
sql_select.cc;17014;0.009999;0.009999;0.0;0.0
mdl.h;344;0.009999;0.009999;0.0;0.0
handler.h;3981;0.009999;0.009999;0.0;0.0
memset-vec-unaligned-erms.S;237;0.009999;0.009999;0.0;0.0
sql_select.cc;24747;0.009999;0.009999;0.0;0.0
sql_bitmap.h;170;0.009999;0.009999;0.0;0.0
sql_select.h;1080;0.009999;0.009999;0.0;0.0
sql_base.cc;2730;0.009999;0.009999;0.0;0.0
sql_type.cc;5943;0.009999;0.009999;0.0;0.0
sql_select.cc;12449;0.009999;0.009999;0.0;0.0
sql_error.h;1026;0.009999;0.009999;0.0;0.0
my_alloc.c;312;0.009999;0.009999;0.0;0.0
mysql_socket.h;858;0.009999;0.009999;0.0;0.0
sql_type.h;7956;0.009999;0.009999;0.0;0.0
my_alloc.c;324;0.009999;0.009999;0.0;0.0
small_vector.h;60;0.009999;0.009999;0.0;0.0
sql_class.h;5231;0.009999;0.009999;0.0;0.0
trx0trx.h;1160;0.009999;0.009999;0.0;0.0
opt_context_store_replay.cc;1674;0.009999;0.009999;0.0;0.0
table.cc;7794;0.009999;0.009999;0.0;0.0
memmove-vec-unaligned-erms.S;318;0.009999;0.009999;0.0;0.0
temporary_tables.cc;519;0.009999;0.009999;0.0;0.0
sql_select.cc;31535;0.009999;0.009999;0.0;0.0
lex_string.h;140;0.009999;0.009999;0.0;0.0
sql_prepare.cc;5457;0.009999;0.009999;0.0;0.0
sql_select.cc;7830;0.009999;0.009999;0.0;0.0
field.cc;2626;0.009999;0.009999;0.0;0.0
sql_select.cc;16542;0.009999;0.009999;0.0;0.0
psi_noop.c;170;0.009999;0.009999;0.0;0.0
sql_select.cc;24784;0.009999;0.009999;0.0;0.0
ctype-ascii.h;110;0.009999;0.009999;0.0;0.0
sql_select.cc;3070;0.009999;0.009999;0.0;0.0
opt_range.cc;9889;0.009999;0.009999;0.0;0.0
item_cmpfunc.cc;560;0.009999;0.009999;0.0;0.0
item.cc;435;0.009999;0.009999;0.0;0.0
opt_subselect.cc;6547;0.009999;0.009999;0.0;0.0
mysqld.cc;1238;0.009999;0.009999;0.0;0.0
my_json_writer.h;651;0.009999;0.009999;0.0;0.0
sql_select.cc;5265;0.009999;0.009999;0.0;0.0
sql_type.cc;1924;0.009999;0.009999;0.0;0.0
lf_hash.cc;115;0.009999;0.009999;0.0;0.0
sql_base.cc;8361;0.009999;0.009999;0.0;0.0
sql_select.cc;10371;0.009999;0.009999;0.0;0.0
field_conv.cc;775;0.009999;0.009999;0.0;0.0
array.c;340;0.009999;0.009999;0.0;0.0
my_alloc.c;532;0.009999;0.009999;0.0;0.0
memmove-vec-unaligned-erms.S;380;0.009999;0.009999;0.0;0.0
sql_lex.cc;3789;0.009999;0.009999;0.0;0.0
sql_select.cc;1964;0.009999;0.009999;0.0;0.0
protocol.cc;82;0.009999;0.009999;0.0;0.0
mf_qsort.c;168;0.009999;0.009999;0.0;0.0
sql_lex.cc;3102;0.009999;0.009999;0.0;0.0
sql_type.cc;7378;0.009999;0.009999;0.0;0.0
net_serv.cc;842;0.009999;0.009999;0.0;0.0
ha_innodb.cc;7335;0.009999;0.009999;0.0;0.0
field.cc;7555;0.009999;0.009999;0.0;0.0
smmintrin.h;824;0.009999;0.009999;0.0;0.0
sql_prepare.cc;5430;0.009999;0.009999;0.0;0.0
ha_innodb.cc;7340;0.009999;0.009999;0.0;0.0
sql_prepare.cc;3610;0.009999;0.009999;0.0;0.0
sql_class.cc;4897;0.009999;0.009999;0.0;0.0
sql_select.cc;10341;0.009999;0.009999;0.0;0.0
sql_select.cc;26995;0.009999;0.009999;0.0;0.0
item_sum.cc;1875;0.009999;0.009999;0.0;0.0
opt_subselect.cc;999;0.009999;0.009999;0.0;0.0
records.cc;615;0.009999;0.009999;0.0;0.0
opt_range.cc;9071;0.009999;0.009999;0.0;0.0
malloc.c;1592;0.009999;0.009999;0.0;0.0
sql_select.cc;10162;0.009999;0.009999;0.0;0.0
ha_innodb.cc;9407;0.009999;0.009999;0.0;0.0
sql_select.cc;6049;0.009999;0.009999;0.0;0.0
sql_list.h;761;0.009999;0.009999;0.0;0.0
mf_qsort.c;157;0.009999;0.009999;0.0;0.0
hp_scan.c;76;0.009999;0.009999;0.0;0.0
sql_prepare.cc;423;0.009999;0.009999;0.0;0.0
mdl.cc;1367;0.009999;0.009999;0.0;0.0
opt_range.cc;10426;0.009999;0.009999;0.0;0.0
sql_prepare.cc;5420;0.009999;0.009999;0.0;0.0
field.cc;4658;0.009999;0.009999;0.0;0.0
btr0sea.cc;1702;0.009999;0.009999;0.0;0.0
sql_type.cc;5952;0.009999;0.009999;0.0;0.0
sql_select.cc;2467;0.009999;0.009999;0.0;0.0
my_alloc.c;409;0.009999;0.009999;0.0;0.0
item.cc;3384;0.009999;0.009999;0.0;0.0
lock.cc;788;0.009999;0.009999;0.0;0.0
ctype-uca.c;34438;0.009999;0.009999;0.0;0.0
row0sel.cc;4440;0.009999;0.009999;0.0;0.0
sql_base.cc;3426;0.009999;0.009999;0.0;0.0
ha_innodb.cc;16704;0.009999;0.009999;0.0;0.0
sql_base.cc;9073;0.009999;0.009999;0.0;0.0
hp_write.c;407;0.009999;0.009999;0.0;0.0
sql_select.cc;13466;0.009999;0.009999;0.0;0.0
net_serv.cc;392;0.009999;0.009999;0.0;0.0
sql_base.cc;921;0.009999;0.009999;0.0;0.0
sql_select.cc;8242;0.009999;0.009999;0.0;0.0
opt_range.h;438;0.009999;0.009999;0.0;0.0
sql_select.cc;7011;0.009999;0.009999;0.0;0.0
lf_hash.cc;164;0.009999;0.009999;0.0;0.0
send.c;32;0.009999;0.009999;0.0;0.0
sql_explain.cc;79;0.009999;0.009999;0.0;0.0
sql_select.cc;2878;0.009999;0.009999;0.0;0.0
transaction.cc;479;0.009999;0.009999;0.0;0.0
mf_qsort.c;179;0.009999;0.009999;0.0;0.0
memset-vec-unaligned-erms.S;383;0.009999;0.009999;0.0;0.0
sql_select.cc;29526;0.009999;0.009999;0.0;0.0
handler.cc;3859;0.009999;0.009999;0.0;0.0
pthread_mutex_unlock.c;83;0.009999;0.009999;0.0;0.0
page0cur.cc;169;0.009999;0.009999;0.0;0.0
sql_select.cc;2033;0.009999;0.009999;0.0;0.0
sql_select.cc;3261;0.009999;0.009999;0.0;0.0
sql_select.cc;34405;0.009999;0.009999;0.0;0.0
hp_write.c;341;0.009999;0.009999;0.0;0.0
sql_lex.h;1467;0.009999;0.009999;0.0;0.0
sql_type.h;3170;0.009999;0.009999;0.0;0.0
sql_select.cc;31270;0.009999;0.009999;0.0;0.0
ha_innodb.cc;1809;0.009999;0.009999;0.0;0.0
sql_select.cc;5844;0.009999;0.009999;0.0;0.0
opt_range.cc;9077;0.009999;0.009999;0.0;0.0
memcmp-avx2-movbe.S;446;0.009999;0.009999;0.0;0.0
item_cmpfunc.cc;7393;0.009999;0.009999;0.0;0.0
sql_list.h;753;0.009999;0.009999;0.0;0.0
ha_innodb.cc;15185;0.009999;0.009999;0.0;0.0
atomic_base.h;501;0.009999;0.009999;0.0;0.0
my_decimal.h;146;0.009999;0.009999;0.0;0.0
sql_select.cc;29506;0.009999;0.009999;0.0;0.0
sql_select.cc;31230;0.009999;0.009999;0.0;0.0
protocol.cc;1358;0.009999;0.009999;0.0;0.0
malloc.c;3319;0.009999;0.009999;0.0;0.0
opt_range.cc;3675;0.009999;0.009999;0.0;0.0
field.cc;11688;0.009999;0.009999;0.0;0.0
memcmp-avx2-movbe.S;515;0.009999;0.009999;0.0;0.0
lock.cc;850;0.009999;0.009999;0.0;0.0
handler.h;3980;0.009999;0.009999;0.0;0.0
rem0rec.cc;744;0.009999;0.009999;0.0;0.0
malloc.c;3351;0.009999;0.009999;0.0;0.0
sql_list.h;762;0.009999;0.009999;0.0;0.0
item_cmpfunc.cc;2276;0.009999;0.009999;0.0;0.0
opt_context_store_replay.cc;674;0.009999;0.009999;0.0;0.0
table_cache.cc;106;0.009999;0.009999;0.0;0.0
item_cmpfunc.cc;521;0.009999;0.009999;0.0;0.0
sql_parse.cc;3767;0.009999;0.009999;0.0;0.0
sql_select.cc;7963;0.009999;0.009999;0.0;0.0
sql_select.cc;33928;0.009999;0.009999;0.0;0.0
sql_bitmap.h;223;0.009999;0.009999;0.0;0.0
mdl.cc;2709;0.009999;0.009999;0.0;0.0
sql_base.cc;2451;0.009999;0.009999;0.0;0.0
protocol.cc;561;0.009999;0.009999;0.0;0.0
sql_list.h;438;0.009999;0.009999;0.0;0.0
sql_select.cc;1501;0.009999;0.009999;0.0;0.0
sql_class.cc;6490;0.009999;0.009999;0.0;0.0
sql_statistics.cc;4165;0.009999;0.009999;0.0;0.0
hp_hash.c;355;0.009999;0.009999;0.0;0.0
structs.h;517;0.009999;0.009999;0.0;0.0
table.cc;6051;0.009999;0.009999;0.0;0.0
sql_select.cc;11710;0.009999;0.009999;0.0;0.0
hash.c;50;0.009999;0.009999;0.0;0.0
sql_prepare.cc;3224;0.009999;0.009999;0.0;0.0
sql_select.cc;13399;0.009999;0.009999;0.0;0.0
row0sel.cc;4850;0.009999;0.009999;0.0;0.0
my_json_writer.h;454;0.009999;0.009999;0.0;0.0
sql_union.cc;3003;0.009999;0.009999;0.0;0.0
item_func.cc;412;0.009999;0.009999;0.0;0.0
item_cmpfunc.cc;404;0.009999;0.009999;0.0;0.0
s_ceil-sse4_1.S;31;0.009999;0.009999;0.0;0.0
sql_select.cc;17583;0.009999;0.009999;0.0;0.0
sql_parse.cc;3905;0.009999;0.009999;0.0;0.0
item_cmpfunc.h;1157;0.009999;0.009999;0.0;0.0
sql_audit.cc;136;0.009999;0.009999;0.0;0.0
sql_class.h;4168;0.009999;0.009999;0.0;0.0
sql_class.h;6520;0.009999;0.009999;0.0;0.0
my_malloc.c;220;0.009999;0.009999;0.0;0.0
field.cc;2356;0.009999;0.009999;0.0;0.0
multi_range_read.cc;185;0.009999;0.009999;0.0;0.0
rem0rec.inl;137;0.009999;0.009999;0.0;0.0
handler.cc;3850;0.009999;0.009999;0.0;0.0
int2str.c;120;0.009999;0.009999;0.0;0.0
sql_select.h;1221;0.009999;0.009999;0.0;0.0
sql_prepare.cc;3185;0.009999;0.009999;0.0;0.0
field.cc;1135;0.009999;0.009999;0.0;0.0
sql_select.cc;6373;0.009999;0.009999;0.0;0.0
sql_select.cc;13726;0.009999;0.009999;0.0;0.0
opt_range_mrr.cc;336;0.009999;0.009999;0.0;0.0
filesort_utils.h;208;0.009999;0.009999;0.0;0.0
row0sel.cc;5033;0.009999;0.009999;0.0;0.0
log.cc;9204;0.009999;0.009999;0.0;0.0
sql_cte.cc;1409;0.009999;0.009999;0.0;0.0
strmake.c;36;0.009999;0.009999;0.0;0.0
sql_parse.cc;1684;0.009999;0.009999;0.0;0.0
row0sel.cc;4750;0.009999;0.009999;0.0;0.0
item.cc;6750;0.009999;0.009999;0.0;0.0
page0cur.cc;222;0.009999;0.009999;0.0;0.0
item.cc;6747;0.009999;0.009999;0.0;0.0
my_alloc.c;405;0.009999;0.009999;0.0;0.0
item.h;1271;0.009999;0.009999;0.0;0.0
row0sel.cc;5506;0.009999;0.009999;0.0;0.0
ha_innodb.cc;16728;0.009999;0.009999;0.0;0.0
sql_select.cc;14825;0.009999;0.009999;0.0;0.0
item.cc;4458;0.009999;0.009999;0.0;0.0
opt_hints.cc;1834;0.009999;0.009999;0.0;0.0
protocol.cc;1745;0.009999;0.009999;0.0;0.0
ha_innodb.cc;7514;0.009999;0.009999;0.0;0.0
my_bitmap.c;574;0.009999;0.009999;0.0;0.0
ha_innodb.cc;9422;0.009999;0.009999;0.0;0.0
opt_range.cc;2858;0.009999;0.009999;0.0;0.0
opt_range.cc;2645;0.009999;0.009999;0.0;0.0
mdl.h;875;0.009999;0.009999;0.0;0.0
row0mysql.cc;1016;0.009999;0.009999;0.0;0.0
filesort.cc;1534;0.009999;0.009999;0.0;0.0
lf_hash.cc;412;0.009999;0.009999;0.0;0.0
sql_explain.cc;141;0.009999;0.009999;0.0;0.0
handler.h;4393;0.009999;0.009999;0.0;0.0
protocol.cc;1103;0.009999;0.009999;0.0;0.0
sql_select.cc;12546;0.009999;0.009999;0.0;0.0
lf_hash.cc;456;0.009999;0.009999;0.0;0.0
sql_select.cc;7012;0.009999;0.009999;0.0;0.0
item.h;3985;0.009999;0.009999;0.0;0.0
array.c;102;0.009999;0.009999;0.0;0.0
sql_base.cc;4930;0.009999;0.009999;0.0;0.0
opt_range.h;1315;0.009999;0.009999;0.0;0.0
sql_select.cc;4368;0.009999;0.009999;0.0;0.0
page0cur.cc;590;0.009999;0.009999;0.0;0.0
strcoll.inl;237;0.009999;0.009999;0.0;0.0
sql_base.cc;4491;0.009999;0.009999;0.0;0.0
opt_range.cc;10864;0.009999;0.009999;0.0;0.0
sql_select.cc;6832;0.009999;0.009999;0.0;0.0
row0sel.cc;5770;0.009999;0.009999;0.0;0.0
btr0cur.cc;4984;0.009999;0.009999;0.0;0.0
mdl.cc;2410;0.009999;0.009999;0.0;0.0
filesort_utils.cc;69;0.009999;0.009999;0.0;0.0
row0sel.cc;3869;0.009999;0.009999;0.0;0.0
row0sel.cc;3750;0.009999;0.009999;0.0;0.0
field.h;1199;0.009999;0.009999;0.0;0.0
sql_select.cc;5200;0.009999;0.009999;0.0;0.0
records.cc;374;0.009999;0.009999;0.0;0.0
sql_base.cc;8249;0.009999;0.009999;0.0;0.0
item.cc;5139;0.009999;0.009999;0.0;0.0
sql_array.h;131;0.009999;0.009999;0.0;0.0
sql_class.cc;4889;0.009999;0.009999;0.0;0.0
table.h;1771;0.009999;0.009999;0.0;0.0
item.h;2934;0.009999;0.009999;0.0;0.0
sql_base.cc;2362;0.009999;0.009999;0.0;0.0
mdl.cc;2548;0.009999;0.009999;0.0;0.0
sql_select.cc;12551;0.009999;0.009999;0.0;0.0
sql_cte.cc;1397;0.009999;0.009999;0.0;0.0
opt_range.h;715;0.009999;0.009999;0.0;0.0
mdl.cc;3730;0.009999;0.009999;0.0;0.0
sql_parse.cc;3553;0.009999;0.009999;0.0;0.0
item.cc;3935;0.009999;0.009999;0.0;0.0
sql_list.h;154;0.009999;0.009999;0.0;0.0
my_alloc.c;515;0.009999;0.009999;0.0;0.0
sql_prepare.cc;3651;0.009999;0.009999;0.0;0.0
protocol.cc;211;0.009999;0.009999;0.0;0.0
sql_select.cc;18964;0.009999;0.009999;0.0;0.0
decimal.c;140;0.009999;0.009999;0.0;0.0
sql_select.cc;16828;0.009999;0.009999;0.0;0.0
row0sel.cc;5862;0.009999;0.009999;0.0;0.0
opt_context_store_replay.cc;2391;0.009999;0.009999;0.0;0.0
sql_select.cc;1960;0.009999;0.009999;0.0;0.0
memmove-vec-unaligned-erms.S;409;0.009999;0.009999;0.0;0.0
opt_range.cc;12992;0.009999;0.009999;0.0;0.0
select_result.h;89;0.009999;0.009999;0.0;0.0
buf0lru.cc;730;0.009999;0.009999;0.0;0.0
sql_select.h;847;0.009999;0.009999;0.0;0.0
item.h;6157;0.009999;0.009999;0.0;0.0
sql_select.cc;1395;0.009999;0.009999;0.0;0.0
sql_select.cc;17137;0.009999;0.009999;0.0;0.0
mysqld.cc;742;0.009999;0.009999;0.0;0.0
my_alloc.c;424;0.009999;0.009999;0.0;0.0
sql_select.cc;3097;0.009999;0.009999;0.0;0.0
handler.cc;3849;0.009999;0.009999;0.0;0.0
item.cc;3769;0.009999;0.009999;0.0;0.0
handler.cc;8051;0.009999;0.009999;0.0;0.0
sql_select.cc;5875;0.009999;0.009999;0.0;0.0
item_func.cc;148;0.009999;0.009999;0.0;0.0
sql_acl.cc;10309;0.009999;0.009999;0.0;0.0
table.cc;6043;0.009999;0.009999;0.0;0.0
item.h;1875;0.009999;0.009999;0.0;0.0
multi_range_read.cc;1152;0.009999;0.009999;0.0;0.0
sql_select.cc;25340;0.009999;0.009999;0.0;0.0
sql_select.cc;21986;0.009999;0.009999;0.0;0.0
sql_select.cc;17684;0.009999;0.009999;0.0;0.0
sql_select.cc;31095;0.009999;0.009999;0.0;0.0
sql_select.cc;7941;0.009999;0.009999;0.0;0.0
privilege.h;212;0.009999;0.009999;0.0;0.0
sql_prepare.cc;3324;0.009999;0.009999;0.0;0.0
mdl.cc;2439;0.009999;0.009999;0.0;0.0
row0sel.cc;4472;0.009999;0.009999;0.0;0.0
rem0rec.cc;433;0.009999;0.009999;0.0;0.0
sql_explain.h;788;0.009999;0.009999;0.0;0.0
row0sel.cc;5811;0.009999;0.009999;0.0;0.0
sql_select.cc;7137;0.009999;0.009999;0.0;0.0
opt_range.h;1022;0.009999;0.009999;0.0;0.0
sql_base.cc;8169;0.009999;0.009999;0.0;0.0
mdl.cc;1731;0.009999;0.009999;0.0;0.0
sql_parse.cc;1431;0.009999;0.009999;0.0;0.0
sql_type.h;5724;0.009999;0.009999;0.0;0.0
net_serv.cc;905;0.009999;0.009999;0.0;0.0
sql_select.cc;12494;0.009999;0.009999;0.0;0.0
lf_alloc-pin.c;248;0.009999;0.009999;0.0;0.0
sql_select.cc;2496;0.009999;0.009999;0.0;0.0
buf0buf.cc;2738;0.009999;0.009999;0.0;0.0
sql_union.cc;2971;0.009999;0.009999;0.0;0.0
my_getsystime.c;54;0.009999;0.009999;0.0;0.0
sql_select.cc;13204;0.009999;0.009999;0.0;0.0
sql_select.cc;25845;0.009999;0.009999;0.0;0.0
opt_range.cc;10014;0.009999;0.009999;0.0;0.0
ha_innodb.cc;7338;0.009999;0.009999;0.0;0.0
sql_db.cc;1888;0.009999;0.009999;0.0;0.0
hash.c;277;0.009999;0.009999;0.0;0.0
memmove-vec-unaligned-erms.S;311;0.009999;0.009999;0.0;0.0
sql_string.h;111;0.009999;0.009999;0.0;0.0
ha_heap.cc;419;0.009999;0.009999;0.0;0.0
sql_select.cc;34529;0.009999;0.009999;0.0;0.0
sql_prepare.cc;5504;0.009999;0.009999;0.0;0.0
sql_select.cc;5832;0.009999;0.009999;0.0;0.0
sql_base.cc;1001;0.009999;0.009999;0.0;0.0
sql_lex.cc;5583;0.009999;0.009999;0.0;0.0
sql_prepare.cc;4757;0.009999;0.009999;0.0;0.0
sql_cache.cc;1070;0.009999;0.009999;0.0;0.0
sql_select.cc;2870;0.009999;0.009999;0.0;0.0
ha_innodb.cc;7179;0.009999;0.009999;0.0;0.0
sql_class.cc;4926;0.009999;0.009999;0.0;0.0
sql_select.cc;972;0.009999;0.009999;0.0;0.0
sql_select.cc;4351;0.009999;0.009999;0.0;0.0
malloc.c;4199;0.009999;0.009999;0.0;0.0
sql_class.h;6096;0.009999;0.009999;0.0;0.0
sql_select.cc;13905;0.009999;0.009999;0.0;0.0
sql_union.cc;2770;0.009999;0.009999;0.0;0.0
lock.cc;856;0.009999;0.009999;0.0;0.0
item_func.cc;362;0.009999;0.009999;0.0;0.0
sql_select.cc;7862;0.009999;0.009999;0.0;0.0
sql_select.cc;1830;0.009999;0.009999;0.0;0.0
field.h;1208;0.009999;0.009999;0.0;0.0
my_vsnprintf.c;634;0.009999;0.009999;0.0;0.0
table.h;1765;0.009999;0.009999;0.0;0.0
row0sel.cc;4902;0.009999;0.009999;0.0;0.0
table.cc;11229;0.009999;0.009999;0.0;0.0
handler.cc;1460;0.009999;0.009999;0.0;0.0
lf_hash.cc;127;0.009999;0.009999;0.0;0.0
sql_base.cc;1002;0.009999;0.009999;0.0;0.0
sql_select.cc;1831;0.009999;0.009999;0.0;0.0
sp_cache.cc;261;0.009999;0.009999;0.0;0.0
field.cc;8071;0.009999;0.009999;0.0;0.0
my_bitmap.c;202;0.009999;0.009999;0.0;0.0
sql_lex.cc;5701;0.009999;0.009999;0.0;0.0
sql_select.cc;17854;0.009999;0.009999;0.0;0.0
net_serv.cc;727;0.009999;0.009999;0.0;0.0
sql_select.cc;6423;0.009999;0.009999;0.0;0.0
sql_select.cc;3211;0.009999;0.009999;0.0;0.0
sql_select.cc;7849;0.009999;0.009999;0.0;0.0
ha_innodb.cc;9040;0.009999;0.009999;0.0;0.0
item_cmpfunc.h;238;0.009999;0.009999;0.0;0.0
sql_type.cc;1931;0.009999;0.009999;0.0;0.0
item.cc;11833;0.009999;0.009999;0.0;0.0
sql_class.cc;3337;0.009999;0.009999;0.0;0.0
sql_acl.cc;9944;0.009999;0.009999;0.0;0.0
memmove-vec-unaligned-erms.S;406;0.009999;0.009999;0.0;0.0
item_func.cc;545;0.009999;0.009999;0.0;0.0
opt_range.cc;1212;0.009999;0.009999;0.0;0.0
sql_class.h;5828;0.009999;0.009999;0.0;0.0
transaction.cc;110;0.009999;0.009999;0.0;0.0
sql_select.cc;14516;0.009999;0.009999;0.0;0.0
sql_class.h;1368;0.009999;0.009999;0.0;0.0
sql_select.cc;24172;0.009999;0.009999;0.0;0.0
opt_range.cc;8864;0.009999;0.009999;0.0;0.0
malloc.c;4132;0.009999;0.009999;0.0;0.0
pfs.cc;2517;0.009999;0.009999;0.0;0.0
sql_class.cc;6993;0.009999;0.009999;0.0;0.0
item.h;4758;0.009999;0.009999;0.0;0.0
table.h;3190;0.009999;0.009999;0.0;0.0
dict0dict.inl;170;0.009999;0.009999;0.0;0.0
field.h;2286;0.009999;0.009999;0.0;0.0
poll2.h;44;0.009998;0.009998;0.0;0.0
sql_class.h;7638;0.009998;0.009998;0.0;0.0
item_cmpfunc.cc;7375;0.009998;0.009998;0.0;0.0
sql_select.cc;17460;0.009998;0.009998;0.0;0.0
sql_select.cc;10972;0.009998;0.009998;0.0;0.0
pthread_mutex_lock.c;74;0.009998;0.009998;0.0;0.0
sql_prepare.cc;3585;0.009998;0.009998;0.0;0.0
sql_list.h;824;0.009998;0.009998;0.0;0.0
sql_explain.cc;81;0.009998;0.009998;0.0;0.0
sql_select.cc;27590;0.009998;0.009998;0.0;0.0
pthread_mutex_trylock.c;67;0.009998;0.009998;0.0;0.0
mysqld.cc;742;0.009998;0.009998;0.0;0.0
sql_parse.cc;6685;0.009998;0.009998;0.0;0.0
malloc.c;4340;0.009998;0.009998;0.0;0.0
lf_alloc-pin.c;299;0.009998;0.009998;0.0;0.0
malloc.c;4368;0.009998;0.009998;0.0;0.0
sql_base.cc;4684;0.009998;0.009998;0.0;0.0
sql_select.cc;5614;0.009998;0.009998;0.0;0.0
sql_parse.cc;6229;0.009998;0.009998;0.0;0.0
malloc.c;4075;0.009998;0.009998;0.0;0.0
sql_select.cc;2496;0.009998;0.009998;0.0;0.0
filesort_utils.h;284;0.009998;0.009998;0.0;0.0
sql_explain.cc;52;0.009998;0.009998;0.0;0.0
strchr-avx2.S;53;0.009998;0.009998;0.0;0.0
filesort.cc;2850;0.009998;0.009998;0.0;0.0
sql_type.cc;5951;0.009998;0.009998;0.0;0.0
hp_write.c;238;0.009998;0.009998;0.0;0.0
item.h;1246;0.009998;0.009998;0.0;0.0
ha_innodb.cc;9475;0.009998;0.009998;0.0;0.0
opt_range.cc;9803;0.009998;0.009998;0.0;0.0
opt_range.cc;2152;0.009998;0.009998;0.0;0.0
mf_dirname.c;34;0.009998;0.009998;0.0;0.0
my_malloc.c;95;0.009998;0.009998;0.0;0.0
row0sel.cc;5621;0.009998;0.009998;0.0;0.0
sql_select.cc;19594;0.009998;0.009998;0.0;0.0
item.cc;3772;0.009998;0.009998;0.0;0.0
row0sel.cc;3860;0.009998;0.009998;0.0;0.0
opt_range.cc;9496;0.009998;0.009998;0.0;0.0
sql_class.cc;2607;0.009998;0.009998;0.0;0.0
item.h;2255;0.009998;0.009998;0.0;0.0
sql_select.cc;7399;0.009998;0.009998;0.0;0.0
sql_select.h;1149;0.009998;0.009998;0.0;0.0
page0cur.cc;883;0.009998;0.009998;0.0;0.0
protocol.cc;1463;0.009998;0.009998;0.0;0.0
sql_select.cc;13415;0.009998;0.009998;0.0;0.0
sql_select.cc;29644;0.009998;0.009998;0.0;0.0
handler.cc;2279;0.009998;0.009998;0.0;0.0
table.cc;9010;0.009998;0.009998;0.0;0.0
sql_select.cc;31403;0.009998;0.009998;0.0;0.0
sql_select.cc;34846;0.009998;0.009998;0.0;0.0
opt_range.cc;9470;0.009998;0.009998;0.0;0.0
multi_range_read.cc;1458;0.009998;0.009998;0.0;0.0
page0cur.cc;561;0.009998;0.009998;0.0;0.0
sql_select.cc;24987;0.009998;0.009998;0.0;0.0
sql_class.h;6429;0.009998;0.009998;0.0;0.0
mdl.cc;2715;0.009998;0.009998;0.0;0.0
filesort_utils.h;230;0.009998;0.009998;0.0;0.0
ha_heap.cc;421;0.009998;0.009998;0.0;0.0
sql_queue.h;29;0.009998;0.009998;0.0;0.0
item.h;768;0.009998;0.009998;0.0;0.0
sql_base.cc;9191;0.009998;0.009998;0.0;0.0
strings_def.h;91;0.009998;0.009998;0.0;0.0
records.cc;277;0.009998;0.009998;0.0;0.0
item_func.h;207;0.009998;0.009998;0.0;0.0
item.h;5996;0.009998;0.009998;0.0;0.0
filesort.cc;2158;0.009998;0.009998;0.0;0.0
sql_list.h;60;0.009998;0.009998;0.0;0.0
sql_select.h;969;0.009998;0.009998;0.0;0.0
sql_union.cc;2919;0.009998;0.009998;0.0;0.0
decimal.c;1090;0.009998;0.009998;0.0;0.0
net_serv.cc;694;0.009998;0.009998;0.0;0.0
sql_select.cc;13379;0.009997;0.009997;0.0;0.0
my_alloc.c;425;0.009997;0.009997;0.0;0.0
sql_select.cc;5266;0.009997;0.009997;0.0;0.0
protocol.cc;1730;0.009997;0.009997;0.0;0.0
my_thr_init.c;371;0.009997;0.009997;0.0;0.0
strcmp-avx2.S;274;0.009997;0.009997;0.0;0.0
sql_select.cc;24787;0.009997;0.009997;0.0;0.0
sql_select.cc;32900;0.009997;0.009997;0.0;0.0
rem0rec.cc;406;0.009997;0.009997;0.0;0.0
field.cc;1143;0.009997;0.009997;0.0;0.0
opt_context_store_replay.cc;689;0.009997;0.009997;0.0;0.0
key.cc;516;0.009997;0.009997;0.0;0.0
hash.c;234;0.009997;0.009997;0.0;0.0
item.cc;6629;0.009997;0.009997;0.0;0.0
sql_lex.cc;5616;0.009997;0.009997;0.0;0.0
table.cc;6063;0.009997;0.009997;0.0;0.0
opt_split.cc;407;0.009997;0.009997;0.0;0.0
ctype-mb.c;258;0.009997;0.009997;0.0;0.0
sql_select.cc;31446;0.009997;0.009997;0.0;0.0
item.h;832;0.009997;0.009997;0.0;0.0
sql_class.h;1388;0.009997;0.009997;0.0;0.0
ha_innodb.cc;20852;0.009997;0.009997;0.0;0.0
sql_prepare.cc;4758;0.009997;0.009997;0.0;0.0
filesort.h;125;0.009997;0.009997;0.0;0.0
sql_select.cc;20429;0.009997;0.009997;0.0;0.0
sql_select.cc;560;0.009997;0.009997;0.0;0.0
sql_select.cc;2030;0.009997;0.009997;0.0;0.0
sql_select.cc;7759;0.009997;0.009997;0.0;0.0
item.cc;3941;0.009997;0.009997;0.0;0.0
my_alloc.c;525;0.009997;0.009997;0.0;0.0
opt_range.cc;7973;0.009997;0.009997;0.0;0.0
arena.c;145;0.009997;0.009997;0.0;0.0
mf_qsort.c;116;0.009997;0.009997;0.0;0.0
sql_parse.cc;6133;0.009997;0.009997;0.0;0.0
sql_select.cc;12244;0.009997;0.009997;0.0;0.0
sql_select.cc;1916;0.009997;0.009997;0.0;0.0
opt_trace.cc;62;0.009997;0.009997;0.0;0.0
protocol.cc;1052;0.009997;0.009997;0.0;0.0
item_cmpfunc.cc;2282;0.009997;0.009997;0.0;0.0
opt_range.cc;2318;0.009997;0.009997;0.0;0.0
sql_list.h;295;0.009997;0.009997;0.0;0.0
handler.cc;3867;0.009997;0.009997;0.0;0.0
sql_select.cc;9592;0.009997;0.009997;0.0;0.0
sql_select.cc;1733;0.009996;0.009996;0.0;0.0
records.cc;399;0.009996;0.009996;0.0;0.0
sql_base.cc;5806;0.009996;0.009996;0.0;0.0
page0cur.cc;516;0.009996;0.009996;0.0;0.0
mf_pack.c;456;0.009996;0.009996;0.0;0.0
table.cc;3981;0.009996;0.009996;0.0;0.0
sql_plist.h;194;0.009996;0.009996;0.0;0.0
opt_range.cc;1256;0.009996;0.009996;0.0;0.0
sql_base.cc;4570;0.009996;0.009996;0.0;0.0
decimal.c;1101;0.009996;0.009996;0.0;0.0
lf_hash.cc;540;0.009995;0.009995;0.0;0.0
btr0pcur.cc;347;0.009991;0.009991;0.0;0.0
sql_select.cc;2499;0.009991;0.009991;0.0;0.0
sql_lex.cc;5828;0.009983;0.009983;0.0;0.0
sql_lex.h;1002;0.009001;0.009001;0.0;0.0
sql_select.cc;3771;0.009001;0.009001;0.0;0.0
item_sum.cc;353;0.009001;0.009001;0.0;0.0
sql_select.cc;25166;0.009001;0.009001;0.0;0.0
item_sum.cc;1668;0.009000;0.009000;0.0;0.0
mysql_socket.h;304;0.009000;0.009000;0.0;0.0
btr0pcur.cc;477;0.009000;0.009000;0.0;0.0
net_serv.cc;631;0.009000;0.009000;0.0;0.0
sql_select.cc;13136;0.009000;0.009000;0.0;0.0
btr0cur.cc;1110;0.009000;0.009000;0.0;0.0
item_func.cc;541;0.009000;0.009000;0.0;0.0
sql_select.cc;13252;0.009000;0.009000;0.0;0.0
records.cc;189;0.009000;0.009000;0.0;0.0
my_alloc.c;150;0.009000;0.009000;0.0;0.0
sql_select.cc;33925;0.009000;0.009000;0.0;0.0
sql_prepare.cc;3649;0.009000;0.009000;0.0;0.0
page0cur.cc;134;0.009000;0.009000;0.0;0.0
trx0trx.cc;1543;0.009000;0.009000;0.0;0.0
page0cur.cc;338;0.008999;0.008999;0.0;0.0
sql_select.cc;17016;0.008999;0.008999;0.0;0.0
sql_audit.h;319;0.008999;0.008999;0.0;0.0
sql_prepare.cc;4863;0.008999;0.008999;0.0;0.0
sql_select.cc;29973;0.008999;0.008999;0.0;0.0
sql_parse.cc;6845;0.008999;0.008999;0.0;0.0
item_cmpfunc.cc;7441;0.008999;0.008999;0.0;0.0
opt_range_mrr.cc;170;0.008999;0.008999;0.0;0.0
sql_select.cc;2595;0.008999;0.008999;0.0;0.0
item.cc;7010;0.008999;0.008999;0.0;0.0
page0page.cc;1320;0.008999;0.008999;0.0;0.0
item_cmpfunc.cc;794;0.008999;0.008999;0.0;0.0
sql_select.cc;1489;0.008998;0.008998;0.0;0.0
sql_base.cc;1071;0.008998;0.008998;0.0;0.0
sql_parse.cc;5558;0.008998;0.008998;0.0;0.0
sql_select.cc;7936;0.008997;0.008997;0.0;0.0
row0sel.cc;3856;0.008975;0.008975;0.0;0.0
