Source File;Source Line;CPU Time;CPU Time:Effective Time;CPU Time:Spin Time;CPU Time:Overhead Time
[Unknown source file];[Unknown];44.319237;44.319237;0.0;0.0
syscall_cancel.S;56;22.695070;22.695070;0.0;0.0
syscall.S;38;7.953484;7.953484;0.0;0.0
page0cur.cc;103;5.128969;5.128969;0.0;0.0
page0cur.cc;85;2.668994;2.668994;0.0;0.0
smmintrin.h;843;1.237101;1.237101;0.0;0.0
my_byteorder.h;92;1.110986;1.110986;0.0;0.0
my_byteorder.h;56;1.029988;1.029988;0.0;0.0
srw_lock.h;332;0.893005;0.893005;0.0;0.0
pthread_mutex_lock.c;137;0.850000;0.850000;0.0;0.0
atomic_base.h;641;0.741010;0.741010;0.0;0.0
stl_algobase.h;239;0.703997;0.703997;0.0;0.0
pthread_mutex_lock.c;160;0.637978;0.637978;0.0;0.0
page0cur.cc;231;0.596976;0.596976;0.0;0.0
memcmp-avx2-movbe.S;416;0.572995;0.572995;0.0;0.0
sql_class.h;3514;0.547995;0.547995;0.0;0.0
pthread_mutex_lock.c;136;0.542002;0.542002;0.0;0.0
cancellation.c;38;0.510996;0.510996;0.0;0.0
pthread_mutex_unlock.c;359;0.480001;0.480001;0.0;0.0
srw_lock.h;295;0.450997;0.450997;0.0;0.0
ctype-utf8.h;149;0.448996;0.448996;0.0;0.0
lowlevellock.c;65;0.430000;0.430000;0.0;0.0
btr0cur.cc;1269;0.427004;0.427004;0.0;0.0
memcmp-avx2-movbe.S;167;0.418992;0.418992;0.0;0.0
string_fortified.h;29;0.409997;0.409997;0.0;0.0
my_alloc.c;271;0.379999;0.379999;0.0;0.0
memcmp-avx2-movbe.S;417;0.378998;0.378998;0.0;0.0
futex-internal.h;126;0.370003;0.370003;0.0;0.0
stl_algobase.h;239;0.360000;0.360000;0.0;0.0
string_fortified.h;59;0.348996;0.348996;0.0;0.0
row0mysql.cc;494;0.328991;0.328991;0.0;0.0
my_alloc.c;356;0.317994;0.317994;0.0;0.0
ctype-utf8.c;3015;0.309996;0.309996;0.0;0.0
rem0cmp.cc;329;0.300999;0.300999;0.0;0.0
item.cc;3768;0.289994;0.289994;0.0;0.0
page0cur.cc;580;0.270976;0.270976;0.0;0.0
rem0rec.cc;827;0.270003;0.270003;0.0;0.0
memmove-vec-unaligned-erms.S;392;0.269996;0.269996;0.0;0.0
buf0buf.h;1774;0.261000;0.261000;0.0;0.0
my_alloc.c;360;0.260001;0.260001;0.0;0.0
mysql_thread.h;775;0.260000;0.260000;0.0;0.0
mysql_stage.h;112;0.259998;0.259998;0.0;0.0
page0page.h;622;0.259997;0.259997;0.0;0.0
pthread_cond_signal.c;92;0.250000;0.250000;0.0;0.0
sql_select.cc;35016;0.230997;0.230997;0.0;0.0
memset-vec-unaligned-erms.S;326;0.230004;0.230004;0.0;0.0
syscall.S;42;0.210000;0.210000;0.0;0.0
buf0buf.h;1778;0.209997;0.209997;0.0;0.0
memmove-vec-unaligned-erms.S;378;0.201001;0.201001;0.0;0.0
pthread_mutex_lock.c;71;0.200997;0.200997;0.0;0.0
page0page.h;667;0.199997;0.199997;0.0;0.0
srw_lock.h;251;0.198013;0.198013;0.0;0.0
small_vector.h;37;0.191000;0.191000;0.0;0.0
sql_list.h;440;0.190996;0.190996;0.0;0.0
memmove-vec-unaligned-erms.S;377;0.190014;0.190014;0.0;0.0
hasher-mysql5x.c;23;0.190000;0.190000;0.0;0.0
pthread_mutex_lock.c;132;0.190000;0.190000;0.0;0.0
rem0cmp.cc;323;0.190000;0.190000;0.0;0.0
mtr0mtr.cc;587;0.189999;0.189999;0.0;0.0
srw_lock.h;251;0.189999;0.189999;0.0;0.0
viosocket.c;178;0.183996;0.183996;0.0;0.0
ctype.c;888;0.182998;0.182998;0.0;0.0
rem0cmp.cc;207;0.180999;0.180999;0.0;0.0
page0cur.cc;672;0.180003;0.180003;0.0;0.0
sql_type.h;5474;0.180001;0.180001;0.0;0.0
strings_def.h;222;0.179000;0.179000;0.0;0.0
sql_list.h;154;0.178997;0.178997;0.0;0.0
page0cur.cc;340;0.178001;0.178001;0.0;0.0
srw_lock.cc;435;0.177998;0.177998;0.0;0.0
strcoll.inl;229;0.171003;0.171003;0.0;0.0
sql_statistics.cc;3259;0.170001;0.170001;0.0;0.0
item.cc;6612;0.170000;0.170000;0.0;0.0
pthread_mutex_lock.c;128;0.170000;0.170000;0.0;0.0
srw_lock.h;162;0.170000;0.170000;0.0;0.0
small_vector.h;120;0.169999;0.169999;0.0;0.0
mysql_thread.h;745;0.169999;0.169999;0.0;0.0
ha_innodb.cc;16257;0.169997;0.169997;0.0;0.0
page0cur.cc;585;0.168998;0.168998;0.0;0.0
malloc.c;3790;0.168997;0.168997;0.0;0.0
btr0sea.cc;1698;0.167998;0.167998;0.0;0.0
sql_list.h;426;0.161998;0.161998;0.0;0.0
item_cmpfunc.cc;438;0.160998;0.160998;0.0;0.0
item_func.cc;418;0.160003;0.160003;0.0;0.0
buf0buf.h;1465;0.160002;0.160002;0.0;0.0
pthread_mutex_unlock.c;357;0.160002;0.160002;0.0;0.0
page0cur.cc;877;0.160000;0.160000;0.0;0.0
my_alloc.c;361;0.160000;0.160000;0.0;0.0
handler.cc;8044;0.159999;0.159999;0.0;0.0
sql_prepare.cc;354;0.159998;0.159998;0.0;0.0
buf0buf.inl;40;0.159998;0.159998;0.0;0.0
ha_innodb.cc;16611;0.159998;0.159998;0.0;0.0
fdatasync.c;28;0.154424;0.154424;0.0;0.0
ha_innodb.cc;2708;0.151998;0.151998;0.0;0.0
viosocket.c;255;0.150995;0.150995;0.0;0.0
ctype.c;900;0.149997;0.149997;0.0;0.0
sql_prepare.cc;3648;0.149996;0.149996;0.0;0.0
memmove-vec-unaligned-erms.S;376;0.149996;0.149996;0.0;0.0
clock_gettime.c;40;0.149996;0.149996;0.0;0.0
sql_class.cc;6161;0.149994;0.149994;0.0;0.0
opt_subselect.cc;6707;0.149000;0.149000;0.0;0.0
sql_parse.cc;2381;0.141002;0.141002;0.0;0.0
trx0purge.cc;1009;0.140007;0.140007;0.0;0.0
rem0cmp.cc;322;0.140001;0.140001;0.0;0.0
rem0rec.cc;898;0.140000;0.140000;0.0;0.0
ut0byte.h;92;0.140000;0.140000;0.0;0.0
rem0rec.h;605;0.140000;0.140000;0.0;0.0
mtr0log.h;425;0.139996;0.139996;0.0;0.0
malloc.c;3038;0.139996;0.139996;0.0;0.0
buf0buf.cc;2700;0.139007;0.139007;0.0;0.0
table.cc;10083;0.132000;0.132000;0.0;0.0
sql_list.h;428;0.130999;0.130999;0.0;0.0
sql_parse.cc;2491;0.130999;0.130999;0.0;0.0
mysql_thread.h;752;0.130996;0.130996;0.0;0.0
mtr0log.h;138;0.130004;0.130004;0.0;0.0
ha_innodb.cc;7369;0.130003;0.130003;0.0;0.0
item.cc;4932;0.130001;0.130001;0.0;0.0
malloc.c;3259;0.130000;0.130000;0.0;0.0
psi_noop.c;170;0.130000;0.130000;0.0;0.0
pthread_mutex_lock.c;126;0.130000;0.130000;0.0;0.0
sql_profile.h;322;0.130000;0.130000;0.0;0.0
sql_select.cc;13462;0.129999;0.129999;0.0;0.0
pthread_mutex_unlock.c;43;0.129997;0.129997;0.0;0.0
sql_prepare.cc;617;0.128994;0.128994;0.0;0.0
field.h;2887;0.128994;0.128994;0.0;0.0
net_serv.cc;898;0.127997;0.127997;0.0;0.0
ctype-bin.c;87;0.127996;0.127996;0.0;0.0
my_alloc.c;690;0.121004;0.121004;0.0;0.0
sql_parse.cc;1688;0.121001;0.121001;0.0;0.0
page0cur.cc;533;0.121001;0.121001;0.0;0.0
item.cc;3769;0.121000;0.121000;0.0;0.0
field.h;2704;0.120999;0.120999;0.0;0.0
malloc.c;3034;0.120998;0.120998;0.0;0.0
atomic_base.h;631;0.120002;0.120002;0.0;0.0
my_thr_init.c;371;0.120002;0.120002;0.0;0.0
opt_subselect.cc;5570;0.120000;0.120000;0.0;0.0
malloc.c;3319;0.120000;0.120000;0.0;0.0
pthread_mutex_unlock.c;358;0.120000;0.120000;0.0;0.0
item.h;1151;0.120000;0.120000;0.0;0.0
ctype-unidata.h;129;0.119999;0.119999;0.0;0.0
btr0cur.cc;1550;0.119999;0.119999;0.0;0.0
item.h;3927;0.119999;0.119999;0.0;0.0
sql_alloc.h;37;0.119999;0.119999;0.0;0.0
lf_hash.cc;115;0.119998;0.119998;0.0;0.0
poll2.h;44;0.119997;0.119997;0.0;0.0
my_alloc.c;314;0.119997;0.119997;0.0;0.0
mysql_statement.h;234;0.119996;0.119996;0.0;0.0
poll.c;43;0.119995;0.119995;0.0;0.0
sql_class.h;3505;0.119000;0.119000;0.0;0.0
field.h;2869;0.118999;0.118999;0.0;0.0
dict0mem.h;2832;0.118998;0.118998;0.0;0.0
lock.cc;379;0.118995;0.118995;0.0;0.0
buf0buf.cc;2704;0.112996;0.112996;0.0;0.0
srw_lock.cc;253;0.112002;0.112002;0.0;0.0
psi_noop.c;867;0.111003;0.111003;0.0;0.0
ha_innodb.cc;7225;0.111002;0.111002;0.0;0.0
buf0flu.cc;2384;0.111001;0.111001;0.0;0.0
pthread_getspecific.c;55;0.111001;0.111001;0.0;0.0
mdl.h;388;0.111001;0.111001;0.0;0.0
item_func.cc;143;0.110999;0.110999;0.0;0.0
item.cc;7495;0.110999;0.110999;0.0;0.0
srw_lock.h;162;0.110996;0.110996;0.0;0.0
atomic_base.h;477;0.110001;0.110001;0.0;0.0
mtr0mtr.cc;535;0.110000;0.110000;0.0;0.0
sql_list.h;154;0.109999;0.109999;0.0;0.0
srw_lock.h;295;0.109999;0.109999;0.0;0.0
row0sel.cc;3145;0.109999;0.109999;0.0;0.0
memmove-vec-unaligned-erms.S;255;0.109998;0.109998;0.0;0.0
atomic_base.h;501;0.109998;0.109998;0.0;0.0
sql_prepare.cc;4698;0.109997;0.109997;0.0;0.0
ha_innodb.cc;2653;0.109988;0.109988;0.0;0.0
buf0flu.cc;2409;0.109001;0.109001;0.0;0.0
malloc.c;3293;0.109000;0.109000;0.0;0.0
btr0cur.cc;2843;0.108999;0.108999;0.0;0.0
memmove-vec-unaligned-erms.S;396;0.108997;0.108997;0.0;0.0
lf_hash.cc;108;0.107997;0.107997;0.0;0.0
ha_innodb.cc;9320;0.106998;0.106998;0.0;0.0
sql_audit.cc;148;0.100998;0.100998;0.0;0.0
sql_class.cc;4413;0.100998;0.100998;0.0;0.0
page0cur.cc;643;0.100997;0.100997;0.0;0.0
buf0buf.cc;2738;0.100003;0.100003;0.0;0.0
sql_explain.cc;3037;0.100002;0.100002;0.0;0.0
my_json_writer.h;323;0.100002;0.100002;0.0;0.0
field.h;4189;0.100002;0.100002;0.0;0.0
opt_range.cc;9432;0.100001;0.100001;0.0;0.0
opt_vcol_substitution.cc;139;0.100000;0.100000;0.0;0.0
memmove-vec-unaligned-erms.S;334;0.100000;0.100000;0.0;0.0
sql_type.cc;5943;0.099999;0.099999;0.0;0.0
ha_innodb.cc;7340;0.099999;0.099999;0.0;0.0
mtr0mtr.cc;347;0.099999;0.099999;0.0;0.0
lf_hash.cc;305;0.099999;0.099999;0.0;0.0
protocol.cc;1199;0.099999;0.099999;0.0;0.0
ut0lst.h;347;0.099998;0.099998;0.0;0.0
mtr0log.h;124;0.099998;0.099998;0.0;0.0
sql_select.cc;29078;0.099998;0.099998;0.0;0.0
records.cc;184;0.099998;0.099998;0.0;0.0
page0cur.cc;276;0.099998;0.099998;0.0;0.0
item_cmpfunc.cc;1027;0.099998;0.099998;0.0;0.0
pthread_mutex_lock.c;115;0.099998;0.099998;0.0;0.0
clock_gettime.c;30;0.099998;0.099998;0.0;0.0
net_serv.cc;382;0.099997;0.099997;0.0;0.0
pthread_getspecific.c;24;0.099997;0.099997;0.0;0.0
memmove-vec-unaligned-erms.S;489;0.099997;0.099997;0.0;0.0
sql_base.cc;1629;0.099001;0.099001;0.0;0.0
sql_oracle_outer_join.cc;749;0.098999;0.098999;0.0;0.0
net_serv.cc;891;0.098998;0.098998;0.0;0.0
item.h;3864;0.098994;0.098994;0.0;0.0
lf_hash.cc;128;0.098002;0.098002;0.0;0.0
handler.cc;7728;0.098000;0.098000;0.0;0.0
strmake.c;36;0.091001;0.091001;0.0;0.0
rem0rec.h;131;0.091001;0.091001;0.0;0.0
page0page.h;664;0.091000;0.091000;0.0;0.0
ha_innodb.cc;15263;0.091000;0.091000;0.0;0.0
ctype-ascii.h;110;0.090999;0.090999;0.0;0.0
memmove-vec-unaligned-erms.S;266;0.090010;0.090010;0.0;0.0
ut0byte.h;92;0.090006;0.090006;0.0;0.0
item.h;4762;0.090001;0.090001;0.0;0.0
opt_vcol_substitution.cc;127;0.090000;0.090000;0.0;0.0
lf_dynarray.c;96;0.090000;0.090000;0.0;0.0
lock.cc;819;0.090000;0.090000;0.0;0.0
malloc.c;4407;0.090000;0.090000;0.0;0.0
send.c;28;0.090000;0.090000;0.0;0.0
sql_select.cc;972;0.090000;0.090000;0.0;0.0
condition_variable;167;0.090000;0.090000;0.0;0.0
pthread_mutex_lock.c;142;0.090000;0.090000;0.0;0.0
srw_lock.cc;327;0.090000;0.090000;0.0;0.0
lock0lock.h;709;0.090000;0.090000;0.0;0.0
malloc.c;3007;0.089999;0.089999;0.0;0.0
sql_class.cc;2332;0.089999;0.089999;0.0;0.0
handler.h;4967;0.089999;0.089999;0.0;0.0
sql_class.h;2037;0.089999;0.089999;0.0;0.0
strlen-avx2.S;85;0.089999;0.089999;0.0;0.0
field.h;1321;0.089999;0.089999;0.0;0.0
item.cc;4773;0.089999;0.089999;0.0;0.0
sql_parse.cc;3767;0.089999;0.089999;0.0;0.0
strlen-avx2.S;77;0.089999;0.089999;0.0;0.0
ha_innodb.cc;7337;0.089999;0.089999;0.0;0.0
pthread_mutex_lock.c;76;0.089998;0.089998;0.0;0.0
sql_base.cc;8363;0.089998;0.089998;0.0;0.0
rem0rec.inl;221;0.089998;0.089998;0.0;0.0
row0sel.cc;2956;0.089998;0.089998;0.0;0.0
sql_select.cc;29940;0.089998;0.089998;0.0;0.0
item.h;1289;0.089997;0.089997;0.0;0.0
sql_select.cc;34955;0.089997;0.089997;0.0;0.0
sql_prepare.cc;968;0.089996;0.089996;0.0;0.0
sql_base.cc;9165;0.089994;0.089994;0.0;0.0
sql_base.cc;1357;0.089994;0.089994;0.0;0.0
errno-loc.c;27;0.088998;0.088998;0.0;0.0
lf_hash.cc;125;0.088995;0.088995;0.0;0.0
mysqld.cc;3851;0.088995;0.088995;0.0;0.0
sql_class.cc;4402;0.084999;0.084999;0.0;0.0
sql_class.cc;4411;0.083003;0.083003;0.0;0.0
handler.cc;1443;0.082002;0.082002;0.0;0.0
lf_hash.cc;304;0.081999;0.081999;0.0;0.0
sql_base.cc;8483;0.081999;0.081999;0.0;0.0
sql_list.h;427;0.081997;0.081997;0.0;0.0
ha_innodb.cc;2706;0.081001;0.081001;0.0;0.0
srw_lock.h;362;0.081000;0.081000;0.0;0.0
atomic_base.h;501;0.080998;0.080998;0.0;0.0
sql_select.cc;1572;0.080997;0.080997;0.0;0.0
table.cc;8312;0.080997;0.080997;0.0;0.0
sql_prepare.cc;3649;0.080996;0.080996;0.0;0.0
temporary_tables.cc;519;0.080003;0.080003;0.0;0.0
lf_hash.cc;493;0.080002;0.080002;0.0;0.0
opt_range_mrr.cc;156;0.080002;0.080002;0.0;0.0
memmove-vec-unaligned-erms.S;332;0.080002;0.080002;0.0;0.0
sql_base.cc;8361;0.080001;0.080001;0.0;0.0
cleanup_compat.c;40;0.080001;0.080001;0.0;0.0
sql_class.cc;6490;0.080001;0.080001;0.0;0.0
sql_bitmap.h;78;0.080001;0.080001;0.0;0.0
buf0lru.cc;719;0.080000;0.080000;0.0;0.0
strcoll.inl;234;0.080000;0.080000;0.0;0.0
malloc.c;3039;0.080000;0.080000;0.0;0.0
handler.cc;8000;0.080000;0.080000;0.0;0.0
send.c;32;0.080000;0.080000;0.0;0.0
ha_innodb.cc;7480;0.080000;0.080000;0.0;0.0
lf_hash.cc;111;0.080000;0.080000;0.0;0.0
sql_select.cc;13142;0.080000;0.080000;0.0;0.0
pthread_mutex_backoff.h;36;0.080000;0.080000;0.0;0.0
os0file.cc;3201;0.080000;0.080000;0.0;0.0
memmove-vec-unaligned-erms.S;464;0.080000;0.080000;0.0;0.0
rem0rec.cc;920;0.080000;0.080000;0.0;0.0
mtr0mtr.cc;595;0.080000;0.080000;0.0;0.0
hash.c;234;0.080000;0.080000;0.0;0.0
m_ctype.h;1154;0.080000;0.080000;0.0;0.0
buf0buf.cc;2790;0.079999;0.079999;0.0;0.0
viosocket.c;980;0.079999;0.079999;0.0;0.0
small_vector.h;42;0.079999;0.079999;0.0;0.0
item.h;4565;0.079999;0.079999;0.0;0.0
sql_select.cc;14387;0.079999;0.079999;0.0;0.0
viosocket.c;982;0.079999;0.079999;0.0;0.0
buf0buf.cc;2829;0.079998;0.079998;0.0;0.0
field.cc;7812;0.079998;0.079998;0.0;0.0
page0page.h;622;0.079998;0.079998;0.0;0.0
sql_base.cc;4483;0.079998;0.079998;0.0;0.0
sql_base.cc;5190;0.079997;0.079997;0.0;0.0
dict0dict.cc;443;0.079997;0.079997;0.0;0.0
rem0rec.h;622;0.079997;0.079997;0.0;0.0
sql_prepare.cc;423;0.079996;0.079996;0.0;0.0
opt_context_store_replay.cc;2390;0.079995;0.079995;0.0;0.0
ha_innodb.cc;9328;0.079001;0.079001;0.0;0.0
sql_base.cc;4776;0.079000;0.079000;0.0;0.0
sql_lex.cc;5138;0.079000;0.079000;0.0;0.0
item_cmpfunc.cc;421;0.078999;0.078999;0.0;0.0
errno-loc.c;25;0.078998;0.078998;0.0;0.0
page0page.h;622;0.078997;0.078997;0.0;0.0
row0upd.cc;2649;0.078997;0.078997;0.0;0.0
memset-vec-unaligned-erms.S;350;0.078996;0.078996;0.0;0.0
rem0rec.cc;688;0.078995;0.078995;0.0;0.0
ha_innodb.cc;5337;0.077999;0.077999;0.0;0.0
mysql_stage.h;112;0.077994;0.077994;0.0;0.0
sql_base.cc;9808;0.071006;0.071006;0.0;0.0
item_func.cc;157;0.071002;0.071002;0.0;0.0
sql_parse.cc;1659;0.071001;0.071001;0.0;0.0
mysqld.cc;1242;0.071000;0.071000;0.0;0.0
item.h;1251;0.070998;0.070998;0.0;0.0
field.h;1199;0.070998;0.070998;0.0;0.0
my_alloc.c;490;0.070998;0.070998;0.0;0.0
futex-internal.h;189;0.070010;0.070010;0.0;0.0
mach0data.inl;206;0.070004;0.070004;0.0;0.0
srw_lock.cc;253;0.070004;0.070004;0.0;0.0
trx0rseg.h;173;0.070003;0.070003;0.0;0.0
item.cc;587;0.070002;0.070002;0.0;0.0
btr0cur.cc;1471;0.070002;0.070002;0.0;0.0
poll.c;29;0.070002;0.070002;0.0;0.0
item.cc;3770;0.070001;0.070001;0.0;0.0
sql_select.cc;17472;0.070001;0.070001;0.0;0.0
sql_parse.cc;3500;0.070001;0.070001;0.0;0.0
ctype-utf8.h;142;0.070001;0.070001;0.0;0.0
sql_plist.h;98;0.070001;0.070001;0.0;0.0
item_func.cc;533;0.070001;0.070001;0.0;0.0
sql_class.h;4911;0.070001;0.070001;0.0;0.0
malloc.c;4368;0.070001;0.070001;0.0;0.0
lf_hash.cc;298;0.070001;0.070001;0.0;0.0
sql_lex.h;4964;0.070001;0.070001;0.0;0.0
item.cc;6910;0.070001;0.070001;0.0;0.0
sql_cache.cc;2220;0.070001;0.070001;0.0;0.0
item.h;1742;0.070001;0.070001;0.0;0.0
sql_parse.cc;2450;0.070000;0.070000;0.0;0.0
memmove-vec-unaligned-erms.S;387;0.070000;0.070000;0.0;0.0
field.h;1706;0.070000;0.070000;0.0;0.0
field.h;923;0.070000;0.070000;0.0;0.0
sql_explain.cc;3046;0.070000;0.070000;0.0;0.0
net_serv.cc;631;0.070000;0.070000;0.0;0.0
mysqld.cc;3790;0.070000;0.070000;0.0;0.0
dict0dict.inl;170;0.070000;0.070000;0.0;0.0
sql_class.h;5831;0.070000;0.070000;0.0;0.0
mysql_thread.h;785;0.070000;0.070000;0.0;0.0
sp_cache.cc;258;0.070000;0.070000;0.0;0.0
trx0rec.cc;513;0.070000;0.070000;0.0;0.0
srw_lock.cc;255;0.070000;0.070000;0.0;0.0
buf0buf.cc;2790;0.070000;0.070000;0.0;0.0
sql_class.cc;1019;0.070000;0.070000;0.0;0.0
sql_type.h;4266;0.070000;0.070000;0.0;0.0
stl_tree.h;402;0.070000;0.070000;0.0;0.0
privilege.h;798;0.070000;0.070000;0.0;0.0
lf_hash.cc;162;0.070000;0.070000;0.0;0.0
rem0rec.inl;221;0.070000;0.070000;0.0;0.0
fut0lst.cc;226;0.069999;0.069999;0.0;0.0
handler.cc;8584;0.069999;0.069999;0.0;0.0
dict0dict.inl;67;0.069999;0.069999;0.0;0.0
sql_select.cc;34969;0.069999;0.069999;0.0;0.0
sql_explain.cc;162;0.069999;0.069999;0.0;0.0
strcmp-avx2.S;289;0.069999;0.069999;0.0;0.0
sql_select.cc;5266;0.069999;0.069999;0.0;0.0
field.h;1547;0.069999;0.069999;0.0;0.0
sql_list.h;438;0.069999;0.069999;0.0;0.0
item.cc;3380;0.069999;0.069999;0.0;0.0
sql_base.cc;9809;0.069998;0.069998;0.0;0.0
malloc.c;3279;0.069998;0.069998;0.0;0.0
field.h;2674;0.069998;0.069998;0.0;0.0
sql_plist.h;132;0.069998;0.069998;0.0;0.0
sql_cache.cc;1074;0.069998;0.069998;0.0;0.0
item_func.cc;425;0.069998;0.069998;0.0;0.0
opt_vcol_substitution.cc;330;0.069998;0.069998;0.0;0.0
pthread_mutex_lock.c;142;0.069998;0.069998;0.0;0.0
sql_class.cc;4543;0.069998;0.069998;0.0;0.0
dict0dict.inl;67;0.069998;0.069998;0.0;0.0
sql_acl.cc;9944;0.069998;0.069998;0.0;0.0
my_thr_init.c;369;0.069998;0.069998;0.0;0.0
srw_lock.cc;141;0.069997;0.069997;0.0;0.0
opt_range.cc;12706;0.069997;0.069997;0.0;0.0
thr_lock.c;1157;0.069997;0.069997;0.0;0.0
log.cc;9204;0.069997;0.069997;0.0;0.0
lock.cc;472;0.069997;0.069997;0.0;0.0
rem0rec.inl;251;0.069997;0.069997;0.0;0.0
sql_prepare.cc;3324;0.069996;0.069996;0.0;0.0
ctype-mb.inl;185;0.069988;0.069988;0.0;0.0
sql_select.cc;5190;0.069001;0.069001;0.0;0.0
atomic_base.h;501;0.069001;0.069001;0.0;0.0
dict0mem.h;1398;0.069000;0.069000;0.0;0.0
item.cc;3769;0.069000;0.069000;0.0;0.0
sql_class.h;5386;0.068999;0.068999;0.0;0.0
lf_hash.cc;499;0.068998;0.068998;0.0;0.0
rem0cmp.cc;403;0.068997;0.068997;0.0;0.0
ctype.c;900;0.068997;0.068997;0.0;0.0
sql_prepare.cc;386;0.068996;0.068996;0.0;0.0
my_alloc.c;360;0.068995;0.068995;0.0;0.0
opt_vcol_substitution.cc;136;0.067996;0.067996;0.0;0.0
my_bitmap.c;201;0.063999;0.063999;0.0;0.0
sql_list.h;423;0.061996;0.061996;0.0;0.0
ha_innodb.cc;4758;0.061001;0.061001;0.0;0.0
row0upd.cc;2813;0.060999;0.060999;0.0;0.0
sql_select.cc;30505;0.060996;0.060996;0.0;0.0
item.h;4568;0.060993;0.060993;0.0;0.0
sql_type.cc;207;0.060991;0.060991;0.0;0.0
ha_innodb.cc;7371;0.060961;0.060961;0.0;0.0
row0sel.cc;2985;0.060003;0.060003;0.0;0.0
item_func.cc;362;0.060003;0.060003;0.0;0.0
sql_base.cc;9092;0.060003;0.060003;0.0;0.0
handler.h;4392;0.060002;0.060002;0.0;0.0
memset-vec-unaligned-erms.S;199;0.060002;0.060002;0.0;0.0
ctype-mb.inl;191;0.060002;0.060002;0.0;0.0
item_cmpfunc.cc;417;0.060002;0.060002;0.0;0.0
ha_innodb.cc;16414;0.060001;0.060001;0.0;0.0
sql_select.cc;29396;0.060001;0.060001;0.0;0.0
rem0rec.cc;408;0.060001;0.060001;0.0;0.0
opt_subselect.cc;603;0.060001;0.060001;0.0;0.0
sql_class.cc;6179;0.060001;0.060001;0.0;0.0
sql_parse.cc;4452;0.060001;0.060001;0.0;0.0
sql_class.cc;462;0.060001;0.060001;0.0;0.0
trx0rec.cc;1850;0.060001;0.060001;0.0;0.0
sql_class.h;5294;0.060001;0.060001;0.0;0.0
sql_select.cc;13863;0.060001;0.060001;0.0;0.0
sql_base.cc;9839;0.060001;0.060001;0.0;0.0
ctype-mb.c;333;0.060001;0.060001;0.0;0.0
buf0buf.cc;2913;0.060001;0.060001;0.0;0.0
item_cmpfunc.h;660;0.060001;0.060001;0.0;0.0
item.h;3930;0.060000;0.060000;0.0;0.0
table.cc;6047;0.060000;0.060000;0.0;0.0
sql_union.cc;2820;0.060000;0.060000;0.0;0.0
opt_range.cc;14786;0.060000;0.060000;0.0;0.0
sql_update.cc;1676;0.060000;0.060000;0.0;0.0
temporary_tables.cc;45;0.060000;0.060000;0.0;0.0
my_byteorder.h;74;0.060000;0.060000;0.0;0.0
item_cmpfunc.h;854;0.060000;0.060000;0.0;0.0
ha_innodb.cc;15094;0.060000;0.060000;0.0;0.0
sql_string.h;315;0.060000;0.060000;0.0;0.0
field.cc;933;0.060000;0.060000;0.0;0.0
item.h;1271;0.060000;0.060000;0.0;0.0
log0log.cc;2014;0.060000;0.060000;0.0;0.0
memmove-vec-unaligned-erms.S;491;0.060000;0.060000;0.0;0.0
net_serv.cc;572;0.060000;0.060000;0.0;0.0
page0cur.cc;492;0.060000;0.060000;0.0;0.0
page0cur.cc;604;0.060000;0.060000;0.0;0.0
small_vector.h;97;0.060000;0.060000;0.0;0.0
sql_lex.cc;5009;0.060000;0.060000;0.0;0.0
sql_parse.cc;7380;0.060000;0.060000;0.0;0.0
sql_string.cc;263;0.060000;0.060000;0.0;0.0
table.cc;8984;0.060000;0.060000;0.0;0.0
btr0cur.cc;1268;0.060000;0.060000;0.0;0.0
ha_innodb.cc;1809;0.060000;0.060000;0.0;0.0
log0log.cc;2019;0.060000;0.060000;0.0;0.0
sql_connect.cc;1512;0.060000;0.060000;0.0;0.0
srw_lock.h;269;0.060000;0.060000;0.0;0.0
ha_innodb.cc;1810;0.060000;0.060000;0.0;0.0
ha_innodb.cc;16447;0.060000;0.060000;0.0;0.0
my_alloc.c;518;0.060000;0.060000;0.0;0.0
sql_type.cc;8203;0.060000;0.060000;0.0;0.0
srw_lock.cc;134;0.060000;0.060000;0.0;0.0
memmove-vec-unaligned-erms.S;272;0.060000;0.060000;0.0;0.0
rem0rec.cc;907;0.060000;0.060000;0.0;0.0
my_alloc.c;311;0.060000;0.060000;0.0;0.0
item.h;4546;0.060000;0.060000;0.0;0.0
mdl.cc;2550;0.060000;0.060000;0.0;0.0
field.h;2676;0.060000;0.060000;0.0;0.0
item.h;4065;0.059999;0.059999;0.0;0.0
sql_analyze_stmt.cc;111;0.059999;0.059999;0.0;0.0
lock0priv.inl;234;0.059999;0.059999;0.0;0.0
page0cur.cc;645;0.059999;0.059999;0.0;0.0
sql_class.cc;4546;0.059999;0.059999;0.0;0.0
item.h;2039;0.059999;0.059999;0.0;0.0
sql_select.cc;1377;0.059999;0.059999;0.0;0.0
sql_prepare.cc;4863;0.059999;0.059999;0.0;0.0
sql_select.cc;26093;0.059999;0.059999;0.0;0.0
item.h;1151;0.059999;0.059999;0.0;0.0
sql_explain.h;958;0.059999;0.059999;0.0;0.0
field.cc;2626;0.059999;0.059999;0.0;0.0
ha_innodb.cc;4711;0.059999;0.059999;0.0;0.0
opt_range.cc;1355;0.059999;0.059999;0.0;0.0
table.cc;4982;0.059999;0.059999;0.0;0.0
my_alloc.c;372;0.059999;0.059999;0.0;0.0
sql_prepare.cc;4364;0.059998;0.059998;0.0;0.0
sql_string.h;263;0.059998;0.059998;0.0;0.0
my_malloc.c;206;0.059998;0.059998;0.0;0.0
opt_hints.cc;1814;0.059998;0.059998;0.0;0.0
array.c;59;0.059998;0.059998;0.0;0.0
data0data.h;604;0.059998;0.059998;0.0;0.0
ha_innodb.cc;5338;0.059998;0.059998;0.0;0.0
mysqld.cc;1267;0.059998;0.059998;0.0;0.0
sql_select.cc;29996;0.059998;0.059998;0.0;0.0
row0sel.cc;4498;0.059998;0.059998;0.0;0.0
table_cache.cc;448;0.059997;0.059997;0.0;0.0
sql_class.h;5857;0.059997;0.059997;0.0;0.0
btr0sea.cc;1499;0.059997;0.059997;0.0;0.0
psi_noop.c;507;0.059997;0.059997;0.0;0.0
array.c;340;0.059997;0.059997;0.0;0.0
lock0lock.cc;6986;0.059996;0.059996;0.0;0.0
field.h;1503;0.059995;0.059995;0.0;0.0
opt_rewrite_remove_casefold.cc;127;0.059993;0.059993;0.0;0.0
sql_explain.h;214;0.059001;0.059001;0.0;0.0
row0sel.cc;2802;0.059001;0.059001;0.0;0.0
opt_subselect.cc;5949;0.059000;0.059000;0.0;0.0
mtr0mtr.cc;522;0.059000;0.059000;0.0;0.0
mtr0log.h;311;0.058999;0.058999;0.0;0.0
memmove-vec-unaligned-erms.S;471;0.058999;0.058999;0.0;0.0
ha_innodb.cc;4763;0.058999;0.058999;0.0;0.0
sql_plugin.cc;3262;0.058998;0.058998;0.0;0.0
sql_class.cc;2528;0.058996;0.058996;0.0;0.0
thr_rwlock.c;127;0.058987;0.058987;0.0;0.0
item.cc;4859;0.058000;0.058000;0.0;0.0
item_cmpfunc.cc;7594;0.057996;0.057996;0.0;0.0
item.cc;11802;0.052996;0.052996;0.0;0.0
table.cc;8928;0.052002;0.052002;0.0;0.0
mtr0log.h;261;0.052000;0.052000;0.0;0.0
my_cpu.h;94;0.052000;0.052000;0.0;0.0
mtr0log.h;243;0.051999;0.051999;0.0;0.0
handler.cc;6445;0.051999;0.051999;0.0;0.0
item.cc;432;0.051998;0.051998;0.0;0.0
item.cc;1046;0.051998;0.051998;0.0;0.0
sql_base.cc;8344;0.051002;0.051002;0.0;0.0
sql_select.cc;34231;0.051001;0.051001;0.0;0.0
table.cc;3980;0.051001;0.051001;0.0;0.0
sql_prepare.cc;5420;0.051001;0.051001;0.0;0.0
handler.cc;2096;0.051001;0.051001;0.0;0.0
item.h;6001;0.051001;0.051001;0.0;0.0
page0cur.cc;169;0.051001;0.051001;0.0;0.0
opt_trace_context.h;108;0.051000;0.051000;0.0;0.0
pthread_mutex_unlock.c;60;0.051000;0.051000;0.0;0.0
item_func.h;162;0.051000;0.051000;0.0;0.0
sql_select.cc;8242;0.050999;0.050999;0.0;0.0
field.h;2364;0.050998;0.050998;0.0;0.0
m_ctype.h;1536;0.050998;0.050998;0.0;0.0
buf0buf.cc;2686;0.050998;0.050998;0.0;0.0
sql_base.cc;8608;0.050003;0.050003;0.0;0.0
field.h;1708;0.050002;0.050002;0.0;0.0
field.h;1319;0.050002;0.050002;0.0;0.0
ha_innodb.cc;7239;0.050002;0.050002;0.0;0.0
item.h;4543;0.050002;0.050002;0.0;0.0
malloc.c;3353;0.050002;0.050002;0.0;0.0
field.cc;2620;0.050001;0.050001;0.0;0.0
memcmp-avx2-movbe.S;463;0.050001;0.050001;0.0;0.0
sql_parse.cc;6136;0.050001;0.050001;0.0;0.0
item.h;1742;0.050001;0.050001;0.0;0.0
ha_innodb.cc;5217;0.050001;0.050001;0.0;0.0
sql_class.cc;3237;0.050001;0.050001;0.0;0.0
ha_innodb.cc;8241;0.050001;0.050001;0.0;0.0
page0cur.cc;45;0.050001;0.050001;0.0;0.0
sql_explain.h;1067;0.050001;0.050001;0.0;0.0
table.cc;5988;0.050001;0.050001;0.0;0.0
arena.c;151;0.050001;0.050001;0.0;0.0
opt_range.cc;12474;0.050001;0.050001;0.0;0.0
errno-loc.c;26;0.050001;0.050001;0.0;0.0
structs.h;517;0.050001;0.050001;0.0;0.0
memmove-vec-unaligned-erms.S;403;0.050001;0.050001;0.0;0.0
memcmp-avx2-movbe.S;414;0.050001;0.050001;0.0;0.0
protocol.cc;289;0.050000;0.050000;0.0;0.0
mysql_transaction.h;139;0.050000;0.050000;0.0;0.0
handler.cc;1665;0.050000;0.050000;0.0;0.0
sql_explain.cc;71;0.050000;0.050000;0.0;0.0
opt_range.cc;13016;0.050000;0.050000;0.0;0.0
strcoll.inl;149;0.050000;0.050000;0.0;0.0
mysql_thread.h;785;0.050000;0.050000;0.0;0.0
btr0cur.cc;3545;0.050000;0.050000;0.0;0.0
field.h;1198;0.050000;0.050000;0.0;0.0
ha_innodb.cc;8269;0.050000;0.050000;0.0;0.0
sql_base.cc;9301;0.050000;0.050000;0.0;0.0
atomic_base.h;573;0.050000;0.050000;0.0;0.0
buf0buf.cc;2737;0.050000;0.050000;0.0;0.0
buf0types.h;132;0.050000;0.050000;0.0;0.0
ha_innodb.cc;9147;0.050000;0.050000;0.0;0.0
ha_innodb.cc;17030;0.050000;0.050000;0.0;0.0
handler.cc;3844;0.050000;0.050000;0.0;0.0
handler.cc;3850;0.050000;0.050000;0.0;0.0
lf_hash.cc;504;0.050000;0.050000;0.0;0.0
lock.cc;836;0.050000;0.050000;0.0;0.0
mdl.cc;2703;0.050000;0.050000;0.0;0.0
mtr0mtr.cc;792;0.050000;0.050000;0.0;0.0
mysqld.cc;742;0.050000;0.050000;0.0;0.0
page0page.cc;118;0.050000;0.050000;0.0;0.0
pthread_mutex_lock.c;146;0.050000;0.050000;0.0;0.0
sql_base.cc;8313;0.050000;0.050000;0.0;0.0
sql_base.cc;8598;0.050000;0.050000;0.0;0.0
sql_class.cc;1523;0.050000;0.050000;0.0;0.0
sql_parse.cc;3988;0.050000;0.050000;0.0;0.0
sql_prepare.cc;3333;0.050000;0.050000;0.0;0.0
sql_select.cc;31088;0.050000;0.050000;0.0;0.0
sql_select.cc;5760;0.050000;0.050000;0.0;0.0
srw_lock.cc;255;0.050000;0.050000;0.0;0.0
trx0rec.cc;963;0.050000;0.050000;0.0;0.0
sql_base.cc;4686;0.050000;0.050000;0.0;0.0
handler.cc;7981;0.050000;0.050000;0.0;0.0
memmove-vec-unaligned-erms.S;402;0.050000;0.050000;0.0;0.0
mtr0log.h;86;0.050000;0.050000;0.0;0.0
page0cur.cc;585;0.050000;0.050000;0.0;0.0
net_serv.cc;730;0.050000;0.050000;0.0;0.0
lf_hash.cc;125;0.050000;0.050000;0.0;0.0
sql_base.cc;5251;0.050000;0.050000;0.0;0.0
item.cc;441;0.050000;0.050000;0.0;0.0
ha_innodb.cc;3161;0.050000;0.050000;0.0;0.0
sql_db.cc;1888;0.050000;0.050000;0.0;0.0
sql_base.cc;3421;0.049999;0.049999;0.0;0.0
array.c;48;0.049999;0.049999;0.0;0.0
protocol.cc;1036;0.049999;0.049999;0.0;0.0
table_cache.cc;857;0.049999;0.049999;0.0;0.0
memmove-vec-unaligned-erms.S;492;0.049999;0.049999;0.0;0.0
handler.cc;8493;0.049999;0.049999;0.0;0.0
sql_select.cc;964;0.049999;0.049999;0.0;0.0
table_cache.cc;106;0.049999;0.049999;0.0;0.0
my_alloc.c;312;0.049999;0.049999;0.0;0.0
item_cmpfunc.cc;396;0.049999;0.049999;0.0;0.0
sql_statistics.cc;3204;0.049999;0.049999;0.0;0.0
sql_type.cc;35;0.049999;0.049999;0.0;0.0
lock0lock.cc;4687;0.049999;0.049999;0.0;0.0
row0sel.cc;3236;0.049999;0.049999;0.0;0.0
opt_context_store_replay.cc;689;0.049999;0.049999;0.0;0.0
sql_update.cc;1823;0.049999;0.049999;0.0;0.0
sql_prepare.cc;5589;0.049999;0.049999;0.0;0.0
mysql_statement.h;172;0.049999;0.049999;0.0;0.0
sql_base.cc;1073;0.049999;0.049999;0.0;0.0
multi_range_read.cc;185;0.049999;0.049999;0.0;0.0
item_cmpfunc.h;574;0.049999;0.049999;0.0;0.0
mdl.cc;476;0.049999;0.049999;0.0;0.0
malloc.c;4366;0.049999;0.049999;0.0;0.0
mtr0log.h;86;0.049999;0.049999;0.0;0.0
sql_window.cc;206;0.049999;0.049999;0.0;0.0
sql_prepare.cc;5430;0.049999;0.049999;0.0;0.0
sql_parse.cc;3510;0.049999;0.049999;0.0;0.0
item_func.cc;7484;0.049999;0.049999;0.0;0.0
pthread_mutex_trylock.c;47;0.049999;0.049999;0.0;0.0
my_alloc.c;311;0.049999;0.049999;0.0;0.0
memmove-vec-unaligned-erms.S;308;0.049999;0.049999;0.0;0.0
item.h;2934;0.049999;0.049999;0.0;0.0
item_func.cc;448;0.049999;0.049999;0.0;0.0
sql_string.h;138;0.049999;0.049999;0.0;0.0
protocol.cc;1213;0.049998;0.049998;0.0;0.0
sql_class.cc;2326;0.049998;0.049998;0.0;0.0
array.c;348;0.049998;0.049998;0.0;0.0
page0cur.cc;456;0.049998;0.049998;0.0;0.0
handler.h;2161;0.049998;0.049998;0.0;0.0
row0mysql.cc;384;0.049998;0.049998;0.0;0.0
ha_innodb.cc;2671;0.049998;0.049998;0.0;0.0
sql_select.cc;1706;0.049998;0.049998;0.0;0.0
sql_select.cc;2794;0.049998;0.049998;0.0;0.0
opt_trace.cc;57;0.049998;0.049998;0.0;0.0
mysqld.cc;1258;0.049998;0.049998;0.0;0.0
sql_prepare.cc;3277;0.049998;0.049998;0.0;0.0
rem0rec.cc;1971;0.049998;0.049998;0.0;0.0
sql_prepare.cc;5600;0.049998;0.049998;0.0;0.0
sql_prepare.cc;980;0.049998;0.049998;0.0;0.0
opt_range.cc;13769;0.049998;0.049998;0.0;0.0
sql_parse.cc;3563;0.049998;0.049998;0.0;0.0
sql_base.cc;805;0.049997;0.049997;0.0;0.0
sql_parse.cc;4452;0.049997;0.049997;0.0;0.0
sql_type.h;4174;0.049997;0.049997;0.0;0.0
sql_select.cc;5652;0.049997;0.049997;0.0;0.0
item.cc;7497;0.049997;0.049997;0.0;0.0
ha_innodb.cc;2716;0.049997;0.049997;0.0;0.0
row0mysql.cc;495;0.049996;0.049996;0.0;0.0
handler.cc;6524;0.049995;0.049995;0.0;0.0
sql_class.cc;3300;0.049995;0.049995;0.0;0.0
mem0mem.cc;383;0.049988;0.049988;0.0;0.0
sql_select.cc;21536;0.049003;0.049003;0.0;0.0
sql_prepare.cc;3410;0.049001;0.049001;0.0;0.0
sql_error.h;1063;0.049000;0.049000;0.0;0.0
sql_union.cc;2770;0.049000;0.049000;0.0;0.0
item.h;4086;0.049000;0.049000;0.0;0.0
atomic;312;0.049000;0.049000;0.0;0.0
structs.h;531;0.048999;0.048999;0.0;0.0
log0log.cc;2065;0.048999;0.048999;0.0;0.0
sql_class.cc;6186;0.048999;0.048999;0.0;0.0
field.h;929;0.048999;0.048999;0.0;0.0
item.cc;7427;0.048998;0.048998;0.0;0.0
malloc.c;3247;0.048997;0.048997;0.0;0.0
sql_class.cc;1531;0.048997;0.048997;0.0;0.0
sql_lex.cc;4418;0.048997;0.048997;0.0;0.0
page0cur.cc;590;0.047998;0.047998;0.0;0.0
sql_profile.h;322;0.047997;0.047997;0.0;0.0
opt_trace.cc;54;0.042001;0.042001;0.0;0.0
item_cmpfunc.h;3608;0.042001;0.042001;0.0;0.0
sql_prepare.cc;978;0.042000;0.042000;0.0;0.0
item_cmpfunc.cc;433;0.041999;0.041999;0.0;0.0
net_serv.cc;1029;0.041013;0.041013;0.0;0.0
sql_lex.h;1463;0.041004;0.041004;0.0;0.0
dict0dict.inl;65;0.041001;0.041001;0.0;0.0
item.cc;4422;0.041001;0.041001;0.0;0.0
ilist.h;181;0.041001;0.041001;0.0;0.0
row0sel.cc;5196;0.041001;0.041001;0.0;0.0
table.h;2377;0.041001;0.041001;0.0;0.0
sql_class.h;4821;0.041001;0.041001;0.0;0.0
handler.h;4387;0.041001;0.041001;0.0;0.0
fut0lst.cc;66;0.041000;0.041000;0.0;0.0
mdl.cc;1981;0.041000;0.041000;0.0;0.0
row0sel.cc;4579;0.041000;0.041000;0.0;0.0
my_bit.h;161;0.041000;0.041000;0.0;0.0
sql_select.cc;7482;0.041000;0.041000;0.0;0.0
log.cc;9207;0.041000;0.041000;0.0;0.0
sql_base.cc;6618;0.040999;0.040999;0.0;0.0
handler.cc;3782;0.040999;0.040999;0.0;0.0
ctype-bin.c;95;0.040999;0.040999;0.0;0.0
sql_base.cc;7203;0.040999;0.040999;0.0;0.0
lf_hash.cc;540;0.040998;0.040998;0.0;0.0
lock.cc;781;0.040998;0.040998;0.0;0.0
transaction.cc;479;0.040998;0.040998;0.0;0.0
item.h;4522;0.040998;0.040998;0.0;0.0
rem0rec.cc;745;0.040004;0.040004;0.0;0.0
malloc.c;4400;0.040003;0.040003;0.0;0.0
sql_acl.cc;10319;0.040002;0.040002;0.0;0.0
sql_select.cc;31116;0.040002;0.040002;0.0;0.0
table.cc;9011;0.040002;0.040002;0.0;0.0
sql_base.cc;6609;0.040002;0.040002;0.0;0.0
lock0lock.cc;4175;0.040001;0.040001;0.0;0.0
sql_update.h;70;0.040001;0.040001;0.0;0.0
sql_prepare.cc;5481;0.040001;0.040001;0.0;0.0
item.h;2731;0.040001;0.040001;0.0;0.0
buf0buf.cc;330;0.040001;0.040001;0.0;0.0
row0sel.cc;3118;0.040001;0.040001;0.0;0.0
sql_class.cc;400;0.040001;0.040001;0.0;0.0
sql_lex.h;1049;0.040001;0.040001;0.0;0.0
sql_base.cc;1037;0.040001;0.040001;0.0;0.0
lock.cc;403;0.040001;0.040001;0.0;0.0
strcmp-avx2.S;206;0.040001;0.040001;0.0;0.0
sql_explain.cc;1007;0.040001;0.040001;0.0;0.0
sql_parse.cc;7384;0.040001;0.040001;0.0;0.0
sql_select.cc;1896;0.040001;0.040001;0.0;0.0
int2str.c;144;0.040001;0.040001;0.0;0.0
my_malloc.c;193;0.040001;0.040001;0.0;0.0
my_vsnprintf.c;639;0.040001;0.040001;0.0;0.0
sql_lex.cc;5305;0.040001;0.040001;0.0;0.0
ha_innodb.cc;9037;0.040001;0.040001;0.0;0.0
memmove-vec-unaligned-erms.S;379;0.040001;0.040001;0.0;0.0
item_cmpfunc.h;3618;0.040001;0.040001;0.0;0.0
sql_select.cc;25337;0.040001;0.040001;0.0;0.0
sql_select.cc;18396;0.040001;0.040001;0.0;0.0
field.h;2689;0.040001;0.040001;0.0;0.0
sql_explain.h;214;0.040001;0.040001;0.0;0.0
lf_hash.cc;130;0.040001;0.040001;0.0;0.0
memmove-vec-unaligned-erms.S;325;0.040001;0.040001;0.0;0.0
crc32c_amd64.cc;630;0.040001;0.040001;0.0;0.0
sql_select.cc;1544;0.040001;0.040001;0.0;0.0
my_alloc.c;312;0.040001;0.040001;0.0;0.0
sql_update.cc;927;0.040001;0.040001;0.0;0.0
mf_qsort.c;100;0.040001;0.040001;0.0;0.0
ctype-utf8.c;2827;0.040000;0.040000;0.0;0.0
page0cur.cc;680;0.040000;0.040000;0.0;0.0
item_cmpfunc.cc;7024;0.040000;0.040000;0.0;0.0
sql_select.cc;1880;0.040000;0.040000;0.0;0.0
sql_base.cc;6204;0.040000;0.040000;0.0;0.0
protocol.cc;266;0.040000;0.040000;0.0;0.0
sql_select.cc;505;0.040000;0.040000;0.0;0.0
my_bitmap.c;193;0.040000;0.040000;0.0;0.0
item_func.cc;147;0.040000;0.040000;0.0;0.0
mf_qsort.c;217;0.040000;0.040000;0.0;0.0
handler.h;3980;0.040000;0.040000;0.0;0.0
item.h;2226;0.040000;0.040000;0.0;0.0
sql_update.cc;1087;0.040000;0.040000;0.0;0.0
sql_base.cc;1712;0.040000;0.040000;0.0;0.0
table.cc;7796;0.040000;0.040000;0.0;0.0
ut0new.h;757;0.040000;0.040000;0.0;0.0
pfs.cc;1369;0.040000;0.040000;0.0;0.0
item_cmpfunc.h;3620;0.040000;0.040000;0.0;0.0
sql_select.cc;1764;0.040000;0.040000;0.0;0.0
memset-vec-unaligned-erms.S;266;0.040000;0.040000;0.0;0.0
field.cc;7542;0.040000;0.040000;0.0;0.0
sql_update.cc;1714;0.040000;0.040000;0.0;0.0
memmove-vec-unaligned-erms.S;404;0.040000;0.040000;0.0;0.0
sql_list.h;154;0.040000;0.040000;0.0;0.0
sql_base.cc;4756;0.040000;0.040000;0.0;0.0
sql_string.cc;276;0.040000;0.040000;0.0;0.0
opt_range.cc;7961;0.040000;0.040000;0.0;0.0
btr0pcur.inl;318;0.040000;0.040000;0.0;0.0
buf0buf.h;1446;0.040000;0.040000;0.0;0.0
buf0lru.cc;496;0.040000;0.040000;0.0;0.0
dict0dict.inl;167;0.040000;0.040000;0.0;0.0
ha_innodb.cc;2663;0.040000;0.040000;0.0;0.0
ha_innodb.cc;7662;0.040000;0.040000;0.0;0.0
ha_innodb.cc;8713;0.040000;0.040000;0.0;0.0
ha_innodb.cc;8979;0.040000;0.040000;0.0;0.0
handler.cc;6449;0.040000;0.040000;0.0;0.0
item.cc;3602;0.040000;0.040000;0.0;0.0
item.h;5995;0.040000;0.040000;0.0;0.0
item.h;2734;0.040000;0.040000;0.0;0.0
lex_string.h;29;0.040000;0.040000;0.0;0.0
malloc.c;4243;0.040000;0.040000;0.0;0.0
my_alloc.c;465;0.040000;0.040000;0.0;0.0
my_getsystime.c;53;0.040000;0.040000;0.0;0.0
my_vsnprintf.c;646;0.040000;0.040000;0.0;0.0
net_serv.cc;726;0.040000;0.040000;0.0;0.0
net_serv.cc;387;0.040000;0.040000;0.0;0.0
opt_range.cc;9471;0.040000;0.040000;0.0;0.0
page0cur.cc;814;0.040000;0.040000;0.0;0.0
page0cur.cc;450;0.040000;0.040000;0.0;0.0
psi_noop.c;527;0.040000;0.040000;0.0;0.0
rem0rec.cc;904;0.040000;0.040000;0.0;0.0
rem0rec.cc;429;0.040000;0.040000;0.0;0.0
sql_base.cc;9390;0.040000;0.040000;0.0;0.0
sql_base.cc;6040;0.040000;0.040000;0.0;0.0
sql_class.cc;8971;0.040000;0.040000;0.0;0.0
sql_class.cc;4302;0.040000;0.040000;0.0;0.0
sql_class.h;5829;0.040000;0.040000;0.0;0.0
sql_class.h;4931;0.040000;0.040000;0.0;0.0
sql_explain.cc;1767;0.040000;0.040000;0.0;0.0
sql_select.cc;13137;0.040000;0.040000;0.0;0.0
sql_statistics.h;121;0.040000;0.040000;0.0;0.0
sql_type.cc;1939;0.040000;0.040000;0.0;0.0
sql_type.cc;2238;0.040000;0.040000;0.0;0.0
memcmp-avx2-movbe.S;73;0.040000;0.040000;0.0;0.0
sql_select.cc;17349;0.040000;0.040000;0.0;0.0
page0page.h;663;0.040000;0.040000;0.0;0.0
field.h;1198;0.040000;0.040000;0.0;0.0
mysqld.cc;1238;0.040000;0.040000;0.0;0.0
item.h;4894;0.040000;0.040000;0.0;0.0
page0cur.cc;244;0.040000;0.040000;0.0;0.0
array.c;102;0.040000;0.040000;0.0;0.0
opt_range.cc;10462;0.040000;0.040000;0.0;0.0
lf_alloc-pin.c;299;0.040000;0.040000;0.0;0.0
strcmp-avx2.S;319;0.040000;0.040000;0.0;0.0
opt_subselect.cc;5938;0.040000;0.040000;0.0;0.0
sql_prepare.cc;3651;0.040000;0.040000;0.0;0.0
rem0cmp.cc;346;0.040000;0.040000;0.0;0.0
mtr0log.h;534;0.040000;0.040000;0.0;0.0
sql_bitmap.h;113;0.040000;0.040000;0.0;0.0
sql_base.cc;4672;0.040000;0.040000;0.0;0.0
sql_base.cc;9344;0.040000;0.040000;0.0;0.0
lf_hash.cc;326;0.040000;0.040000;0.0;0.0
sql_type.cc;1938;0.040000;0.040000;0.0;0.0
buf0buf.cc;2932;0.040000;0.040000;0.0;0.0
protocol.cc;373;0.040000;0.040000;0.0;0.0
sql_select.cc;5864;0.040000;0.040000;0.0;0.0
btr0cur.cc;4300;0.040000;0.040000;0.0;0.0
dict0mem.h;1426;0.040000;0.040000;0.0;0.0
lock.cc;399;0.039999;0.039999;0.0;0.0
sql_class.cc;1503;0.039999;0.039999;0.0;0.0
table.cc;7960;0.039999;0.039999;0.0;0.0
sql_select.cc;31584;0.039999;0.039999;0.0;0.0
sql_select.cc;5240;0.039999;0.039999;0.0;0.0
sql_bitmap.h;216;0.039999;0.039999;0.0;0.0
sql_parse.cc;3770;0.039999;0.039999;0.0;0.0
sql_class.cc;459;0.039999;0.039999;0.0;0.0
sql_select.cc;1943;0.039999;0.039999;0.0;0.0
lock0lock.cc;1526;0.039999;0.039999;0.0;0.0
ha_innodb.cc;15182;0.039999;0.039999;0.0;0.0
sql_explain.cc;126;0.039999;0.039999;0.0;0.0
field.cc;7555;0.039999;0.039999;0.0;0.0
sql_class.cc;461;0.039999;0.039999;0.0;0.0
sql_base.cc;5278;0.039999;0.039999;0.0;0.0
ha_innodb.cc;20818;0.039999;0.039999;0.0;0.0
sql_parse.cc;1183;0.039999;0.039999;0.0;0.0
net_serv.cc;453;0.039999;0.039999;0.0;0.0
mysql_mdl.h;113;0.039999;0.039999;0.0;0.0
sql_type.cc;1698;0.039999;0.039999;0.0;0.0
item.cc;6629;0.039999;0.039999;0.0;0.0
item_func.cc;532;0.039999;0.039999;0.0;0.0
sql_base.cc;2157;0.039999;0.039999;0.0;0.0
sql_select.cc;21623;0.039999;0.039999;0.0;0.0
memmove-vec-unaligned-erms.S;395;0.039999;0.039999;0.0;0.0
cset_narrowing.h;83;0.039999;0.039999;0.0;0.0
sql_class.cc;393;0.039999;0.039999;0.0;0.0
sql_update.cc;1108;0.039999;0.039999;0.0;0.0
handler.cc;9761;0.039999;0.039999;0.0;0.0
malloc.c;3347;0.039999;0.039999;0.0;0.0
sql_class.cc;6917;0.039999;0.039999;0.0;0.0
sql_class.cc;6433;0.039999;0.039999;0.0;0.0
dict0dict.inl;167;0.039999;0.039999;0.0;0.0
opt_range.cc;12703;0.039999;0.039999;0.0;0.0
sql_parse.cc;1142;0.039999;0.039999;0.0;0.0
my_json_writer.h;469;0.039999;0.039999;0.0;0.0
ha_innodb.cc;16797;0.039999;0.039999;0.0;0.0
memmove-vec-unaligned-erms.S;401;0.039999;0.039999;0.0;0.0
btr0sea.cc;1702;0.039999;0.039999;0.0;0.0
sql_connect.cc;1512;0.039999;0.039999;0.0;0.0
viosocket.c;157;0.039999;0.039999;0.0;0.0
srw_lock.h;167;0.039999;0.039999;0.0;0.0
sql_parse.cc;1654;0.039999;0.039999;0.0;0.0
field.cc;962;0.039998;0.039998;0.0;0.0
opt_trace.cc;520;0.039998;0.039998;0.0;0.0
page0cur.cc;923;0.039998;0.039998;0.0;0.0
sql_explain.cc;185;0.039998;0.039998;0.0;0.0
rem0cmp.cc;320;0.039998;0.039998;0.0;0.0
sql_error.h;659;0.039998;0.039998;0.0;0.0
my_bit.h;161;0.039998;0.039998;0.0;0.0
strings_def.h;100;0.039998;0.039998;0.0;0.0
item_cmpfunc.cc;7604;0.039998;0.039998;0.0;0.0
sql_base.cc;4719;0.039998;0.039998;0.0;0.0
handler.cc;4165;0.039998;0.039998;0.0;0.0
item.cc;11833;0.039998;0.039998;0.0;0.0
sql_select.cc;5442;0.039998;0.039998;0.0;0.0
sql_explain.cc;1482;0.039998;0.039998;0.0;0.0
ha_innodb.cc;15114;0.039998;0.039998;0.0;0.0
opt_trace.cc;63;0.039998;0.039998;0.0;0.0
lf_alloc-pin.c;259;0.039998;0.039998;0.0;0.0
sql_parse.cc;7405;0.039998;0.039998;0.0;0.0
item.cc;6644;0.039997;0.039997;0.0;0.0
sql_base.cc;5199;0.039997;0.039997;0.0;0.0
opt_context_store_replay.cc;2389;0.039997;0.039997;0.0;0.0
small_vector.h;100;0.039997;0.039997;0.0;0.0
item.h;832;0.039997;0.039997;0.0;0.0
mdl.cc;3728;0.039996;0.039996;0.0;0.0
btr0cur.cc;3493;0.039996;0.039996;0.0;0.0
handler.h;5346;0.039996;0.039996;0.0;0.0
ctype.c;885;0.039996;0.039996;0.0;0.0
sql_parse.cc;5936;0.039996;0.039996;0.0;0.0
mysql_socket.h;304;0.039000;0.039000;0.0;0.0
sql_base.cc;2129;0.039000;0.039000;0.0;0.0
dict0dict.cc;3877;0.038999;0.038999;0.0;0.0
handler.h;3718;0.038999;0.038999;0.0;0.0
ha_innodb.cc;20819;0.038999;0.038999;0.0;0.0
ha_innodb.cc;16675;0.038999;0.038999;0.0;0.0
vio.c;335;0.038999;0.038999;0.0;0.0
ctype-utf8.h;148;0.038999;0.038999;0.0;0.0
sql_class.h;7929;0.038999;0.038999;0.0;0.0
sql_prepare.cc;978;0.038999;0.038999;0.0;0.0
net_serv.cc;618;0.038998;0.038998;0.0;0.0
sql_select.cc;19813;0.038998;0.038998;0.0;0.0
sql_select.h;2150;0.038998;0.038998;0.0;0.0
field.h;2306;0.038997;0.038997;0.0;0.0
sql_class.cc;4403;0.038997;0.038997;0.0;0.0
pthread_getspecific.c;54;0.038997;0.038997;0.0;0.0
sql_update.cc;1704;0.038001;0.038001;0.0;0.0
sql_error.h;742;0.038001;0.038001;0.0;0.0
ha_innodb.cc;7878;0.038000;0.038000;0.0;0.0
array.c;93;0.037999;0.037999;0.0;0.0
opt_range.cc;2834;0.037998;0.037998;0.0;0.0
page0cur.inl;157;0.036998;0.036998;0.0;0.0
field.h;2904;0.032009;0.032009;0.0;0.0
sql_lex.cc;5985;0.032000;0.032000;0.0;0.0
records.cc;390;0.032000;0.032000;0.0;0.0
pthread_getspecific.c;29;0.031001;0.031001;0.0;0.0
row0mysql.cc;1021;0.031001;0.031001;0.0;0.0
protocol.cc;1030;0.031001;0.031001;0.0;0.0
opt_range.cc;2865;0.031001;0.031001;0.0;0.0
opt_range.cc;13751;0.031001;0.031001;0.0;0.0
sql_select.cc;18244;0.031001;0.031001;0.0;0.0
sql_class.h;5295;0.031000;0.031000;0.0;0.0
sql_lex.cc;5621;0.031000;0.031000;0.0;0.0
lf_alloc-pin.c;464;0.031000;0.031000;0.0;0.0
sql_select.cc;6082;0.031000;0.031000;0.0;0.0
protocol.cc;46;0.031000;0.031000;0.0;0.0
sql_class.h;6364;0.031000;0.031000;0.0;0.0
handler.h;2178;0.031000;0.031000;0.0;0.0
item_cmpfunc.h;3621;0.031000;0.031000;0.0;0.0
my_bitmap.c;510;0.031000;0.031000;0.0;0.0
sql_prepare.cc;811;0.031000;0.031000;0.0;0.0
sql_analyze_stmt.cc;110;0.031000;0.031000;0.0;0.0
sql_select.cc;13726;0.031000;0.031000;0.0;0.0
select_result.h;85;0.031000;0.031000;0.0;0.0
handler.cc;7479;0.031000;0.031000;0.0;0.0
page0cur.cc;185;0.031000;0.031000;0.0;0.0
sql_lex.h;1764;0.031000;0.031000;0.0;0.0
hash.c;46;0.031000;0.031000;0.0;0.0
sql_select.cc;17050;0.030999;0.030999;0.0;0.0
sql_parse.cc;7540;0.030999;0.030999;0.0;0.0
sql_update.h;74;0.030999;0.030999;0.0;0.0
sql_update.cc;1524;0.030999;0.030999;0.0;0.0
item_func.cc;387;0.030999;0.030999;0.0;0.0
mysqld.cc;3815;0.030998;0.030998;0.0;0.0
sql_delete.cc;179;0.030998;0.030998;0.0;0.0
item_cmpfunc.h;562;0.030007;0.030007;0.0;0.0
lf_hash.cc;546;0.030006;0.030006;0.0;0.0
string_fortified.h;29;0.030004;0.030004;0.0;0.0
trx0rec.cc;1534;0.030003;0.030003;0.0;0.0
item.h;4545;0.030003;0.030003;0.0;0.0
crc32c_amd64.cc;151;0.030002;0.030002;0.0;0.0
mdl.cc;1515;0.030002;0.030002;0.0;0.0
sql_array.h;299;0.030002;0.030002;0.0;0.0
opt_range.h;1022;0.030002;0.030002;0.0;0.0
opt_range.cc;12580;0.030002;0.030002;0.0;0.0
item.cc;6550;0.030002;0.030002;0.0;0.0
sql_select.cc;26162;0.030002;0.030002;0.0;0.0
opt_subselect.cc;2548;0.030002;0.030002;0.0;0.0
rem0rec.cc;938;0.030002;0.030002;0.0;0.0
lock0priv.inl;243;0.030002;0.030002;0.0;0.0
mf_qsort.c;116;0.030002;0.030002;0.0;0.0
item.h;4449;0.030002;0.030002;0.0;0.0
mdl.h;670;0.030002;0.030002;0.0;0.0
ha_innodb.cc;8573;0.030001;0.030001;0.0;0.0
item.h;3980;0.030001;0.030001;0.0;0.0
sql_lex.cc;3098;0.030001;0.030001;0.0;0.0
sql_parse.cc;3506;0.030001;0.030001;0.0;0.0
item.cc;6833;0.030001;0.030001;0.0;0.0
sql_base.cc;1001;0.030001;0.030001;0.0;0.0
sql_update.cc;353;0.030001;0.030001;0.0;0.0
table.cc;4972;0.030001;0.030001;0.0;0.0
sql_lex.cc;5777;0.030001;0.030001;0.0;0.0
field.h;1503;0.030001;0.030001;0.0;0.0
my_vsnprintf.c;654;0.030001;0.030001;0.0;0.0
multi_range_read.cc;376;0.030001;0.030001;0.0;0.0
my_json_writer.h;396;0.030001;0.030001;0.0;0.0
sql_select.cc;34831;0.030001;0.030001;0.0;0.0
mem0mem.inl;187;0.030001;0.030001;0.0;0.0
opt_range.cc;3062;0.030001;0.030001;0.0;0.0
net_serv.cc;616;0.030001;0.030001;0.0;0.0
buf0flu.cc;85;0.030001;0.030001;0.0;0.0
page0cur.inl;137;0.030001;0.030001;0.0;0.0
sql_select.cc;13133;0.030001;0.030001;0.0;0.0
sql_lex.cc;4513;0.030001;0.030001;0.0;0.0
ha_innodb.cc;16774;0.030001;0.030001;0.0;0.0
buf0types.h;137;0.030001;0.030001;0.0;0.0
sql_statistics.cc;4146;0.030001;0.030001;0.0;0.0
sql_select.cc;2180;0.030001;0.030001;0.0;0.0
opt_range.cc;9479;0.030001;0.030001;0.0;0.0
mtr0log.h;99;0.030001;0.030001;0.0;0.0
opt_split.cc;407;0.030001;0.030001;0.0;0.0
sql_update.cc;1395;0.030001;0.030001;0.0;0.0
mtr0mtr.cc;499;0.030001;0.030001;0.0;0.0
small_vector.h;39;0.030001;0.030001;0.0;0.0
ctype-utf8.c;898;0.030001;0.030001;0.0;0.0
ha_innodb.cc;5247;0.030001;0.030001;0.0;0.0
sql_select.cc;11749;0.030001;0.030001;0.0;0.0
records.cc;396;0.030001;0.030001;0.0;0.0
page0cur.cc;580;0.030001;0.030001;0.0;0.0
sql_class.cc;4913;0.030001;0.030001;0.0;0.0
mem0mem.inl;119;0.030001;0.030001;0.0;0.0
sql_error.cc;368;0.030001;0.030001;0.0;0.0
protocol.cc;218;0.030001;0.030001;0.0;0.0
sql_select.cc;17010;0.030001;0.030001;0.0;0.0
row0mysql.cc;1592;0.030001;0.030001;0.0;0.0
sql_update.cc;1464;0.030001;0.030001;0.0;0.0
opt_range.cc;9783;0.030001;0.030001;0.0;0.0
lock0lock.cc;4197;0.030001;0.030001;0.0;0.0
item.cc;8129;0.030001;0.030001;0.0;0.0
item_cmpfunc.h;596;0.030001;0.030001;0.0;0.0
sql_view.cc;2115;0.030001;0.030001;0.0;0.0
page0cur.cc;616;0.030001;0.030001;0.0;0.0
item_cmpfunc.cc;7595;0.030000;0.030000;0.0;0.0
btr0cur.cc;1365;0.030000;0.030000;0.0;0.0
strcoll.inl;303;0.030000;0.030000;0.0;0.0
ha_innodb.cc;17060;0.030000;0.030000;0.0;0.0
opt_sargable_left.cc;131;0.030000;0.030000;0.0;0.0
sql_acl.cc;10315;0.030000;0.030000;0.0;0.0
malloc.c;3283;0.030000;0.030000;0.0;0.0
lock.cc;146;0.030000;0.030000;0.0;0.0
sql_type.h;4058;0.030000;0.030000;0.0;0.0
ha_innodb.cc;16657;0.030000;0.030000;0.0;0.0
sql_error.h;756;0.030000;0.030000;0.0;0.0
row0upd.cc;2595;0.030000;0.030000;0.0;0.0
sql_select.cc;29150;0.030000;0.030000;0.0;0.0
memcmp-avx2-movbe.S;444;0.030000;0.030000;0.0;0.0
opt_subselect.cc;6540;0.030000;0.030000;0.0;0.0
my_malloc.c;95;0.030000;0.030000;0.0;0.0
opt_range.cc;14228;0.030000;0.030000;0.0;0.0
sql_update.cc;3249;0.030000;0.030000;0.0;0.0
sql_parse.cc;6143;0.030000;0.030000;0.0;0.0
item.cc;3771;0.030000;0.030000;0.0;0.0
sql_parse.cc;3777;0.030000;0.030000;0.0;0.0
sql_type.cc;1918;0.030000;0.030000;0.0;0.0
malloc.c;4222;0.030000;0.030000;0.0;0.0
item_cmpfunc.cc;526;0.030000;0.030000;0.0;0.0
net_serv.cc;970;0.030000;0.030000;0.0;0.0
sql_insert.cc;826;0.030000;0.030000;0.0;0.0
net_serv.cc;412;0.030000;0.030000;0.0;0.0
ha_innodb.cc;8368;0.030000;0.030000;0.0;0.0
ha_innodb.cc;7149;0.030000;0.030000;0.0;0.0
sql_base.cc;1721;0.030000;0.030000;0.0;0.0
pthread_getspecific.c;64;0.030000;0.030000;0.0;0.0
item.cc;4751;0.030000;0.030000;0.0;0.0
sql_select.cc;6181;0.030000;0.030000;0.0;0.0
row0mysql.cc;1029;0.030000;0.030000;0.0;0.0
memmove-vec-unaligned-erms.S;429;0.030000;0.030000;0.0;0.0
sql_select.cc;13402;0.030000;0.030000;0.0;0.0
sql_update.cc;3287;0.030000;0.030000;0.0;0.0
sql_select.cc;5200;0.030000;0.030000;0.0;0.0
atomic_base.h;536;0.030000;0.030000;0.0;0.0
btr0cur.cc;1476;0.030000;0.030000;0.0;0.0
buf0buf.inl;51;0.030000;0.030000;0.0;0.0
buf0lru.cc;686;0.030000;0.030000;0.0;0.0
crc32c_amd64.cc;144;0.030000;0.030000;0.0;0.0
crc32c_amd64.cc;717;0.030000;0.030000;0.0;0.0
dict0dict.cc;2183;0.030000;0.030000;0.0;0.0
dict0dict.inl;705;0.030000;0.030000;0.0;0.0
field.cc;4611;0.030000;0.030000;0.0;0.0
field.cc;934;0.030000;0.030000;0.0;0.0
field.h;4191;0.030000;0.030000;0.0;0.0
field.h;2901;0.030000;0.030000;0.0;0.0
fsp0fsp.cc;1419;0.030000;0.030000;0.0;0.0
ha_innodb.cc;5204;0.030000;0.030000;0.0;0.0
ha_innodb.cc;7478;0.030000;0.030000;0.0;0.0
ha_innodb.cc;2112;0.030000;0.030000;0.0;0.0
ha_innodb.cc;8391;0.030000;0.030000;0.0;0.0
ha_innodb.cc;8565;0.030000;0.030000;0.0;0.0
ha_innodb.cc;7756;0.030000;0.030000;0.0;0.0
handler.cc;1983;0.030000;0.030000;0.0;0.0
handler.cc;8276;0.030000;0.030000;0.0;0.0
item.cc;747;0.030000;0.030000;0.0;0.0
item.cc;6629;0.030000;0.030000;0.0;0.0
item.cc;4841;0.030000;0.030000;0.0;0.0
item.h;2629;0.030000;0.030000;0.0;0.0
item.h;3929;0.030000;0.030000;0.0;0.0
item.h;2685;0.030000;0.030000;0.0;0.0
item_cmpfunc.h;852;0.030000;0.030000;0.0;0.0
item_func.cc;566;0.030000;0.030000;0.0;0.0
lock.cc;466;0.030000;0.030000;0.0;0.0
lock0lock.cc;4211;0.030000;0.030000;0.0;0.0
lock0lock.cc;6363;0.030000;0.030000;0.0;0.0
lock0priv.inl;204;0.030000;0.030000;0.0;0.0
mach0data.inl;300;0.030000;0.030000;0.0;0.0
malloc.c;3932;0.030000;0.030000;0.0;0.0
malloc.c;1288;0.030000;0.030000;0.0;0.0
mdl.cc;2911;0.030000;0.030000;0.0;0.0
mdl.cc;2632;0.030000;0.030000;0.0;0.0
mdl.cc;1746;0.030000;0.030000;0.0;0.0
mem0mem.cc;258;0.030000;0.030000;0.0;0.0
memmove-vec-unaligned-erms.S;365;0.030000;0.030000;0.0;0.0
mf_qsort.c;197;0.030000;0.030000;0.0;0.0
mtr0mtr.cc;186;0.030000;0.030000;0.0;0.0
multi_range_read.cc;1730;0.030000;0.030000;0.0;0.0
multi_range_read.cc;546;0.030000;0.030000;0.0;0.0
multi_range_read.cc;637;0.030000;0.030000;0.0;0.0
my_alloc.c;521;0.030000;0.030000;0.0;0.0
my_bitmap.c;198;0.030000;0.030000;0.0;0.0
my_byteorder.h;202;0.030000;0.030000;0.0;0.0
my_malloc.c;110;0.030000;0.030000;0.0;0.0
mysql_socket.h;850;0.030000;0.030000;0.0;0.0
mysqld.cc;742;0.030000;0.030000;0.0;0.0
net_serv.cc;1063;0.030000;0.030000;0.0;0.0
opt_context_store_replay.cc;1651;0.030000;0.030000;0.0;0.0
opt_range.cc;1915;0.030000;0.030000;0.0;0.0
opt_range.cc;2735;0.030000;0.030000;0.0;0.0
opt_range.cc;9577;0.030000;0.030000;0.0;0.0
opt_range.cc;9450;0.030000;0.030000;0.0;0.0
opt_range.h;559;0.030000;0.030000;0.0;0.0
opt_range_mrr.cc;170;0.030000;0.030000;0.0;0.0
opt_sargable_left.cc;131;0.030000;0.030000;0.0;0.0
opt_subselect.cc;6720;0.030000;0.030000;0.0;0.0
page0cur.cc;462;0.030000;0.030000;0.0;0.0
page0cur.cc;533;0.030000;0.030000;0.0;0.0
page0cur.cc;580;0.030000;0.030000;0.0;0.0
page0cur.cc;577;0.030000;0.030000;0.0;0.0
protocol.cc;1355;0.030000;0.030000;0.0;0.0
pthread_mutex_lock.c;118;0.030000;0.030000;0.0;0.0
pthread_mutex_trylock.c;67;0.030000;0.030000;0.0;0.0
pthread_mutex_unlock.c;83;0.030000;0.030000;0.0;0.0
records.cc;398;0.030000;0.030000;0.0;0.0
rem0rec.inl;659;0.030000;0.030000;0.0;0.0
row0sel.cc;5770;0.030000;0.030000;0.0;0.0
row0sel.cc;4882;0.030000;0.030000;0.0;0.0
row0sel.cc;5870;0.030000;0.030000;0.0;0.0
row0upd.cc;2537;0.030000;0.030000;0.0;0.0
select_result.h;89;0.030000;0.030000;0.0;0.0
sql_acl.cc;10343;0.030000;0.030000;0.0;0.0
sql_audit.cc;135;0.030000;0.030000;0.0;0.0
sql_base.cc;6086;0.030000;0.030000;0.0;0.0
sql_base.cc;9843;0.030000;0.030000;0.0;0.0
sql_base.cc;1722;0.030000;0.030000;0.0;0.0
sql_base.cc;5972;0.030000;0.030000;0.0;0.0
sql_base.cc;6653;0.030000;0.030000;0.0;0.0
sql_base.h;663;0.030000;0.030000;0.0;0.0
sql_bitmap.h;168;0.030000;0.030000;0.0;0.0
sql_class.cc;8953;0.030000;0.030000;0.0;0.0
sql_delete.cc;176;0.030000;0.030000;0.0;0.0
sql_derived.cc;92;0.030000;0.030000;0.0;0.0
sql_error.h;1063;0.030000;0.030000;0.0;0.0
sql_lex.cc;5807;0.030000;0.030000;0.0;0.0
sql_list.h;824;0.030000;0.030000;0.0;0.0
sql_parse.cc;6127;0.030000;0.030000;0.0;0.0
sql_plist.h;195;0.030000;0.030000;0.0;0.0
sql_prepare.cc;3333;0.030000;0.030000;0.0;0.0
sql_select.cc;2089;0.030000;0.030000;0.0;0.0
sql_select.cc;500;0.030000;0.030000;0.0;0.0
sql_select.cc;3087;0.030000;0.030000;0.0;0.0
sql_select.cc;1604;0.030000;0.030000;0.0;0.0
sql_select.cc;6834;0.030000;0.030000;0.0;0.0
sql_select.cc;5832;0.030000;0.030000;0.0;0.0
sql_select.cc;21336;0.030000;0.030000;0.0;0.0
sql_select.cc;7331;0.030000;0.030000;0.0;0.0
sql_select.cc;2279;0.030000;0.030000;0.0;0.0
sql_select.cc;1622;0.030000;0.030000;0.0;0.0
sql_select.cc;14509;0.030000;0.030000;0.0;0.0
sql_select.cc;1831;0.030000;0.030000;0.0;0.0
sql_select.cc;5265;0.030000;0.030000;0.0;0.0
sql_select.cc;460;0.030000;0.030000;0.0;0.0
sql_select.h;2008;0.030000;0.030000;0.0;0.0
sql_statistics.cc;3267;0.030000;0.030000;0.0;0.0
sql_type.cc;1923;0.030000;0.030000;0.0;0.0
sql_union.cc;2956;0.030000;0.030000;0.0;0.0
sql_update.cc;523;0.030000;0.030000;0.0;0.0
sql_update.cc;861;0.030000;0.030000;0.0;0.0
sql_update.cc;3342;0.030000;0.030000;0.0;0.0
srw_lock.cc;311;0.030000;0.030000;0.0;0.0
srw_lock.h;254;0.030000;0.030000;0.0;0.0
structs.h;467;0.030000;0.030000;0.0;0.0
table.cc;9090;0.030000;0.030000;0.0;0.0
table.cc;6371;0.030000;0.030000;0.0;0.0
table.cc;5992;0.030000;0.030000;0.0;0.0
table.cc;10486;0.030000;0.030000;0.0;0.0
table.h;2058;0.030000;0.030000;0.0;0.0
tpool_structs.h;292;0.030000;0.030000;0.0;0.0
viosocket.c;398;0.030000;0.030000;0.0;0.0
sql_select.cc;6822;0.030000;0.030000;0.0;0.0
sql_parse.cc;1450;0.030000;0.030000;0.0;0.0
item_cmpfunc.cc;713;0.030000;0.030000;0.0;0.0
opt_range_mrr.cc;297;0.030000;0.030000;0.0;0.0
sql_prepare.cc;4800;0.030000;0.030000;0.0;0.0
sql_list.h;435;0.030000;0.030000;0.0;0.0
mem0mem.inl;191;0.030000;0.030000;0.0;0.0
log0sync.cc;286;0.030000;0.030000;0.0;0.0
handler.h;2194;0.030000;0.030000;0.0;0.0
sql_base.cc;888;0.030000;0.030000;0.0;0.0
sql_lex.cc;5916;0.030000;0.030000;0.0;0.0
sux_lock.h;292;0.030000;0.030000;0.0;0.0
stl_algobase.h;239;0.030000;0.030000;0.0;0.0
ha_innodb.cc;7706;0.030000;0.030000;0.0;0.0
item.cc;4394;0.030000;0.030000;0.0;0.0
sql_select.cc;2765;0.030000;0.030000;0.0;0.0
sql_base.cc;1720;0.030000;0.030000;0.0;0.0
privilege.h;799;0.030000;0.030000;0.0;0.0
opt_range.cc;2893;0.030000;0.030000;0.0;0.0
transaction.cc;516;0.030000;0.030000;0.0;0.0
crc32c_amd64.cc;149;0.030000;0.030000;0.0;0.0
mysqld.cc;742;0.030000;0.030000;0.0;0.0
dict0dict.inl;273;0.030000;0.030000;0.0;0.0
stl_vector.h;1434;0.030000;0.030000;0.0;0.0
opt_range.cc;2981;0.030000;0.030000;0.0;0.0
handler.cc;7484;0.030000;0.030000;0.0;0.0
btr0cur.cc;3217;0.030000;0.030000;0.0;0.0
page0cur.cc;217;0.030000;0.030000;0.0;0.0
handler.cc;1757;0.030000;0.030000;0.0;0.0
data0data.inl;95;0.030000;0.030000;0.0;0.0
lock0priv.inl;230;0.030000;0.030000;0.0;0.0
item.h;4764;0.030000;0.030000;0.0;0.0
opt_context_store_replay.cc;666;0.030000;0.030000;0.0;0.0
sql_acl.cc;10317;0.030000;0.030000;0.0;0.0
net_serv.cc;1102;0.030000;0.030000;0.0;0.0
opt_range.cc;4189;0.030000;0.030000;0.0;0.0
field.cc;2621;0.030000;0.030000;0.0;0.0
opt_range.cc;10434;0.029999;0.029999;0.0;0.0
sql_lex.h;1017;0.029999;0.029999;0.0;0.0
item_cmpfunc.h;114;0.029999;0.029999;0.0;0.0
sql_select.cc;18098;0.029999;0.029999;0.0;0.0
sql_select.cc;6928;0.029999;0.029999;0.0;0.0
row0sel.cc;4164;0.029999;0.029999;0.0;0.0
sql_select.cc;16645;0.029999;0.029999;0.0;0.0
sql_base.cc;9198;0.029999;0.029999;0.0;0.0
semisync_master.cc;762;0.029999;0.029999;0.0;0.0
page0cur.cc;338;0.029999;0.029999;0.0;0.0
sql_select.cc;1680;0.029999;0.029999;0.0;0.0
handler.cc;9746;0.029999;0.029999;0.0;0.0
memmove-vec-unaligned-erms.S;417;0.029999;0.029999;0.0;0.0
sql_base.cc;2416;0.029999;0.029999;0.0;0.0
sql_base.cc;4491;0.029999;0.029999;0.0;0.0
sql_lex.h;1452;0.029999;0.029999;0.0;0.0
sql_class.cc;3450;0.029999;0.029999;0.0;0.0
psi_noop.c;849;0.029999;0.029999;0.0;0.0
item.h;2932;0.029999;0.029999;0.0;0.0
mtr0mtr.cc;1176;0.029999;0.029999;0.0;0.0
sql_class.cc;2594;0.029999;0.029999;0.0;0.0
protocol.cc;1743;0.029999;0.029999;0.0;0.0
row0sel.cc;3079;0.029999;0.029999;0.0;0.0
sql_update.cc;2380;0.029999;0.029999;0.0;0.0
rem0rec.cc;430;0.029999;0.029999;0.0;0.0
mdl.h;357;0.029999;0.029999;0.0;0.0
row0mysql.cc;1623;0.029999;0.029999;0.0;0.0
sql_parse.cc;1275;0.029999;0.029999;0.0;0.0
sql_base.cc;4941;0.029999;0.029999;0.0;0.0
sql_base.cc;9830;0.029999;0.029999;0.0;0.0
sql_string.h;935;0.029999;0.029999;0.0;0.0
field.cc;11421;0.029999;0.029999;0.0;0.0
ha_innodb.cc;7872;0.029999;0.029999;0.0;0.0
rem0rec.cc;267;0.029999;0.029999;0.0;0.0
opt_range.cc;2754;0.029999;0.029999;0.0;0.0
sql_prepare.cc;3260;0.029999;0.029999;0.0;0.0
sql_string.h;687;0.029999;0.029999;0.0;0.0
opt_subselect.cc;4079;0.029999;0.029999;0.0;0.0
sql_prepare.cc;3224;0.029999;0.029999;0.0;0.0
rem0rec.inl;651;0.029999;0.029999;0.0;0.0
sql_base.cc;7013;0.029999;0.029999;0.0;0.0
page0cur.cc;216;0.029999;0.029999;0.0;0.0
sql_prepare.cc;3585;0.029999;0.029999;0.0;0.0
sql_type.h;3375;0.029999;0.029999;0.0;0.0
opt_range.cc;13019;0.029999;0.029999;0.0;0.0
ha_innodb.cc;16771;0.029999;0.029999;0.0;0.0
rem0cmp.cc;221;0.029999;0.029999;0.0;0.0
opt_range.cc;1342;0.029999;0.029999;0.0;0.0
sql_base.cc;2451;0.029999;0.029999;0.0;0.0
sql_prepare.cc;5581;0.029999;0.029999;0.0;0.0
opt_context_store_replay.cc;2392;0.029999;0.029999;0.0;0.0
records.cc;196;0.029999;0.029999;0.0;0.0
stl_set.h;438;0.029999;0.029999;0.0;0.0
sql_select.cc;5242;0.029999;0.029999;0.0;0.0
viosocket.c;955;0.029999;0.029999;0.0;0.0
sql_class.cc;6434;0.029999;0.029999;0.0;0.0
page0cur.cc;129;0.029999;0.029999;0.0;0.0
mdl.cc;1352;0.029999;0.029999;0.0;0.0
sql_select.cc;2496;0.029999;0.029999;0.0;0.0
mtr0log.h;87;0.029999;0.029999;0.0;0.0
memcmp-avx2-movbe.S;443;0.029999;0.029999;0.0;0.0
sql_delete.cc;1907;0.029999;0.029999;0.0;0.0
mdl.cc;2897;0.029999;0.029999;0.0;0.0
multi_range_read.cc;625;0.029999;0.029999;0.0;0.0
sql_analyze_stmt.h;81;0.029999;0.029999;0.0;0.0
sql_delete.cc;1863;0.029999;0.029999;0.0;0.0
sql_error.cc;326;0.029999;0.029999;0.0;0.0
item.cc;1040;0.029999;0.029999;0.0;0.0
table.h;3256;0.029998;0.029998;0.0;0.0
dict0mem.h;2171;0.029998;0.029998;0.0;0.0
table.h;3190;0.029998;0.029998;0.0;0.0
sql_parse.cc;6146;0.029998;0.029998;0.0;0.0
stl_algobase.h;674;0.029998;0.029998;0.0;0.0
item.h;4720;0.029998;0.029998;0.0;0.0
sql_type.cc;9123;0.029998;0.029998;0.0;0.0
sql_parse.cc;1613;0.029998;0.029998;0.0;0.0
sql_list.h;60;0.029998;0.029998;0.0;0.0
item.cc;4584;0.029998;0.029998;0.0;0.0
opt_range_mrr.cc;98;0.029998;0.029998;0.0;0.0
item.cc;6617;0.029998;0.029998;0.0;0.0
trx0trx.cc;2176;0.029998;0.029998;0.0;0.0
sql_class.h;4868;0.029998;0.029998;0.0;0.0
sql_select.cc;5151;0.029998;0.029998;0.0;0.0
dict0dict.inl;170;0.029998;0.029998;0.0;0.0
sql_select.cc;3805;0.029998;0.029998;0.0;0.0
memmove-vec-unaligned-erms.S;490;0.029998;0.029998;0.0;0.0
sql_prepare.cc;3185;0.029998;0.029998;0.0;0.0
sql_select.cc;4351;0.029998;0.029998;0.0;0.0
btr0pcur.inl;322;0.029998;0.029998;0.0;0.0
item_cmpfunc.cc;779;0.029998;0.029998;0.0;0.0
thr_malloc.cc;63;0.029998;0.029998;0.0;0.0
sql_update.cc;356;0.029998;0.029998;0.0;0.0
sql_prepare.cc;405;0.029998;0.029998;0.0;0.0
field.cc;104;0.029998;0.029998;0.0;0.0
row0ins.cc;3517;0.029998;0.029998;0.0;0.0
rem0rec.inl;659;0.029998;0.029998;0.0;0.0
net_serv.cc;1069;0.029998;0.029998;0.0;0.0
sql_error.cc;377;0.029998;0.029998;0.0;0.0
buf0flu.cc;2438;0.029998;0.029998;0.0;0.0
opt_range.cc;7973;0.029998;0.029998;0.0;0.0
multi_range_read.cc;1142;0.029997;0.029997;0.0;0.0
sql_prepare.cc;5374;0.029997;0.029997;0.0;0.0
sql_select.cc;31413;0.029997;0.029997;0.0;0.0
field.cc;986;0.029997;0.029997;0.0;0.0
btr0btr.inl;102;0.029997;0.029997;0.0;0.0
sql_select.cc;1432;0.029997;0.029997;0.0;0.0
sql_prepare.cc;3657;0.029997;0.029997;0.0;0.0
page0cur.cc;227;0.029997;0.029997;0.0;0.0
sql_class.cc;6168;0.029997;0.029997;0.0;0.0
sql_select.cc;1207;0.029997;0.029997;0.0;0.0
trx0rec.cc;1238;0.029997;0.029997;0.0;0.0
field.cc;2619;0.029997;0.029997;0.0;0.0
sql_base.cc;9403;0.029997;0.029997;0.0;0.0
mdl.cc;2613;0.029997;0.029997;0.0;0.0
handler.cc;2134;0.029996;0.029996;0.0;0.0
net_serv.cc;1231;0.029996;0.029996;0.0;0.0
crc32c.cc;532;0.029996;0.029996;0.0;0.0
hash.c;197;0.029996;0.029996;0.0;0.0
data0data.inl;93;0.029996;0.029996;0.0;0.0
sql_base.cc;835;0.029995;0.029995;0.0;0.0
row0sel.cc;2955;0.029992;0.029992;0.0;0.0
psi_noop.c;344;0.029991;0.029991;0.0;0.0
item_cmpfunc.cc;554;0.029006;0.029006;0.0;0.0
my_alloc.c;672;0.029004;0.029004;0.0;0.0
opt_range.cc;12992;0.029002;0.029002;0.0;0.0
item.cc;4781;0.029002;0.029002;0.0;0.0
sql_cache.cc;1711;0.029001;0.029001;0.0;0.0
sql_parse.cc;1646;0.029001;0.029001;0.0;0.0
rem0rec.cc;709;0.029001;0.029001;0.0;0.0
sql_explain.cc;904;0.029001;0.029001;0.0;0.0
trx0trx.cc;1753;0.029000;0.029000;0.0;0.0
sql_select.cc;1816;0.029000;0.029000;0.0;0.0
page0cur.cc;604;0.029000;0.029000;0.0;0.0
field.h;925;0.029000;0.029000;0.0;0.0
sql_base.cc;2296;0.029000;0.029000;0.0;0.0
sql_type.cc;190;0.029000;0.029000;0.0;0.0
sql_select.cc;4838;0.029000;0.029000;0.0;0.0
row0mysql.cc;1688;0.028999;0.028999;0.0;0.0
net_serv.cc;642;0.028999;0.028999;0.0;0.0
data0data.inl;94;0.028999;0.028999;0.0;0.0
sql_select.cc;31101;0.028999;0.028999;0.0;0.0
ha_innodb.cc;7513;0.028999;0.028999;0.0;0.0
sql_plist.h;177;0.028999;0.028999;0.0;0.0
opt_range.cc;7466;0.028998;0.028998;0.0;0.0
ha_innodb.cc;7375;0.028998;0.028998;0.0;0.0
sql_base.cc;8249;0.028998;0.028998;0.0;0.0
item.cc;5129;0.028998;0.028998;0.0;0.0
ha_innodb.cc;7463;0.028997;0.028997;0.0;0.0
sql_base.cc;1308;0.028001;0.028001;0.0;0.0
sql_statistics.cc;3264;0.027998;0.027998;0.0;0.0
item.h;1160;0.027994;0.027994;0.0;0.0
sql_parse.cc;5561;0.026999;0.026999;0.0;0.0
sql_parse.cc;6931;0.026992;0.026992;0.0;0.0
sql_string.cc;267;0.023001;0.023001;0.0;0.0
item.cc;11831;0.023001;0.023001;0.0;0.0
sql_base.cc;4371;0.022000;0.022000;0.0;0.0
field.cc;2246;0.022000;0.022000;0.0;0.0
sql_select.cc;1591;0.022000;0.022000;0.0;0.0
ha_innodb.cc;5958;0.021002;0.021002;0.0;0.0
sql_update.cc;1350;0.021002;0.021002;0.0;0.0
sql_base.cc;2363;0.021001;0.021001;0.0;0.0
malloc.c;3251;0.021001;0.021001;0.0;0.0
sql_select.cc;34978;0.021001;0.021001;0.0;0.0
sql_parse.cc;4508;0.021001;0.021001;0.0;0.0
row0ins.cc;3042;0.021001;0.021001;0.0;0.0
sql_select.cc;5614;0.021001;0.021001;0.0;0.0
sql_update.cc;1799;0.021001;0.021001;0.0;0.0
sql_error.h;830;0.021001;0.021001;0.0;0.0
thr_malloc.cc;64;0.021001;0.021001;0.0;0.0
ha_innodb.cc;8835;0.021000;0.021000;0.0;0.0
sql_prepare.cc;3260;0.021000;0.021000;0.0;0.0
sql_string.h;111;0.021000;0.021000;0.0;0.0
trx0sys.h;682;0.021000;0.021000;0.0;0.0
mdl.cc;2475;0.021000;0.021000;0.0;0.0
sql_select.cc;5251;0.021000;0.021000;0.0;0.0
lf_alloc-pin.c;458;0.020999;0.020999;0.0;0.0
field.cc;961;0.020999;0.020999;0.0;0.0
mdl.cc;504;0.020999;0.020999;0.0;0.0
sql_base.cc;5323;0.020999;0.020999;0.0;0.0
multi_range_read.cc;187;0.020999;0.020999;0.0;0.0
btr0cur.cc;4342;0.020999;0.020999;0.0;0.0
array.c;216;0.020999;0.020999;0.0;0.0
lf_dynarray.c;143;0.020998;0.020998;0.0;0.0
malloc.c;3289;0.020998;0.020998;0.0;0.0
page0page.cc;209;0.020998;0.020998;0.0;0.0
srw_lock.cc;399;0.020998;0.020998;0.0;0.0
sql_select.cc;25162;0.020998;0.020998;0.0;0.0
item_cmpfunc.cc;521;0.020997;0.020997;0.0;0.0
lock0lock.cc;6610;0.020991;0.020991;0.0;0.0
rem0cmp.h;171;0.020006;0.020006;0.0;0.0
sql_select.cc;5876;0.020006;0.020006;0.0;0.0
opt_range.cc;1379;0.020003;0.020003;0.0;0.0
hashtable.h;2212;0.020003;0.020003;0.0;0.0
page0cur.cc;226;0.020003;0.020003;0.0;0.0
sql_type.h;5473;0.020003;0.020003;0.0;0.0
memmove-vec-unaligned-erms.S;333;0.020003;0.020003;0.0;0.0
sql_delete.cc;1062;0.020003;0.020003;0.0;0.0
sql_base.cc;6656;0.020002;0.020002;0.0;0.0
table.h;3690;0.020002;0.020002;0.0;0.0
ha_innodb.cc;7338;0.020002;0.020002;0.0;0.0
sql_select.cc;28840;0.020002;0.020002;0.0;0.0
sql_select.cc;31158;0.020002;0.020002;0.0;0.0
item.h;768;0.020002;0.020002;0.0;0.0
sql_select.cc;4866;0.020002;0.020002;0.0;0.0
item.h;1289;0.020002;0.020002;0.0;0.0
sql_select.cc;30019;0.020002;0.020002;0.0;0.0
records.cc;351;0.020002;0.020002;0.0;0.0
sql_select.cc;2021;0.020002;0.020002;0.0;0.0
handler.h;5345;0.020002;0.020002;0.0;0.0
item.h;6016;0.020002;0.020002;0.0;0.0
page0page.cc;120;0.020001;0.020001;0.0;0.0
memmove-vec-unaligned-erms.S;486;0.020001;0.020001;0.0;0.0
my_alloc.c;424;0.020001;0.020001;0.0;0.0
mdl.cc;1399;0.020001;0.020001;0.0;0.0
sql_update.cc;993;0.020001;0.020001;0.0;0.0
net_serv.cc;392;0.020001;0.020001;0.0;0.0
btr0sea.h;436;0.020001;0.020001;0.0;0.0
field.cc;7570;0.020001;0.020001;0.0;0.0
item.cc;3775;0.020001;0.020001;0.0;0.0
sql_select.cc;2514;0.020001;0.020001;0.0;0.0
btr0cur.cc;3321;0.020001;0.020001;0.0;0.0
opt_trace_context.h;108;0.020001;0.020001;0.0;0.0
sql_statistics.cc;3261;0.020001;0.020001;0.0;0.0
sql_update.cc;996;0.020001;0.020001;0.0;0.0
opt_range_mrr.cc;247;0.020001;0.020001;0.0;0.0
sql_lex.cc;6324;0.020001;0.020001;0.0;0.0
sql_parse.cc;6152;0.020001;0.020001;0.0;0.0
malloc.c;3008;0.020001;0.020001;0.0;0.0
sql_parse.cc;3477;0.020001;0.020001;0.0;0.0
sql_insert.h;51;0.020001;0.020001;0.0;0.0
sql_select.cc;619;0.020001;0.020001;0.0;0.0
dict0mem.h;1395;0.020001;0.020001;0.0;0.0
item.h;4628;0.020001;0.020001;0.0;0.0
sql_class.cc;1052;0.020001;0.020001;0.0;0.0
btr0pcur.cc;177;0.020001;0.020001;0.0;0.0
sql_type.h;3178;0.020001;0.020001;0.0;0.0
opt_range_mrr.cc;313;0.020001;0.020001;0.0;0.0
row0sel.cc;5493;0.020001;0.020001;0.0;0.0
sql_class.h;6425;0.020001;0.020001;0.0;0.0
handler.h;4393;0.020001;0.020001;0.0;0.0
ha_innodb.h;427;0.020001;0.020001;0.0;0.0
sql_select.cc;4913;0.020001;0.020001;0.0;0.0
protocol.cc;1263;0.020001;0.020001;0.0;0.0
sql_select.cc;2509;0.020001;0.020001;0.0;0.0
sql_insert.cc;1253;0.020001;0.020001;0.0;0.0
opt_range.h;541;0.020001;0.020001;0.0;0.0
table.cc;8001;0.020001;0.020001;0.0;0.0
sql_delete.cc;116;0.020001;0.020001;0.0;0.0
sql_array.h;122;0.020001;0.020001;0.0;0.0
opt_range.cc;3204;0.020001;0.020001;0.0;0.0
sql_select.cc;21342;0.020001;0.020001;0.0;0.0
handler.cc;8259;0.020001;0.020001;0.0;0.0
item.cc;3771;0.020001;0.020001;0.0;0.0
field.cc;7522;0.020001;0.020001;0.0;0.0
trx0rec.cc;1103;0.020001;0.020001;0.0;0.0
opt_range.cc;9889;0.020001;0.020001;0.0;0.0
sql_update.cc;1358;0.020001;0.020001;0.0;0.0
field.h;1294;0.020001;0.020001;0.0;0.0
sql_select.cc;1599;0.020001;0.020001;0.0;0.0
sql_prepare.cc;3255;0.020001;0.020001;0.0;0.0
handler.cc;1716;0.020001;0.020001;0.0;0.0
sql_insert.cc;1250;0.020001;0.020001;0.0;0.0
sql_limit.h;44;0.020001;0.020001;0.0;0.0
memmove-vec-unaligned-erms.S;323;0.020001;0.020001;0.0;0.0
sql_base.cc;3167;0.020001;0.020001;0.0;0.0
strcmp-avx2.S;303;0.020001;0.020001;0.0;0.0
sql_list.h;753;0.020001;0.020001;0.0;0.0
row0mysql.cc;1317;0.020001;0.020001;0.0;0.0
field.cc;11690;0.020001;0.020001;0.0;0.0
multi_range_read.cc;1741;0.020001;0.020001;0.0;0.0
page0cur.inl;136;0.020001;0.020001;0.0;0.0
sql_explain.cc;82;0.020001;0.020001;0.0;0.0
sql_update.cc;594;0.020001;0.020001;0.0;0.0
lock0lock.cc;464;0.020001;0.020001;0.0;0.0
item_func.cc;150;0.020001;0.020001;0.0;0.0
lock.cc;856;0.020001;0.020001;0.0;0.0
malloc.c;3350;0.020001;0.020001;0.0;0.0
sql_select.cc;1472;0.020001;0.020001;0.0;0.0
sp_cache.cc;259;0.020001;0.020001;0.0;0.0
row0sel.cc;4510;0.020001;0.020001;0.0;0.0
my_bitmap.c;574;0.020001;0.020001;0.0;0.0
sql_update.cc;1919;0.020001;0.020001;0.0;0.0
row0sel.cc;3168;0.020001;0.020001;0.0;0.0
sql_base.cc;2126;0.020001;0.020001;0.0;0.0
table.cc;6688;0.020001;0.020001;0.0;0.0
array.c;103;0.020001;0.020001;0.0;0.0
sql_parse.cc;7516;0.020001;0.020001;0.0;0.0
sql_select.cc;3268;0.020001;0.020001;0.0;0.0
sql_lex.cc;6327;0.020001;0.020001;0.0;0.0
lf_hash.cc;435;0.020001;0.020001;0.0;0.0
memmove-vec-unaligned-erms.S;263;0.020001;0.020001;0.0;0.0
opt_range.cc;9434;0.020001;0.020001;0.0;0.0
protocol.cc;1050;0.020001;0.020001;0.0;0.0
que0que.inl;37;0.020001;0.020001;0.0;0.0
lf_hash.cc;488;0.020001;0.020001;0.0;0.0
sql_update.cc;2044;0.020001;0.020001;0.0;0.0
sql_type_json.cc;117;0.020000;0.020000;0.0;0.0
sql_parse.cc;7461;0.020000;0.020000;0.0;0.0
sql_select.cc;17864;0.020000;0.020000;0.0;0.0
pwrite64.c;26;0.020000;0.020000;0.0;0.0
opt_range.cc;12825;0.020000;0.020000;0.0;0.0
row0sel.cc;4816;0.020000;0.020000;0.0;0.0
sql_acl.cc;10346;0.020000;0.020000;0.0;0.0
my_vsnprintf.c;803;0.020000;0.020000;0.0;0.0
sql_select.cc;17460;0.020000;0.020000;0.0;0.0
sql_acl.cc;10028;0.020000;0.020000;0.0;0.0
sql_base.cc;9040;0.020000;0.020000;0.0;0.0
sql_acl.cc;10313;0.020000;0.020000;0.0;0.0
field.cc;4688;0.020000;0.020000;0.0;0.0
row0mysql.cc;1750;0.020000;0.020000;0.0;0.0
sql_select.cc;3097;0.020000;0.020000;0.0;0.0
sql_profile.h;287;0.020000;0.020000;0.0;0.0
sql_select.cc;19757;0.020000;0.020000;0.0;0.0
ha_innodb.cc;3643;0.020000;0.020000;0.0;0.0
row0mysql.cc;570;0.020000;0.020000;0.0;0.0
temporary_tables.cc;977;0.020000;0.020000;0.0;0.0
opt_range.cc;13005;0.020000;0.020000;0.0;0.0
rem0rec.cc;841;0.020000;0.020000;0.0;0.0
memset-vec-unaligned-erms.S;384;0.020000;0.020000;0.0;0.0
memmove-vec-unaligned-erms.S;367;0.020000;0.020000;0.0;0.0
page0cur.cc;628;0.020000;0.020000;0.0;0.0
temporary_tables.cc;545;0.020000;0.020000;0.0;0.0
sql_lex.h;1657;0.020000;0.020000;0.0;0.0
ha_innodb.cc;7741;0.020000;0.020000;0.0;0.0
sql_select.cc;5146;0.020000;0.020000;0.0;0.0
ha_innodb.cc;9256;0.020000;0.020000;0.0;0.0
sql_select.cc;558;0.020000;0.020000;0.0;0.0
sql_select.cc;6181;0.020000;0.020000;0.0;0.0
table.cc;7795;0.020000;0.020000;0.0;0.0
sql_select.h;1999;0.020000;0.020000;0.0;0.0
item_cmpfunc.cc;535;0.020000;0.020000;0.0;0.0
sql_union.cc;2969;0.020000;0.020000;0.0;0.0
sql_select.cc;17340;0.020000;0.020000;0.0;0.0
handler.h;2046;0.020000;0.020000;0.0;0.0
multi_range_read.cc;619;0.020000;0.020000;0.0;0.0
protocol.cc;1735;0.020000;0.020000;0.0;0.0
table.cc;7882;0.020000;0.020000;0.0;0.0
mdl.cc;3769;0.020000;0.020000;0.0;0.0
row0sel.cc;5723;0.020000;0.020000;0.0;0.0
page0cur.cc;889;0.020000;0.020000;0.0;0.0
handler.cc;7990;0.020000;0.020000;0.0;0.0
sql_type.cc;1604;0.020000;0.020000;0.0;0.0
sql_select.cc;1696;0.020000;0.020000;0.0;0.0
page0cur.cc;1824;0.020000;0.020000;0.0;0.0
memcmp-avx2-movbe.S;440;0.020000;0.020000;0.0;0.0
ha_innodb.cc;8242;0.020000;0.020000;0.0;0.0
my_bitmap.h;116;0.020000;0.020000;0.0;0.0
row0mysql.cc;1041;0.020000;0.020000;0.0;0.0
sql_select.cc;13913;0.020000;0.020000;0.0;0.0
arena.c;145;0.020000;0.020000;0.0;0.0
array.c;61;0.020000;0.020000;0.0;0.0
array.c;56;0.020000;0.020000;0.0;0.0
array.c;73;0.020000;0.020000;0.0;0.0
array.c;106;0.020000;0.020000;0.0;0.0
atomic_base.h;631;0.020000;0.020000;0.0;0.0
btr0cur.cc;3263;0.020000;0.020000;0.0;0.0
btr0cur.cc;2345;0.020000;0.020000;0.0;0.0
btr0cur.cc;3034;0.020000;0.020000;0.0;0.0
btr0cur.cc;3042;0.020000;0.020000;0.0;0.0
btr0cur.cc;1157;0.020000;0.020000;0.0;0.0
btr0cur.cc;1554;0.020000;0.020000;0.0;0.0
btr0cur.cc;3316;0.020000;0.020000;0.0;0.0
btr0cur.cc;1597;0.020000;0.020000;0.0;0.0
btr0pcur.cc;189;0.020000;0.020000;0.0;0.0
btr0pcur.cc;440;0.020000;0.020000;0.0;0.0
buf0buf.h;1533;0.020000;0.020000;0.0;0.0
buf0flu.cc;793;0.020000;0.020000;0.0;0.0
buf0flu.cc;2391;0.020000;0.020000;0.0;0.0
buf0types.h;96;0.020000;0.020000;0.0;0.0
crc32c_amd64.cc;719;0.020000;0.020000;0.0;0.0
crc32c_amd64.cc;188;0.020000;0.020000;0.0;0.0
ctype-unidata.h;126;0.020000;0.020000;0.0;0.0
data0data.inl;297;0.020000;0.020000;0.0;0.0
dict0dict.inl;167;0.020000;0.020000;0.0;0.0
dict0dict.inl;64;0.020000;0.020000;0.0;0.0
dict0mem.h;613;0.020000;0.020000;0.0;0.0
field.cc;7562;0.020000;0.020000;0.0;0.0
field.cc;7554;0.020000;0.020000;0.0;0.0
field.cc;2649;0.020000;0.020000;0.0;0.0
field.cc;7565;0.020000;0.020000;0.0;0.0
field.cc;4658;0.020000;0.020000;0.0;0.0
field.cc;2250;0.020000;0.020000;0.0;0.0
field.cc;984;0.020000;0.020000;0.0;0.0
field.h;1196;0.020000;0.020000;0.0;0.0
field.h;2277;0.020000;0.020000;0.0;0.0
field.h;2902;0.020000;0.020000;0.0;0.0
field.h;1518;0.020000;0.020000;0.0;0.0
field.h;925;0.020000;0.020000;0.0;0.0
field.h;2287;0.020000;0.020000;0.0;0.0
field.h;1565;0.020000;0.020000;0.0;0.0
ha_innodb.cc;16621;0.020000;0.020000;0.0;0.0
ha_innodb.cc;7706;0.020000;0.020000;0.0;0.0
ha_innodb.cc;16624;0.020000;0.020000;0.0;0.0
ha_innodb.cc;7231;0.020000;0.020000;0.0;0.0
ha_innodb.cc;7905;0.020000;0.020000;0.0;0.0
ha_innodb.cc;7815;0.020000;0.020000;0.0;0.0
ha_innodb.cc;8755;0.020000;0.020000;0.0;0.0
ha_innodb.cc;2707;0.020000;0.020000;0.0;0.0
ha_innodb.cc;8571;0.020000;0.020000;0.0;0.0
ha_innodb.cc;15185;0.020000;0.020000;0.0;0.0
ha_innodb.cc;7369;0.020000;0.020000;0.0;0.0
ha_innodb.cc;7297;0.020000;0.020000;0.0;0.0
ha_innodb.cc;3653;0.020000;0.020000;0.0;0.0
ha_innodb.cc;7380;0.020000;0.020000;0.0;0.0
ha_innodb.cc;15242;0.020000;0.020000;0.0;0.0
ha_innodb.cc;7477;0.020000;0.020000;0.0;0.0
handler.cc;5730;0.020000;0.020000;0.0;0.0
handler.cc;6452;0.020000;0.020000;0.0;0.0
handler.cc;8570;0.020000;0.020000;0.0;0.0
handler.cc;2170;0.020000;0.020000;0.0;0.0
handler.cc;8075;0.020000;0.020000;0.0;0.0
handler.cc;9745;0.020000;0.020000;0.0;0.0
handler.cc;1875;0.020000;0.020000;0.0;0.0
handler.h;2151;0.020000;0.020000;0.0;0.0
handler.h;2223;0.020000;0.020000;0.0;0.0
hash.c;277;0.020000;0.020000;0.0;0.0
item.cc;4774;0.020000;0.020000;0.0;0.0
item.cc;3384;0.020000;0.020000;0.0;0.0
item.cc;5111;0.020000;0.020000;0.0;0.0
item.cc;589;0.020000;0.020000;0.0;0.0
item.cc;6764;0.020000;0.020000;0.0;0.0
item.cc;11804;0.020000;0.020000;0.0;0.0
item.h;4083;0.020000;0.020000;0.0;0.0
item.h;2634;0.020000;0.020000;0.0;0.0
item.h;4897;0.020000;0.020000;0.0;0.0
item.h;2735;0.020000;0.020000;0.0;0.0
item.h;2223;0.020000;0.020000;0.0;0.0
item.h;3187;0.020000;0.020000;0.0;0.0
item.h;4629;0.020000;0.020000;0.0;0.0
item.h;4829;0.020000;0.020000;0.0;0.0
item_cmpfunc.cc;690;0.020000;0.020000;0.0;0.0
item_cmpfunc.cc;107;0.020000;0.020000;0.0;0.0
item_cmpfunc.cc;521;0.020000;0.020000;0.0;0.0
item_cmpfunc.h;114;0.020000;0.020000;0.0;0.0
item_func.cc;144;0.020000;0.020000;0.0;0.0
item_func.cc;146;0.020000;0.020000;0.0;0.0
item_func.cc;148;0.020000;0.020000;0.0;0.0
lf_hash.cc;496;0.020000;0.020000;0.0;0.0
lf_hash.cc;452;0.020000;0.020000;0.0;0.0
lf_hash.cc;164;0.020000;0.020000;0.0;0.0
lock.cc;344;0.020000;0.020000;0.0;0.0
lock.cc;157;0.020000;0.020000;0.0;0.0
lock0lock.cc;2043;0.020000;0.020000;0.0;0.0
lock0lock.cc;6632;0.020000;0.020000;0.0;0.0
mach0data.inl;141;0.020000;0.020000;0.0;0.0
mach0data.inl;213;0.020000;0.020000;0.0;0.0
malloc.c;3944;0.020000;0.020000;0.0;0.0
malloc.c;4417;0.020000;0.020000;0.0;0.0
malloc.c;4265;0.020000;0.020000;0.0;0.0
malloc.c;4268;0.020000;0.020000;0.0;0.0
malloc.c;3347;0.020000;0.020000;0.0;0.0
malloc.c;3374;0.020000;0.020000;0.0;0.0
malloc.c;4371;0.020000;0.020000;0.0;0.0
malloc.c;3261;0.020000;0.020000;0.0;0.0
malloc.c;4528;0.020000;0.020000;0.0;0.0
mdl.cc;1056;0.020000;0.020000;0.0;0.0
mdl.cc;2607;0.020000;0.020000;0.0;0.0
mdl.cc;3581;0.020000;0.020000;0.0;0.0
mdl.cc;1979;0.020000;0.020000;0.0;0.0
mdl.cc;1743;0.020000;0.020000;0.0;0.0
mdl.cc;3532;0.020000;0.020000;0.0;0.0
mdl.cc;1593;0.020000;0.020000;0.0;0.0
mem_root_array.h;156;0.020000;0.020000;0.0;0.0
memcmp-avx2-movbe.S;446;0.020000;0.020000;0.0;0.0
memcmp-avx2-movbe.S;415;0.020000;0.020000;0.0;0.0
memmove-vec-unaligned-erms.S;498;0.020000;0.020000;0.0;0.0
memmove-vec-unaligned-erms.S;487;0.020000;0.020000;0.0;0.0
memmove-vec-unaligned-erms.S;271;0.020000;0.020000;0.0;0.0
memset-vec-unaligned-erms.S;394;0.020000;0.020000;0.0;0.0
mf_qsort.c;131;0.020000;0.020000;0.0;0.0
mtr0log.h;119;0.020000;0.020000;0.0;0.0
mtr0log.h;56;0.020000;0.020000;0.0;0.0
mtr0log.h;138;0.020000;0.020000;0.0;0.0
mtr0mtr.cc;1738;0.020000;0.020000;0.0;0.0
mtr0mtr.cc;470;0.020000;0.020000;0.0;0.0
mtr0mtr.cc;92;0.020000;0.020000;0.0;0.0
mtr0mtr.cc;468;0.020000;0.020000;0.0;0.0
multi_range_read.cc;1127;0.020000;0.020000;0.0;0.0
multi_range_read.cc;605;0.020000;0.020000;0.0;0.0
my_alloc.c;407;0.020000;0.020000;0.0;0.0
my_alloc.c;500;0.020000;0.020000;0.0;0.0
my_alloc.c;410;0.020000;0.020000;0.0;0.0
my_alloc.c;677;0.020000;0.020000;0.0;0.0
my_bitmap.c;202;0.020000;0.020000;0.0;0.0
my_json_writer.h;646;0.020000;0.020000;0.0;0.0
my_malloc.c;220;0.020000;0.020000;0.0;0.0
my_vsnprintf.c;643;0.020000;0.020000;0.0;0.0
mysql_transaction.h;134;0.020000;0.020000;0.0;0.0
mysqld.cc;1226;0.020000;0.020000;0.0;0.0
net_serv.cc;1225;0.020000;0.020000;0.0;0.0
net_serv.cc;1221;0.020000;0.020000;0.0;0.0
net_serv.cc;933;0.020000;0.020000;0.0;0.0
net_serv.cc;997;0.020000;0.020000;0.0;0.0
opt_range.cc;1355;0.020000;0.020000;0.0;0.0
opt_range.cc;8868;0.020000;0.020000;0.0;0.0
opt_range.cc;9632;0.020000;0.020000;0.0;0.0
opt_range.cc;9636;0.020000;0.020000;0.0;0.0
opt_range.cc;8065;0.020000;0.020000;0.0;0.0
opt_range.cc;12794;0.020000;0.020000;0.0;0.0
opt_range.cc;9600;0.020000;0.020000;0.0;0.0
opt_range.cc;12710;0.020000;0.020000;0.0;0.0
opt_range.cc;2979;0.020000;0.020000;0.0;0.0
opt_range.cc;2315;0.020000;0.020000;0.0;0.0
opt_range.cc;8863;0.020000;0.020000;0.0;0.0
opt_range.cc;2916;0.020000;0.020000;0.0;0.0
opt_range.cc;2890;0.020000;0.020000;0.0;0.0
opt_range_mrr.cc;344;0.020000;0.020000;0.0;0.0
opt_sargable_left.cc;129;0.020000;0.020000;0.0;0.0
opt_subselect.cc;632;0.020000;0.020000;0.0;0.0
opt_vcol_substitution.cc;288;0.020000;0.020000;0.0;0.0
page0cur.cc;614;0.020000;0.020000;0.0;0.0
page0cur.cc;91;0.020000;0.020000;0.0;0.0
page0cur.cc;883;0.020000;0.020000;0.0;0.0
page0cur.cc;653;0.020000;0.020000;0.0;0.0
page0cur.cc;539;0.020000;0.020000;0.0;0.0
page0cur.cc;556;0.020000;0.020000;0.0;0.0
page0cur.cc;210;0.020000;0.020000;0.0;0.0
page0cur.cc;966;0.020000;0.020000;0.0;0.0
page0cur.cc;457;0.020000;0.020000;0.0;0.0
page0page.cc;1231;0.020000;0.020000;0.0;0.0
page0page.h;782;0.020000;0.020000;0.0;0.0
page0page.h;787;0.020000;0.020000;0.0;0.0
page0page.h;229;0.020000;0.020000;0.0;0.0
protocol.cc;1350;0.020000;0.020000;0.0;0.0
protocol.cc;1077;0.020000;0.020000;0.0;0.0
psi_noop.c;852;0.020000;0.020000;0.0;0.0
pthread_cond_signal.c;95;0.020000;0.020000;0.0;0.0
pthread_mutex_lock.c;74;0.020000;0.020000;0.0;0.0
pthread_mutex_trylock.c;33;0.020000;0.020000;0.0;0.0
pthread_mutex_unlock.c;52;0.020000;0.020000;0.0;0.0
records.cc;373;0.020000;0.020000;0.0;0.0
rem0rec.cc;1535;0.020000;0.020000;0.0;0.0
rem0rec.cc;674;0.020000;0.020000;0.0;0.0
rem0rec.cc;1296;0.020000;0.020000;0.0;0.0
rem0rec.h;796;0.020000;0.020000;0.0;0.0
rem0rec.inl;251;0.020000;0.020000;0.0;0.0
rem0rec.inl;717;0.020000;0.020000;0.0;0.0
row0ins.cc;2351;0.020000;0.020000;0.0;0.0
row0ins.cc;1401;0.020000;0.020000;0.0;0.0
row0mysql.cc;1032;0.020000;0.020000;0.0;0.0
row0mysql.cc;1637;0.020000;0.020000;0.0;0.0
row0mysql.cc;383;0.020000;0.020000;0.0;0.0
row0row.cc;1274;0.020000;0.020000;0.0;0.0
row0row.cc;279;0.020000;0.020000;0.0;0.0
row0sel.cc;5808;0.020000;0.020000;0.0;0.0
row0sel.cc;5008;0.020000;0.020000;0.0;0.0
row0sel.cc;4369;0.020000;0.020000;0.0;0.0
row0sel.cc;4885;0.020000;0.020000;0.0;0.0
sp_cache.cc;261;0.020000;0.020000;0.0;0.0
sql_analyze_stmt.h;102;0.020000;0.020000;0.0;0.0
sql_analyze_stmt.h;80;0.020000;0.020000;0.0;0.0
sql_base.cc;8108;0.020000;0.020000;0.0;0.0
sql_base.cc;8696;0.020000;0.020000;0.0;0.0
sql_base.cc;5956;0.020000;0.020000;0.0;0.0
sql_base.cc;1310;0.020000;0.020000;0.0;0.0
sql_base.cc;8360;0.020000;0.020000;0.0;0.0
sql_base.cc;4777;0.020000;0.020000;0.0;0.0
sql_base.cc;1178;0.020000;0.020000;0.0;0.0
sql_base.cc;8274;0.020000;0.020000;0.0;0.0
sql_base.cc;8275;0.020000;0.020000;0.0;0.0
sql_base.cc;9181;0.020000;0.020000;0.0;0.0
sql_base.cc;6319;0.020000;0.020000;0.0;0.0
sql_base.cc;5806;0.020000;0.020000;0.0;0.0
sql_base.cc;806;0.020000;0.020000;0.0;0.0
sql_base.cc;8609;0.020000;0.020000;0.0;0.0
sql_base.cc;9169;0.020000;0.020000;0.0;0.0
sql_base.cc;6079;0.020000;0.020000;0.0;0.0
sql_base.h;275;0.020000;0.020000;0.0;0.0
sql_cache.cc;2236;0.020000;0.020000;0.0;0.0
sql_class.cc;6992;0.020000;0.020000;0.0;0.0
sql_class.cc;8907;0.020000;0.020000;0.0;0.0
sql_class.cc;4926;0.020000;0.020000;0.0;0.0
sql_class.cc;2607;0.020000;0.020000;0.0;0.0
sql_class.cc;9021;0.020000;0.020000;0.0;0.0
sql_class.cc;2538;0.020000;0.020000;0.0;0.0
sql_class.cc;3328;0.020000;0.020000;0.0;0.0
sql_class.h;5481;0.020000;0.020000;0.0;0.0
sql_class.h;5170;0.020000;0.020000;0.0;0.0
sql_class.h;3801;0.020000;0.020000;0.0;0.0
sql_class.h;4827;0.020000;0.020000;0.0;0.0
sql_delete.cc;2224;0.020000;0.020000;0.0;0.0
sql_delete.cc;1372;0.020000;0.020000;0.0;0.0
sql_delete.cc;1063;0.020000;0.020000;0.0;0.0
sql_delete.cc;445;0.020000;0.020000;0.0;0.0
sql_error.cc;315;0.020000;0.020000;0.0;0.0
sql_explain.cc;3039;0.020000;0.020000;0.0;0.0
sql_explain.cc;193;0.020000;0.020000;0.0;0.0
sql_explain.cc;157;0.020000;0.020000;0.0;0.0
sql_explain.h;958;0.020000;0.020000;0.0;0.0
sql_insert.cc;1512;0.020000;0.020000;0.0;0.0
sql_lex.cc;3109;0.020000;0.020000;0.0;0.0
sql_lex.cc;5652;0.020000;0.020000;0.0;0.0
sql_lex.cc;5307;0.020000;0.020000;0.0;0.0
sql_lex.h;1647;0.020000;0.020000;0.0;0.0
sql_list.h;154;0.020000;0.020000;0.0;0.0
sql_parse.cc;5955;0.020000;0.020000;0.0;0.0
sql_parse.cc;6908;0.020000;0.020000;0.0;0.0
sql_parse.cc;6260;0.020000;0.020000;0.0;0.0
sql_parse.cc;1140;0.020000;0.020000;0.0;0.0
sql_parse.cc;7087;0.020000;0.020000;0.0;0.0
sql_parse.cc;6873;0.020000;0.020000;0.0;0.0
sql_parse.cc;6137;0.020000;0.020000;0.0;0.0
sql_parse.cc;6069;0.020000;0.020000;0.0;0.0
sql_parse.cc;3833;0.020000;0.020000;0.0;0.0
sql_plist.h;289;0.020000;0.020000;0.0;0.0
sql_plist.h;194;0.020000;0.020000;0.0;0.0
sql_plist.h;129;0.020000;0.020000;0.0;0.0
sql_plist.h;85;0.020000;0.020000;0.0;0.0
sql_plist.h;85;0.020000;0.020000;0.0;0.0
sql_plist.h;124;0.020000;0.020000;0.0;0.0
sql_prepare.cc;4863;0.020000;0.020000;0.0;0.0
sql_prepare.cc;3339;0.020000;0.020000;0.0;0.0
sql_prepare.cc;4758;0.020000;0.020000;0.0;0.0
sql_prepare.cc;5631;0.020000;0.020000;0.0;0.0
sql_prepare.cc;3255;0.020000;0.020000;0.0;0.0
sql_prepare.cc;4758;0.020000;0.020000;0.0;0.0
sql_prepare.cc;3390;0.020000;0.020000;0.0;0.0
sql_prepare.cc;969;0.020000;0.020000;0.0;0.0
sql_prepare.cc;3610;0.020000;0.020000;0.0;0.0
sql_profile.h;323;0.020000;0.020000;0.0;0.0
sql_select.cc;15456;0.020000;0.020000;0.0;0.0
sql_select.cc;31095;0.020000;0.020000;0.0;0.0
sql_select.cc;18766;0.020000;0.020000;0.0;0.0
sql_select.cc;17439;0.020000;0.020000;0.0;0.0
sql_select.cc;2870;0.020000;0.020000;0.0;0.0
sql_select.cc;6090;0.020000;0.020000;0.0;0.0
sql_select.cc;1201;0.020000;0.020000;0.0;0.0
sql_select.cc;5718;0.020000;0.020000;0.0;0.0
sql_select.cc;967;0.020000;0.020000;0.0;0.0
sql_select.cc;14509;0.020000;0.020000;0.0;0.0
sql_select.cc;18560;0.020000;0.020000;0.0;0.0
sql_select.cc;25255;0.020000;0.020000;0.0;0.0
sql_select.cc;6494;0.020000;0.020000;0.0;0.0
sql_select.cc;5431;0.020000;0.020000;0.0;0.0
sql_select.cc;16215;0.020000;0.020000;0.0;0.0
sql_select.cc;31606;0.020000;0.020000;0.0;0.0
sql_select.cc;21322;0.020000;0.020000;0.0;0.0
sql_select.cc;18767;0.020000;0.020000;0.0;0.0
sql_select.cc;2811;0.020000;0.020000;0.0;0.0
sql_select.cc;4871;0.020000;0.020000;0.0;0.0
sql_select.cc;16799;0.020000;0.020000;0.0;0.0
sql_select.cc;31083;0.020000;0.020000;0.0;0.0
sql_select.cc;3764;0.020000;0.020000;0.0;0.0
sql_select.cc;7460;0.020000;0.020000;0.0;0.0
sql_select.cc;13776;0.020000;0.020000;0.0;0.0
sql_select.cc;17372;0.020000;0.020000;0.0;0.0
sql_select.cc;32914;0.020000;0.020000;0.0;0.0
sql_select.cc;16435;0.020000;0.020000;0.0;0.0
sql_select.cc;7911;0.020000;0.020000;0.0;0.0
sql_select.cc;966;0.020000;0.020000;0.0;0.0
sql_select.cc;17267;0.020000;0.020000;0.0;0.0
sql_select.cc;5437;0.020000;0.020000;0.0;0.0
sql_select.cc;968;0.020000;0.020000;0.0;0.0
sql_select.cc;5841;0.020000;0.020000;0.0;0.0
sql_select.cc;13848;0.020000;0.020000;0.0;0.0
sql_select.cc;492;0.020000;0.020000;0.0;0.0
sql_statistics.cc;3268;0.020000;0.020000;0.0;0.0
sql_string.cc;1318;0.020000;0.020000;0.0;0.0
sql_string.cc;474;0.020000;0.020000;0.0;0.0
sql_string.h;690;0.020000;0.020000;0.0;0.0
sql_string.h;356;0.020000;0.020000;0.0;0.0
sql_string.h;112;0.020000;0.020000;0.0;0.0
sql_type.cc;1924;0.020000;0.020000;0.0;0.0
sql_type.h;7967;0.020000;0.020000;0.0;0.0
sql_type.h;4061;0.020000;0.020000;0.0;0.0
sql_union.cc;2810;0.020000;0.020000;0.0;0.0
sql_update.cc;3319;0.020000;0.020000;0.0;0.0
sql_update.cc;2402;0.020000;0.020000;0.0;0.0
sql_update.cc;692;0.020000;0.020000;0.0;0.0
sql_update.cc;482;0.020000;0.020000;0.0;0.0
sql_update.cc;61;0.020000;0.020000;0.0;0.0
sql_update.cc;3110;0.020000;0.020000;0.0;0.0
sql_update.cc;1724;0.020000;0.020000;0.0;0.0
sql_update.cc;729;0.020000;0.020000;0.0;0.0
sql_update.cc;366;0.020000;0.020000;0.0;0.0
sql_window.cc;347;0.020000;0.020000;0.0;0.0
srw_lock.cc;308;0.020000;0.020000;0.0;0.0
srw_lock.h;254;0.020000;0.020000;0.0;0.0
stl_function.h;457;0.020000;0.020000;0.0;0.0
stl_iterator.h;281;0.020000;0.020000;0.0;0.0
strcoll.inl;246;0.020000;0.020000;0.0;0.0
strings_def.h;98;0.020000;0.020000;0.0;0.0
strmake.c;34;0.020000;0.020000;0.0;0.0
table.cc;7953;0.020000;0.020000;0.0;0.0
table.cc;6063;0.020000;0.020000;0.0;0.0
table.cc;3992;0.020000;0.020000;0.0;0.0
table.cc;8932;0.020000;0.020000;0.0;0.0
table.cc;8209;0.020000;0.020000;0.0;0.0
table.cc;8922;0.020000;0.020000;0.0;0.0
table.cc;5375;0.020000;0.020000;0.0;0.0
table.cc;8950;0.020000;0.020000;0.0;0.0
table.h;1965;0.020000;0.020000;0.0;0.0
table.h;1972;0.020000;0.020000;0.0;0.0
transaction.cc;76;0.020000;0.020000;0.0;0.0
trx0purge.cc;1012;0.020000;0.020000;0.0;0.0
trx0rec.cc;65;0.020000;0.020000;0.0;0.0
trx0rec.cc;1930;0.020000;0.020000;0.0;0.0
trx0rec.cc;976;0.020000;0.020000;0.0;0.0
trx0rec.cc;1611;0.020000;0.020000;0.0;0.0
trx0sys.h;890;0.020000;0.020000;0.0;0.0
trx0sys.h;431;0.020000;0.020000;0.0;0.0
trx0trx.cc;1777;0.020000;0.020000;0.0;0.0
trx0trx.cc;999;0.020000;0.020000;0.0;0.0
trx0trx.cc;994;0.020000;0.020000;0.0;0.0
trx0trx.h;1160;0.020000;0.020000;0.0;0.0
ut0byte.h;75;0.020000;0.020000;0.0;0.0
sql_explain.h;1044;0.020000;0.020000;0.0;0.0
sql_parse.cc;1266;0.020000;0.020000;0.0;0.0
net_serv.cc;816;0.020000;0.020000;0.0;0.0
table.cc;9290;0.020000;0.020000;0.0;0.0
table.cc;7965;0.020000;0.020000;0.0;0.0
sql_select.cc;33116;0.020000;0.020000;0.0;0.0
sql_select.cc;1916;0.020000;0.020000;0.0;0.0
opt_range_mrr.cc;242;0.020000;0.020000;0.0;0.0
row0mysql.cc;1274;0.020000;0.020000;0.0;0.0
opt_range.cc;17241;0.020000;0.020000;0.0;0.0
sql_select.cc;13947;0.020000;0.020000;0.0;0.0
row0mysql.cc;1014;0.020000;0.020000;0.0;0.0
sql_string.h;609;0.020000;0.020000;0.0;0.0
sql_base.cc;6336;0.020000;0.020000;0.0;0.0
dict0mem.h;1467;0.020000;0.020000;0.0;0.0
sql_explain.h;217;0.020000;0.020000;0.0;0.0
item.h;2039;0.020000;0.020000;0.0;0.0
item_func.h;214;0.020000;0.020000;0.0;0.0
sql_plist.h;81;0.020000;0.020000;0.0;0.0
sql_base.cc;6065;0.020000;0.020000;0.0;0.0
sql_parse.cc;9777;0.020000;0.020000;0.0;0.0
ha_innodb.cc;8279;0.020000;0.020000;0.0;0.0
pthread_getspecific.c;30;0.020000;0.020000;0.0;0.0
sql_select.cc;2855;0.020000;0.020000;0.0;0.0
opt_split.cc;1471;0.020000;0.020000;0.0;0.0
item_cmpfunc.h;1956;0.020000;0.020000;0.0;0.0
table.cc;8118;0.020000;0.020000;0.0;0.0
field.cc;1388;0.020000;0.020000;0.0;0.0
handler.cc;2254;0.020000;0.020000;0.0;0.0
table.cc;11229;0.020000;0.020000;0.0;0.0
sql_prepare.cc;5381;0.020000;0.020000;0.0;0.0
privilege.h;212;0.020000;0.020000;0.0;0.0
sql_select.cc;29400;0.020000;0.020000;0.0;0.0
rem0cmp.cc;367;0.020000;0.020000;0.0;0.0
sql_select.cc;1883;0.020000;0.020000;0.0;0.0
sql_select.cc;7454;0.020000;0.020000;0.0;0.0
ha_innodb.cc;7240;0.020000;0.020000;0.0;0.0
sql_class.h;6645;0.020000;0.020000;0.0;0.0
sql_array.h;223;0.020000;0.020000;0.0;0.0
page0cur.cc;1732;0.020000;0.020000;0.0;0.0
item_cmpfunc.cc;7432;0.020000;0.020000;0.0;0.0
sql_select.cc;1469;0.020000;0.020000;0.0;0.0
sql_select.cc;29083;0.020000;0.020000;0.0;0.0
item.cc;3767;0.020000;0.020000;0.0;0.0
sql_select.cc;3105;0.020000;0.020000;0.0;0.0
records.cc;353;0.020000;0.020000;0.0;0.0
viosocket.c;264;0.020000;0.020000;0.0;0.0
sql_prepare.cc;4366;0.020000;0.020000;0.0;0.0
item.cc;3772;0.020000;0.020000;0.0;0.0
sql_select.cc;1475;0.020000;0.020000;0.0;0.0
handler.h;4966;0.020000;0.020000;0.0;0.0
lf_hash.cc;126;0.020000;0.020000;0.0;0.0
sql_base.cc;4946;0.020000;0.020000;0.0;0.0
rem0cmp.cc;224;0.020000;0.020000;0.0;0.0
item.cc;6912;0.020000;0.020000;0.0;0.0
sql_update.cc;3349;0.020000;0.020000;0.0;0.0
sql_parse.cc;3749;0.020000;0.020000;0.0;0.0
ut0byte.h;74;0.020000;0.020000;0.0;0.0
row0sel.cc;3251;0.020000;0.020000;0.0;0.0
item.h;1087;0.020000;0.020000;0.0;0.0
sql_select.cc;1956;0.020000;0.020000;0.0;0.0
sql_select.cc;21545;0.020000;0.020000;0.0;0.0
page0page.cc;1200;0.020000;0.020000;0.0;0.0
sql_explain.cc;110;0.020000;0.020000;0.0;0.0
protocol.cc;1842;0.020000;0.020000;0.0;0.0
table.cc;7873;0.020000;0.020000;0.0;0.0
sql_select.cc;30018;0.020000;0.020000;0.0;0.0
sql_base.cc;6349;0.020000;0.020000;0.0;0.0
page0cur.cc;924;0.020000;0.020000;0.0;0.0
sql_parse.cc;2499;0.020000;0.020000;0.0;0.0
sql_prepare.cc;419;0.019999;0.019999;0.0;0.0
item_cmpfunc.cc;430;0.019999;0.019999;0.0;0.0
sql_audit.cc;136;0.019999;0.019999;0.0;0.0
table.cc;9220;0.019999;0.019999;0.0;0.0
sql_base.cc;4381;0.019999;0.019999;0.0;0.0
sql_base.cc;1013;0.019999;0.019999;0.0;0.0
sql_prepare.cc;4757;0.019999;0.019999;0.0;0.0
memset-vec-unaligned-erms.S;293;0.019999;0.019999;0.0;0.0
opt_range.cc;7942;0.019999;0.019999;0.0;0.0
my_alloc.c;314;0.019999;0.019999;0.0;0.0
sql_base.cc;2458;0.019999;0.019999;0.0;0.0
handler.cc;8308;0.019999;0.019999;0.0;0.0
sql_class.cc;4897;0.019999;0.019999;0.0;0.0
sql_select.cc;30022;0.019999;0.019999;0.0;0.0
item.cc;6886;0.019999;0.019999;0.0;0.0
handler.cc;7605;0.019999;0.019999;0.0;0.0
pthread_mutex_lock.c;48;0.019999;0.019999;0.0;0.0
table.cc;8134;0.019999;0.019999;0.0;0.0
mtr0mtr.cc;1087;0.019999;0.019999;0.0;0.0
sql_explain.cc;1483;0.019999;0.019999;0.0;0.0
sql_select.cc;13063;0.019999;0.019999;0.0;0.0
sql_select.cc;4948;0.019999;0.019999;0.0;0.0
sql_update.cc;1664;0.019999;0.019999;0.0;0.0
sql_class.cc;4306;0.019999;0.019999;0.0;0.0
sql_select.cc;26117;0.019999;0.019999;0.0;0.0
item.h;6161;0.019999;0.019999;0.0;0.0
sql_cache.cc;1070;0.019999;0.019999;0.0;0.0
sql_update.cc;3119;0.019999;0.019999;0.0;0.0
sql_base.cc;1713;0.019999;0.019999;0.0;0.0
sql_class.h;3513;0.019999;0.019999;0.0;0.0
my_malloc.c;112;0.019999;0.019999;0.0;0.0
item_cmpfunc.cc;423;0.019999;0.019999;0.0;0.0
sql_class.cc;6162;0.019999;0.019999;0.0;0.0
sql_base.cc;2152;0.019999;0.019999;0.0;0.0
memcmp-avx2-movbe.S;407;0.019999;0.019999;0.0;0.0
field.h;2894;0.019999;0.019999;0.0;0.0
btr0cur.cc;2888;0.019999;0.019999;0.0;0.0
sql_lex.cc;5009;0.019999;0.019999;0.0;0.0
sql_lex.cc;5798;0.019999;0.019999;0.0;0.0
strmake.c;36;0.019999;0.019999;0.0;0.0
sql_list.h;298;0.019999;0.019999;0.0;0.0
row0sel.cc;5167;0.019999;0.019999;0.0;0.0
malloc.c;3341;0.019999;0.019999;0.0;0.0
btr0cur.cc;1142;0.019999;0.019999;0.0;0.0
sql_acl.cc;9977;0.019999;0.019999;0.0;0.0
sql_base.cc;8100;0.019999;0.019999;0.0;0.0
ha_innodb.cc;9292;0.019999;0.019999;0.0;0.0
sql_parse.cc;1684;0.019999;0.019999;0.0;0.0
sql_update.cc;1764;0.019999;0.019999;0.0;0.0
net_serv.cc;933;0.019999;0.019999;0.0;0.0
mdl.cc;3763;0.019999;0.019999;0.0;0.0
item.cc;732;0.019999;0.019999;0.0;0.0
mtr0log.h;410;0.019999;0.019999;0.0;0.0
sql_lex.h;1925;0.019999;0.019999;0.0;0.0
sql_base.cc;8706;0.019999;0.019999;0.0;0.0
handler.cc;8038;0.019999;0.019999;0.0;0.0
sql_base.cc;9826;0.019999;0.019999;0.0;0.0
lf_hash.cc;276;0.019999;0.019999;0.0;0.0
procedure.cc;81;0.019999;0.019999;0.0;0.0
sql_select.cc;18386;0.019999;0.019999;0.0;0.0
mysql_socket.h;817;0.019999;0.019999;0.0;0.0
item_cmpfunc.cc;514;0.019999;0.019999;0.0;0.0
sql_select.cc;34850;0.019999;0.019999;0.0;0.0
opt_range.cc;2645;0.019999;0.019999;0.0;0.0
mdl.cc;1565;0.019999;0.019999;0.0;0.0
mdl.cc;2548;0.019999;0.019999;0.0;0.0
handler.cc;9747;0.019999;0.019999;0.0;0.0
trx0rec.cc;1273;0.019999;0.019999;0.0;0.0
sql_lex.h;1467;0.019999;0.019999;0.0;0.0
opt_range.cc;12975;0.019999;0.019999;0.0;0.0
memset-vec-unaligned-erms.S;198;0.019999;0.019999;0.0;0.0
sql_parse.cc;2528;0.019999;0.019999;0.0;0.0
ha_innodb.cc;16232;0.019999;0.019999;0.0;0.0
ha_innodb.cc;5222;0.019999;0.019999;0.0;0.0
mdl.cc;1745;0.019999;0.019999;0.0;0.0
sql_parse.cc;7406;0.019999;0.019999;0.0;0.0
row0mysql.cc;489;0.019999;0.019999;0.0;0.0
array.c;95;0.019999;0.019999;0.0;0.0
sql_select.cc;1514;0.019999;0.019999;0.0;0.0
trx0sys.h;887;0.019999;0.019999;0.0;0.0
my_alloc.c;422;0.019999;0.019999;0.0;0.0
sql_select.cc;17415;0.019999;0.019999;0.0;0.0
sql_select.h;2874;0.019999;0.019999;0.0;0.0
table.cc;6426;0.019999;0.019999;0.0;0.0
item_cmpfunc.cc;7690;0.019999;0.019999;0.0;0.0
table.cc;7794;0.019999;0.019999;0.0;0.0
protocol.cc;211;0.019999;0.019999;0.0;0.0
sql_bitmap.h;117;0.019999;0.019999;0.0;0.0
sql_class.cc;4907;0.019998;0.019998;0.0;0.0
sql_update.cc;1502;0.019998;0.019998;0.0;0.0
sql_select.h;2311;0.019998;0.019998;0.0;0.0
opt_range.cc;14781;0.019998;0.019998;0.0;0.0
opt_range.cc;17221;0.019998;0.019998;0.0;0.0
sql_base.cc;2157;0.019998;0.019998;0.0;0.0
handler.h;2224;0.019998;0.019998;0.0;0.0
sql_select.cc;18787;0.019998;0.019998;0.0;0.0
my_alloc.c;522;0.019998;0.019998;0.0;0.0
sql_class.h;5221;0.019998;0.019998;0.0;0.0
lf_hash.cc;212;0.019998;0.019998;0.0;0.0
opt_context_store_replay.cc;1698;0.019998;0.019998;0.0;0.0
ha_innodb.cc;7335;0.019998;0.019998;0.0;0.0
sql_parse.cc;9754;0.019998;0.019998;0.0;0.0
sql_base.cc;8699;0.019998;0.019998;0.0;0.0
field.cc;4665;0.019998;0.019998;0.0;0.0
sql_select.cc;5160;0.019998;0.019998;0.0;0.0
sql_select.cc;17484;0.019998;0.019998;0.0;0.0
multi_range_read.cc;616;0.019998;0.019998;0.0;0.0
sql_oracle_outer_join.cc;754;0.019998;0.019998;0.0;0.0
fil0fil.h;1389;0.019998;0.019998;0.0;0.0
sql_explain.cc;179;0.019998;0.019998;0.0;0.0
ha_innodb.cc;5209;0.019998;0.019998;0.0;0.0
my_json_writer.h;631;0.019998;0.019998;0.0;0.0
sql_parse.cc;5941;0.019998;0.019998;0.0;0.0
mdl.cc;1113;0.019998;0.019998;0.0;0.0
row0sel.cc;2956;0.019998;0.019998;0.0;0.0
sql_parse.cc;3905;0.019998;0.019998;0.0;0.0
sql_parse.cc;5994;0.019998;0.019998;0.0;0.0
sql_prepare.cc;5364;0.019998;0.019998;0.0;0.0
sql_lex.h;3898;0.019998;0.019998;0.0;0.0
opt_range.cc;13671;0.019998;0.019998;0.0;0.0
sql_error.cc;323;0.019998;0.019998;0.0;0.0
rem0rec.cc;709;0.019998;0.019998;0.0;0.0
sql_base.cc;9394;0.019998;0.019998;0.0;0.0
sql_lex.h;1452;0.019998;0.019998;0.0;0.0
table_cache.cc;399;0.019998;0.019998;0.0;0.0
handler.cc;1467;0.019998;0.019998;0.0;0.0
sql_select.cc;7599;0.019998;0.019998;0.0;0.0
opt_rewrite_remove_casefold.cc;93;0.019998;0.019998;0.0;0.0
sql_lex.cc;4510;0.019998;0.019998;0.0;0.0
my_vsnprintf.c;121;0.019998;0.019998;0.0;0.0
sql_class.cc;1054;0.019998;0.019998;0.0;0.0
sql_delete.cc;2142;0.019998;0.019998;0.0;0.0
rem0rec.inl;642;0.019998;0.019998;0.0;0.0
sql_select.cc;5192;0.019997;0.019997;0.0;0.0
item.h;6005;0.019997;0.019997;0.0;0.0
sql_update.cc;2063;0.019997;0.019997;0.0;0.0
sql_select.cc;2499;0.019997;0.019997;0.0;0.0
sql_class.cc;1240;0.019997;0.019997;0.0;0.0
sql_type.h;7362;0.019997;0.019997;0.0;0.0
sql_select.cc;3641;0.019997;0.019997;0.0;0.0
sql_select.cc;20306;0.019997;0.019997;0.0;0.0
lf_hash.cc;111;0.019997;0.019997;0.0;0.0
sql_explain.cc;50;0.019997;0.019997;0.0;0.0
field.h;1710;0.019997;0.019997;0.0;0.0
field.cc;7492;0.019997;0.019997;0.0;0.0
buf0buf.inl;51;0.019997;0.019997;0.0;0.0
sql_class.h;6527;0.019997;0.019997;0.0;0.0
sql_select.cc;2636;0.019997;0.019997;0.0;0.0
sql_base.cc;4930;0.019997;0.019997;0.0;0.0
multi_range_read.cc;1468;0.019997;0.019997;0.0;0.0
sql_bitmap.h;173;0.019997;0.019997;0.0;0.0
opt_hints.cc;1352;0.019996;0.019996;0.0;0.0
item_cmpfunc.h;858;0.019996;0.019996;0.0;0.0
sql_cte.cc;1397;0.019996;0.019996;0.0;0.0
item_cmpfunc.cc;687;0.019996;0.019996;0.0;0.0
table.cc;7921;0.019995;0.019995;0.0;0.0
table_cache.cc;418;0.019982;0.019982;0.0;0.0
item.cc;432;0.019002;0.019002;0.0;0.0
multi_range_read.cc;1472;0.019001;0.019001;0.0;0.0
sql_select.cc;4368;0.019001;0.019001;0.0;0.0
rem0rec.cc;455;0.019000;0.019000;0.0;0.0
opt_trace.cc;420;0.019000;0.019000;0.0;0.0
sql_array.h;221;0.019000;0.019000;0.0;0.0
page0page.h;217;0.019000;0.019000;0.0;0.0
opt_range.cc;12625;0.019000;0.019000;0.0;0.0
item.cc;1606;0.019000;0.019000;0.0;0.0
sql_base.h;545;0.019000;0.019000;0.0;0.0
sql_update.cc;1804;0.019000;0.019000;0.0;0.0
row0sel.cc;5022;0.019000;0.019000;0.0;0.0
sql_base.cc;2496;0.019000;0.019000;0.0;0.0
btr0cur.h;716;0.019000;0.019000;0.0;0.0
opt_range.cc;12610;0.018999;0.018999;0.0;0.0
sql_update.cc;1304;0.018999;0.018999;0.0;0.0
my_bit.h;160;0.018999;0.018999;0.0;0.0
handler.cc;8566;0.018999;0.018999;0.0;0.0
sql_class.cc;3428;0.018999;0.018999;0.0;0.0
opt_split.cc;343;0.018999;0.018999;0.0;0.0
sql_update.cc;194;0.018999;0.018999;0.0;0.0
page0cur.cc;197;0.018999;0.018999;0.0;0.0
sql_select.cc;4331;0.018999;0.018999;0.0;0.0
sql_type.h;6021;0.018999;0.018999;0.0;0.0
page0cur.cc;1820;0.018999;0.018999;0.0;0.0
sql_error.cc;318;0.018999;0.018999;0.0;0.0
my_malloc.c;71;0.018999;0.018999;0.0;0.0
rem0rec.cc;1612;0.018999;0.018999;0.0;0.0
opt_range.cc;1912;0.018998;0.018998;0.0;0.0
protocol.cc;1365;0.018998;0.018998;0.0;0.0
lock0priv.inl;212;0.018998;0.018998;0.0;0.0
opt_range_mrr.cc;336;0.018998;0.018998;0.0;0.0
item.h;2734;0.018996;0.018996;0.0;0.0
lock0lock.cc;4171;0.018994;0.018994;0.0;0.0
protocol.cc;1052;0.018006;0.018006;0.0;0.0
my_alloc.c;110;0.018000;0.018000;0.0;0.0
opt_range.cc;12794;0.017999;0.017999;0.0;0.0
field.h;1200;0.017999;0.017999;0.0;0.0
key.cc;522;0.017998;0.017998;0.0;0.0
data0type.inl;133;0.017998;0.017998;0.0;0.0
item.h;6000;0.017998;0.017998;0.0;0.0
malloc.c;4484;0.017000;0.017000;0.0;0.0
opt_range_mrr.cc;342;0.012001;0.012001;0.0;0.0
sql_select.cc;17659;0.012000;0.012000;0.0;0.0
sql_acl.cc;10155;0.012000;0.012000;0.0;0.0
sql_select.cc;31770;0.011999;0.011999;0.0;0.0
trx0undo.cc;1407;0.011002;0.011002;0.0;0.0
sql_select.cc;2763;0.011002;0.011002;0.0;0.0
trx0rec.cc;918;0.011001;0.011001;0.0;0.0
item.h;4758;0.011001;0.011001;0.0;0.0
item.cc;6614;0.011001;0.011001;0.0;0.0
sql_union.cc;3006;0.011001;0.011001;0.0;0.0
sql_select.cc;34904;0.011001;0.011001;0.0;0.0
mtr0mtr.cc;1101;0.011001;0.011001;0.0;0.0
my_alloc.c;695;0.011001;0.011001;0.0;0.0
opt_range.cc;9598;0.011001;0.011001;0.0;0.0
sql_delete.cc;207;0.011001;0.011001;0.0;0.0
opt_subselect.cc;5755;0.011001;0.011001;0.0;0.0
opt_subselect.cc;6712;0.011001;0.011001;0.0;0.0
item.h;349;0.011001;0.011001;0.0;0.0
ha_innodb.cc;7705;0.011001;0.011001;0.0;0.0
srw_lock.h;248;0.011001;0.011001;0.0;0.0
sql_select.cc;28841;0.011000;0.011000;0.0;0.0
sql_prepare.cc;5480;0.011000;0.011000;0.0;0.0
btr0cur.cc;1619;0.011000;0.011000;0.0;0.0
net_serv.cc;656;0.011000;0.011000;0.0;0.0
sql_base.cc;4522;0.011000;0.011000;0.0;0.0
sql_string.h;466;0.011000;0.011000;0.0;0.0
pthread_cond_signal.c;35;0.011000;0.011000;0.0;0.0
multi_range_read.cc;136;0.011000;0.011000;0.0;0.0
opt_range_mrr.cc;394;0.011000;0.011000;0.0;0.0
ha_innodb.cc;9337;0.011000;0.011000;0.0;0.0
strcmp-avx2.S;996;0.011000;0.011000;0.0;0.0
opt_range_mrr.cc;376;0.011000;0.011000;0.0;0.0
row0sel.cc;5621;0.011000;0.011000;0.0;0.0
sql_select.h;1062;0.011000;0.011000;0.0;0.0
sql_class.cc;3337;0.011000;0.011000;0.0;0.0
btr0pcur.cc;336;0.011000;0.011000;0.0;0.0
sql_select.cc;13838;0.011000;0.011000;0.0;0.0
item_func.cc;404;0.011000;0.011000;0.0;0.0
table.cc;6439;0.011000;0.011000;0.0;0.0
mdl.cc;874;0.011000;0.011000;0.0;0.0
rem0rec.h;795;0.010999;0.010999;0.0;0.0
sql_select.cc;6927;0.010999;0.010999;0.0;0.0
opt_range.cc;2993;0.010999;0.010999;0.0;0.0
sql_select.cc;6082;0.010999;0.010999;0.0;0.0
net_serv.cc;1104;0.010999;0.010999;0.0;0.0
my_alloc.c;509;0.010999;0.010999;0.0;0.0
sql_base.cc;9169;0.010999;0.010999;0.0;0.0
memmove-vec-unaligned-erms.S;483;0.010999;0.010999;0.0;0.0
log0log.cc;1856;0.010998;0.010998;0.0;0.0
item_cmpfunc.cc;104;0.010998;0.010998;0.0;0.0
sql_lex.cc;5579;0.010998;0.010998;0.0;0.0
sql_select.cc;12727;0.010006;0.010006;0.0;0.0
sql_select.cc;5030;0.010005;0.010005;0.0;0.0
pthread_cond_signal.c;67;0.010003;0.010003;0.0;0.0
btr0pcur.inl;319;0.010003;0.010003;0.0;0.0
page0cur.cc;1520;0.010003;0.010003;0.0;0.0
lock.cc;856;0.010003;0.010003;0.0;0.0
sql_type.cc;1990;0.010002;0.010002;0.0;0.0
sql_select.cc;7862;0.010002;0.010002;0.0;0.0
lock0lock.cc;224;0.010002;0.010002;0.0;0.0
sql_select.cc;13852;0.010002;0.010002;0.0;0.0
rem0rec.inl;946;0.010002;0.010002;0.0;0.0
page0cur.cc;222;0.010002;0.010002;0.0;0.0
sql_statistics.cc;3286;0.010002;0.010002;0.0;0.0
opt_range.cc;7996;0.010002;0.010002;0.0;0.0
sql_select.cc;7482;0.010002;0.010002;0.0;0.0
ha_innodb.cc;7440;0.010002;0.010002;0.0;0.0
sql_base.cc;9143;0.010002;0.010002;0.0;0.0
rem0cmp.h;172;0.010002;0.010002;0.0;0.0
opt_range.cc;1245;0.010001;0.010001;0.0;0.0
sql_update.cc;1104;0.010001;0.010001;0.0;0.0
ha_innodb.cc;17078;0.010001;0.010001;0.0;0.0
sql_select.cc;31769;0.010001;0.010001;0.0;0.0
opt_hints.cc;1347;0.010001;0.010001;0.0;0.0
row0sel.cc;4577;0.010001;0.010001;0.0;0.0
sql_explain.h;619;0.010001;0.010001;0.0;0.0
table.cc;9289;0.010001;0.010001;0.0;0.0
sql_prepare.cc;5456;0.010001;0.010001;0.0;0.0
opt_range.cc;13673;0.010001;0.010001;0.0;0.0
sql_lex.cc;5701;0.010001;0.010001;0.0;0.0
ctype-utf8.c;83;0.010001;0.010001;0.0;0.0
handler.cc;3784;0.010001;0.010001;0.0;0.0
item_func.h;164;0.010001;0.010001;0.0;0.0
opt_range_mrr.cc;264;0.010001;0.010001;0.0;0.0
sql_select.cc;17274;0.010001;0.010001;0.0;0.0
malloc.c;4204;0.010001;0.010001;0.0;0.0
table.cc;5991;0.010001;0.010001;0.0;0.0
item.cc;7277;0.010001;0.010001;0.0;0.0
ilist.h;178;0.010001;0.010001;0.0;0.0
sql_parse.cc;6034;0.010001;0.010001;0.0;0.0
sql_delete.cc;821;0.010001;0.010001;0.0;0.0
lf_hash.cc;106;0.010001;0.010001;0.0;0.0
sql_select.cc;7483;0.010001;0.010001;0.0;0.0
sql_select.cc;5877;0.010001;0.010001;0.0;0.0
sql_select.cc;31843;0.010001;0.010001;0.0;0.0
opt_hints.cc;1309;0.010001;0.010001;0.0;0.0
sql_base.cc;4491;0.010001;0.010001;0.0;0.0
sql_select.cc;13033;0.010001;0.010001;0.0;0.0
sql_select.cc;962;0.010001;0.010001;0.0;0.0
malloc.c;4314;0.010001;0.010001;0.0;0.0
sql_explain.cc;107;0.010001;0.010001;0.0;0.0
sql_statistics.cc;3293;0.010001;0.010001;0.0;0.0
field.cc;985;0.010001;0.010001;0.0;0.0
sql_insert.cc;897;0.010001;0.010001;0.0;0.0
opt_range_mrr.cc;249;0.010001;0.010001;0.0;0.0
rem0rec.inl;659;0.010001;0.010001;0.0;0.0
sql_select.cc;26102;0.010001;0.010001;0.0;0.0
sql_cmd.h;171;0.010001;0.010001;0.0;0.0
mtr0log.h;262;0.010001;0.010001;0.0;0.0
memmove-vec-unaligned-erms.S;317;0.010001;0.010001;0.0;0.0
sql_explain.cc;3050;0.010001;0.010001;0.0;0.0
sql_class.h;4278;0.010001;0.010001;0.0;0.0
field.cc;7466;0.010001;0.010001;0.0;0.0
ha_innodb.cc;3646;0.010001;0.010001;0.0;0.0
sql_class.cc;1519;0.010001;0.010001;0.0;0.0
sql_update.cc;1386;0.010001;0.010001;0.0;0.0
sql_select.h;2167;0.010001;0.010001;0.0;0.0
sql_select.cc;7438;0.010001;0.010001;0.0;0.0
item.cc;7285;0.010001;0.010001;0.0;0.0
opt_range.cc;8000;0.010001;0.010001;0.0;0.0
item.h;6199;0.010001;0.010001;0.0;0.0
trx0trx.h;1169;0.010001;0.010001;0.0;0.0
handler.cc;3840;0.010001;0.010001;0.0;0.0
rem0rec.cc;1742;0.010001;0.010001;0.0;0.0
sql_update.cc;3165;0.010001;0.010001;0.0;0.0
lf_hash.cc;435;0.010001;0.010001;0.0;0.0
sql_select.cc;21524;0.010001;0.010001;0.0;0.0
table.cc;9293;0.010001;0.010001;0.0;0.0
field.cc;2628;0.010001;0.010001;0.0;0.0
opt_range.cc;13663;0.010001;0.010001;0.0;0.0
sql_select.cc;13083;0.010001;0.010001;0.0;0.0
sql_select.cc;13533;0.010001;0.010001;0.0;0.0
multi_range_read.cc;80;0.010001;0.010001;0.0;0.0
hash.c;381;0.010001;0.010001;0.0;0.0
sql_delete.cc;465;0.010001;0.010001;0.0;0.0
sql_string.h;317;0.010001;0.010001;0.0;0.0
sql_lex.cc;5779;0.010001;0.010001;0.0;0.0
row0row.cc;303;0.010001;0.010001;0.0;0.0
sql_base.cc;9298;0.010001;0.010001;0.0;0.0
item.cc;11836;0.010001;0.010001;0.0;0.0
sql_select.cc;34903;0.010001;0.010001;0.0;0.0
sql_type.cc;6015;0.010001;0.010001;0.0;0.0
ha_innodb.cc;3163;0.010001;0.010001;0.0;0.0
data0data.h;582;0.010001;0.010001;0.0;0.0
row0sel.cc;5773;0.010001;0.010001;0.0;0.0
table.h;1126;0.010001;0.010001;0.0;0.0
sql_lex.cc;5668;0.010001;0.010001;0.0;0.0
sql_select.cc;29156;0.010001;0.010001;0.0;0.0
strcmp-avx2.S;287;0.010001;0.010001;0.0;0.0
sql_select.cc;1831;0.010001;0.010001;0.0;0.0
page0cur.cc;940;0.010001;0.010001;0.0;0.0
ha_innodb.cc;1811;0.010001;0.010001;0.0;0.0
mtr0mtr.cc;1106;0.010001;0.010001;0.0;0.0
sql_type.cc;1509;0.010001;0.010001;0.0;0.0
ctype-ascii.h;97;0.010001;0.010001;0.0;0.0
sql_select.cc;5164;0.010001;0.010001;0.0;0.0
multi_range_read.cc;196;0.010001;0.010001;0.0;0.0
multi_range_read.cc;1478;0.010001;0.010001;0.0;0.0
sql_select.cc;968;0.010001;0.010001;0.0;0.0
stl_tree.h;3058;0.010001;0.010001;0.0;0.0
records.cc;350;0.010001;0.010001;0.0;0.0
net_serv.cc;893;0.010001;0.010001;0.0;0.0
item_cmpfunc.cc;7451;0.010001;0.010001;0.0;0.0
item_cmpfunc.cc;103;0.010001;0.010001;0.0;0.0
ha_innodb.cc;8331;0.010001;0.010001;0.0;0.0
item_cmpfunc.h;3622;0.010001;0.010001;0.0;0.0
psi_noop.c;850;0.010001;0.010001;0.0;0.0
sql_explain.cc;82;0.010001;0.010001;0.0;0.0
lock.cc;847;0.010001;0.010001;0.0;0.0
lock.cc;409;0.010001;0.010001;0.0;0.0
data0data.inl;217;0.010001;0.010001;0.0;0.0
sql_select.cc;31626;0.010001;0.010001;0.0;0.0
memcmp-avx2-movbe.S;401;0.010001;0.010001;0.0;0.0
row0ins.cc;3208;0.010001;0.010001;0.0;0.0
net_serv.cc;640;0.010001;0.010001;0.0;0.0
page0cur.cc;886;0.010001;0.010001;0.0;0.0
handler.h;3996;0.010001;0.010001;0.0;0.0
sql_class.h;4095;0.010001;0.010001;0.0;0.0
memmove-vec-unaligned-erms.S;256;0.010001;0.010001;0.0;0.0
my_alloc.c;357;0.010001;0.010001;0.0;0.0
sql_class.cc;4453;0.010001;0.010001;0.0;0.0
item.h;1513;0.010001;0.010001;0.0;0.0
field.cc;11811;0.010001;0.010001;0.0;0.0
my_alloc.c;333;0.010001;0.010001;0.0;0.0
sql_insert.cc;316;0.010001;0.010001;0.0;0.0
item.h;4865;0.010001;0.010001;0.0;0.0
sql_explain.cc;76;0.010001;0.010001;0.0;0.0
sql_base.cc;4718;0.010001;0.010001;0.0;0.0
sql_class.h;1368;0.010001;0.010001;0.0;0.0
sql_prepare.cc;3639;0.010001;0.010001;0.0;0.0
opt_range.cc;2807;0.010001;0.010001;0.0;0.0
btr0cur.cc;3040;0.010001;0.010001;0.0;0.0
row0ins.cc;1990;0.010001;0.010001;0.0;0.0
memcmp-avx2-movbe.S;80;0.010001;0.010001;0.0;0.0
ha_innodb.cc;17102;0.010001;0.010001;0.0;0.0
item_cmpfunc.cc;7478;0.010001;0.010001;0.0;0.0
mtr0mtr.cc;190;0.010001;0.010001;0.0;0.0
my_alloc.c;54;0.010001;0.010001;0.0;0.0
field.cc;2660;0.010001;0.010001;0.0;0.0
sql_cte.cc;104;0.010001;0.010001;0.0;0.0
my_alloc.c;671;0.010001;0.010001;0.0;0.0
ilist.h;145;0.010001;0.010001;0.0;0.0
sql_select.cc;25376;0.010001;0.010001;0.0;0.0
sql_class.h;8403;0.010001;0.010001;0.0;0.0
sql_parse.cc;4510;0.010001;0.010001;0.0;0.0
sql_select.cc;2895;0.010001;0.010001;0.0;0.0
dict0dict.inl;167;0.010001;0.010001;0.0;0.0
trx0rec.cc;1213;0.010001;0.010001;0.0;0.0
ha_innodb.cc;8261;0.010001;0.010001;0.0;0.0
sql_select.cc;2554;0.010001;0.010001;0.0;0.0
sql_class.h;4868;0.010001;0.010001;0.0;0.0
sql_prepare.cc;3573;0.010001;0.010001;0.0;0.0
mdl.cc;3559;0.010001;0.010001;0.0;0.0
buf0buf.h;766;0.010001;0.010001;0.0;0.0
sql_select.cc;1444;0.010001;0.010001;0.0;0.0
sql_base.cc;2699;0.010001;0.010001;0.0;0.0
sql_base.cc;8500;0.010001;0.010001;0.0;0.0
page0cur.cc;276;0.010001;0.010001;0.0;0.0
sql_update.h;75;0.010001;0.010001;0.0;0.0
item.cc;11799;0.010001;0.010001;0.0;0.0
sql_base.cc;8385;0.010001;0.010001;0.0;0.0
sql_update.cc;2059;0.010001;0.010001;0.0;0.0
sql_select.cc;13415;0.010001;0.010001;0.0;0.0
sql_select.cc;5851;0.010001;0.010001;0.0;0.0
sql_select.cc;2855;0.010000;0.010000;0.0;0.0
rem0rec.cc;1564;0.010000;0.010000;0.0;0.0
sql_select.cc;29438;0.010000;0.010000;0.0;0.0
sql_base.cc;9317;0.010000;0.010000;0.0;0.0
mdl.cc;1983;0.010000;0.010000;0.0;0.0
sql_select.cc;1513;0.010000;0.010000;0.0;0.0
sql_parse.cc;7479;0.010000;0.010000;0.0;0.0
sql_class.h;3255;0.010000;0.010000;0.0;0.0
mdl.cc;2410;0.010000;0.010000;0.0;0.0
multi_range_read.cc;1458;0.010000;0.010000;0.0;0.0
sql_class.cc;1509;0.010000;0.010000;0.0;0.0
dict0dict.inl;64;0.010000;0.010000;0.0;0.0
sql_select.cc;29115;0.010000;0.010000;0.0;0.0
sql_base.cc;4954;0.010000;0.010000;0.0;0.0
opt_range.cc;12697;0.010000;0.010000;0.0;0.0
sql_union.cc;2926;0.010000;0.010000;0.0;0.0
sql_select.cc;1830;0.010000;0.010000;0.0;0.0
sql_select.cc;503;0.010000;0.010000;0.0;0.0
log.cc;9206;0.010000;0.010000;0.0;0.0
strlen-avx2.S;242;0.010000;0.010000;0.0;0.0
sql_explain.h;89;0.010000;0.010000;0.0;0.0
sql_parse.cc;3759;0.010000;0.010000;0.0;0.0
sql_select.cc;35057;0.010000;0.010000;0.0;0.0
btr0cur.cc;597;0.010000;0.010000;0.0;0.0
mem_root_array.h;231;0.010000;0.010000;0.0;0.0
row0upd.cc;1772;0.010000;0.010000;0.0;0.0
mem_root_array.h;106;0.010000;0.010000;0.0;0.0
memmove-vec-unaligned-erms.S;484;0.010000;0.010000;0.0;0.0
mtr0mtr.cc;523;0.010000;0.010000;0.0;0.0
row0merge.cc;4590;0.010000;0.010000;0.0;0.0
sql_base.cc;993;0.010000;0.010000;0.0;0.0
sql_parse.cc;1226;0.010000;0.010000;0.0;0.0
rem0rec.cc;464;0.010000;0.010000;0.0;0.0
mdl.cc;3101;0.010000;0.010000;0.0;0.0
sql_base.cc;1546;0.010000;0.010000;0.0;0.0
sql_base.cc;5827;0.010000;0.010000;0.0;0.0
row0upd.cc;1871;0.010000;0.010000;0.0;0.0
trx0rec.cc;1931;0.010000;0.010000;0.0;0.0
sql_error.cc;424;0.010000;0.010000;0.0;0.0
opt_range.cc;1364;0.010000;0.010000;0.0;0.0
handler.cc;8263;0.010000;0.010000;0.0;0.0
sql_base.cc;2353;0.010000;0.010000;0.0;0.0
memset-vec-unaligned-erms.S;230;0.010000;0.010000;0.0;0.0
handler.cc;5747;0.010000;0.010000;0.0;0.0
sql_delete.cc;1949;0.010000;0.010000;0.0;0.0
memmove-vec-unaligned-erms.S;542;0.010000;0.010000;0.0;0.0
dict0stats_bg.cc;153;0.010000;0.010000;0.0;0.0
sql_update.cc;1851;0.010000;0.010000;0.0;0.0
mdl.cc;2528;0.010000;0.010000;0.0;0.0
lock0lock.cc;1534;0.010000;0.010000;0.0;0.0
sql_parse.cc;6866;0.010000;0.010000;0.0;0.0
ha_innodb.cc;9292;0.010000;0.010000;0.0;0.0
row0sel.cc;2715;0.010000;0.010000;0.0;0.0
item_func.cc;445;0.010000;0.010000;0.0;0.0
lf_hash.cc;542;0.010000;0.010000;0.0;0.0
mdl.cc;2550;0.010000;0.010000;0.0;0.0
rem0rec.cc;2064;0.010000;0.010000;0.0;0.0
trx0trx.cc;2210;0.010000;0.010000;0.0;0.0
rem0rec.inl;489;0.010000;0.010000;0.0;0.0
sql_prepare.cc;4747;0.010000;0.010000;0.0;0.0
sql_plist.h;86;0.010000;0.010000;0.0;0.0
opt_range.cc;3054;0.010000;0.010000;0.0;0.0
sql_select.cc;13785;0.010000;0.010000;0.0;0.0
log0log.cc;1716;0.010000;0.010000;0.0;0.0
sql_class.h;4416;0.010000;0.010000;0.0;0.0
sql_update.cc;1714;0.010000;0.010000;0.0;0.0
sql_class.cc;6439;0.010000;0.010000;0.0;0.0
memmove-vec-unaligned-erms.S;406;0.010000;0.010000;0.0;0.0
mysql_thread.h;946;0.010000;0.010000;0.0;0.0
rem0rec.cc;1678;0.010000;0.010000;0.0;0.0
row0upd.cc;2339;0.010000;0.010000;0.0;0.0
sql_select.cc;25340;0.010000;0.010000;0.0;0.0
sql_insert.cc;1890;0.010000;0.010000;0.0;0.0
item.cc;6921;0.010000;0.010000;0.0;0.0
transaction.cc;492;0.010000;0.010000;0.0;0.0
opt_context_store_replay.cc;1659;0.010000;0.010000;0.0;0.0
sql_delete.cc;411;0.010000;0.010000;0.0;0.0
array.c;217;0.010000;0.010000;0.0;0.0
sql_class.h;5865;0.010000;0.010000;0.0;0.0
sql_base.cc;860;0.010000;0.010000;0.0;0.0
sql_select.cc;1586;0.010000;0.010000;0.0;0.0
sql_type.cc;1489;0.010000;0.010000;0.0;0.0
sql_explain.cc;901;0.010000;0.010000;0.0;0.0
row0sel.cc;5506;0.010000;0.010000;0.0;0.0
sql_select.cc;5126;0.010000;0.010000;0.0;0.0
sql_explain.cc;905;0.010000;0.010000;0.0;0.0
field.h;2216;0.010000;0.010000;0.0;0.0
table.cc;3981;0.010000;0.010000;0.0;0.0
sql_lex.cc;5140;0.010000;0.010000;0.0;0.0
sql_select.cc;13029;0.010000;0.010000;0.0;0.0
sql_update.cc;3076;0.010000;0.010000;0.0;0.0
m_string.h;318;0.010000;0.010000;0.0;0.0
multi_range_read.cc;1732;0.010000;0.010000;0.0;0.0
sql_base.cc;4694;0.010000;0.010000;0.0;0.0
opt_range.cc;1248;0.010000;0.010000;0.0;0.0
trx0rseg.h;130;0.010000;0.010000;0.0;0.0
lf_hash.cc;472;0.010000;0.010000;0.0;0.0
sql_select.cc;16873;0.010000;0.010000;0.0;0.0
item_cmpfunc.cc;398;0.010000;0.010000;0.0;0.0
sql_update.cc;1932;0.010000;0.010000;0.0;0.0
sql_select.cc;30510;0.010000;0.010000;0.0;0.0
sql_delete.cc;140;0.010000;0.010000;0.0;0.0
my_stack_alloc.h;44;0.010000;0.010000;0.0;0.0
my_apc.h;71;0.010000;0.010000;0.0;0.0
trx0trx.h;1151;0.010000;0.010000;0.0;0.0
sql_select.cc;5807;0.010000;0.010000;0.0;0.0
pthread_mutex_trylock.c;443;0.010000;0.010000;0.0;0.0
item_func.h;150;0.010000;0.010000;0.0;0.0
my_alloc.c;410;0.010000;0.010000;0.0;0.0
ha_innodb.cc;9328;0.010000;0.010000;0.0;0.0
ha_innodb.cc;7440;0.010000;0.010000;0.0;0.0
item_cmpfunc.cc;7477;0.010000;0.010000;0.0;0.0
handler.cc;8309;0.010000;0.010000;0.0;0.0
table.cc;8145;0.010000;0.010000;0.0;0.0
sql_type.h;4677;0.010000;0.010000;0.0;0.0
sql_select.cc;4915;0.010000;0.010000;0.0;0.0
sql_select.h;2874;0.010000;0.010000;0.0;0.0
sql_parse.cc;2551;0.010000;0.010000;0.0;0.0
array.c;102;0.010000;0.010000;0.0;0.0
array.c;214;0.010000;0.010000;0.0;0.0
array.c;216;0.010000;0.010000;0.0;0.0
array.c;239;0.010000;0.010000;0.0;0.0
array.c;344;0.010000;0.010000;0.0;0.0
array.c;274;0.010000;0.010000;0.0;0.0
atomic;590;0.010000;0.010000;0.0;0.0
atomic_base.h;501;0.010000;0.010000;0.0;0.0
atomic_base.h;501;0.010000;0.010000;0.0;0.0
btr0btr.cc;1545;0.010000;0.010000;0.0;0.0
btr0cur.cc;4263;0.010000;0.010000;0.0;0.0
btr0cur.cc;3309;0.010000;0.010000;0.0;0.0
btr0cur.cc;2885;0.010000;0.010000;0.0;0.0
btr0cur.cc;1110;0.010000;0.010000;0.0;0.0
btr0cur.cc;2566;0.010000;0.010000;0.0;0.0
btr0cur.cc;1268;0.010000;0.010000;0.0;0.0
btr0cur.cc;2184;0.010000;0.010000;0.0;0.0
btr0cur.cc;2487;0.010000;0.010000;0.0;0.0
btr0cur.cc;1240;0.010000;0.010000;0.0;0.0
btr0cur.cc;1274;0.010000;0.010000;0.0;0.0
btr0cur.cc;2346;0.010000;0.010000;0.0;0.0
btr0cur.cc;3537;0.010000;0.010000;0.0;0.0
btr0cur.cc;1368;0.010000;0.010000;0.0;0.0
btr0cur.cc;965;0.010000;0.010000;0.0;0.0
btr0cur.cc;3040;0.010000;0.010000;0.0;0.0
btr0cur.cc;1259;0.010000;0.010000;0.0;0.0
btr0cur.cc;1163;0.010000;0.010000;0.0;0.0
btr0cur.cc;1412;0.010000;0.010000;0.0;0.0
btr0cur.cc;1077;0.010000;0.010000;0.0;0.0
btr0cur.cc;1364;0.010000;0.010000;0.0;0.0
btr0cur.cc;823;0.010000;0.010000;0.0;0.0
btr0cur.cc;4564;0.010000;0.010000;0.0;0.0
btr0pcur.cc;440;0.010000;0.010000;0.0;0.0
btr0pcur.cc;451;0.010000;0.010000;0.0;0.0
btr0pcur.cc;515;0.010000;0.010000;0.0;0.0
btr0pcur.cc;190;0.010000;0.010000;0.0;0.0
btr0pcur.cc;201;0.010000;0.010000;0.0;0.0
btr0pcur.cc;406;0.010000;0.010000;0.0;0.0
btr0pcur.cc;408;0.010000;0.010000;0.0;0.0
btr0pcur.cc;64;0.010000;0.010000;0.0;0.0
btr0pcur.h;426;0.010000;0.010000;0.0;0.0
btr0sea.cc;1705;0.010000;0.010000;0.0;0.0
buf0buf.cc;2758;0.010000;0.010000;0.0;0.0
buf0buf.cc;329;0.010000;0.010000;0.0;0.0
buf0buf.cc;2704;0.010000;0.010000;0.0;0.0
buf0buf.cc;3172;0.010000;0.010000;0.0;0.0
buf0buf.cc;2275;0.010000;0.010000;0.0;0.0
buf0buf.h;990;0.010000;0.010000;0.0;0.0
buf0buf.h;1257;0.010000;0.010000;0.0;0.0
buf0flu.cc;2373;0.010000;0.010000;0.0;0.0
buf0flu.cc;800;0.010000;0.010000;0.0;0.0
buf0flu.cc;1507;0.010000;0.010000;0.0;0.0
buf0lru.cc;561;0.010000;0.010000;0.0;0.0
buf0lru.cc;730;0.010000;0.010000;0.0;0.0
buf0lru.cc;508;0.010000;0.010000;0.0;0.0
buf0lru.cc;725;0.010000;0.010000;0.0;0.0
buf0rea.cc;548;0.010000;0.010000;0.0;0.0
buf0types.h;142;0.010000;0.010000;0.0;0.0
crc32c_amd64.cc;153;0.010000;0.010000;0.0;0.0
crc32c_amd64.cc;171;0.010000;0.010000;0.0;0.0
ctype-bin.c;103;0.010000;0.010000;0.0;0.0
ctype-bin.c;304;0.010000;0.010000;0.0;0.0
ctype-mb.c;343;0.010000;0.010000;0.0;0.0
ctype-mb.inl;185;0.010000;0.010000;0.0;0.0
ctype-unidata.h;130;0.010000;0.010000;0.0;0.0
ctype-utf8.c;896;0.010000;0.010000;0.0;0.0
ctype-utf8.c;3011;0.010000;0.010000;0.0;0.0
ctype.c;918;0.010000;0.010000;0.0;0.0
data0data.h;585;0.010000;0.010000;0.0;0.0
data0data.h;593;0.010000;0.010000;0.0;0.0
data0data.inl;241;0.010000;0.010000;0.0;0.0
data0data.inl;295;0.010000;0.010000;0.0;0.0
data0type.inl;158;0.010000;0.010000;0.0;0.0
dict0dict.cc;994;0.010000;0.010000;0.0;0.0
dict0dict.cc;3876;0.010000;0.010000;0.0;0.0
dict0dict.cc;996;0.010000;0.010000;0.0;0.0
dict0dict.inl;669;0.010000;0.010000;0.0;0.0
dict0dict.inl;822;0.010000;0.010000;0.0;0.0
dict0dict.inl;707;0.010000;0.010000;0.0;0.0
dict0dict.inl;39;0.010000;0.010000;0.0;0.0
dict0dict.inl;781;0.010000;0.010000;0.0;0.0
dyn0buf.h;76;0.010000;0.010000;0.0;0.0
dyn0buf.h;126;0.010000;0.010000;0.0;0.0
dyn0buf.h;92;0.010000;0.010000;0.0;0.0
field.cc;11417;0.010000;0.010000;0.0;0.0
field.cc;2249;0.010000;0.010000;0.0;0.0
field.cc;7585;0.010000;0.010000;0.0;0.0
field.cc;1306;0.010000;0.010000;0.0;0.0
field.cc;2655;0.010000;0.010000;0.0;0.0
field.cc;2251;0.010000;0.010000;0.0;0.0
field.cc;11805;0.010000;0.010000;0.0;0.0
field.cc;7797;0.010000;0.010000;0.0;0.0
field.cc;4664;0.010000;0.010000;0.0;0.0
field.h;2286;0.010000;0.010000;0.0;0.0
field.h;2225;0.010000;0.010000;0.0;0.0
field.h;2664;0.010000;0.010000;0.0;0.0
field.h;1516;0.010000;0.010000;0.0;0.0
field.h;864;0.010000;0.010000;0.0;0.0
field.h;929;0.010000;0.010000;0.0;0.0
field.h;2361;0.010000;0.010000;0.0;0.0
field.h;1321;0.010000;0.010000;0.0;0.0
field.h;2692;0.010000;0.010000;0.0;0.0
field.h;2219;0.010000;0.010000;0.0;0.0
field.h;1547;0.010000;0.010000;0.0;0.0
field.h;2901;0.010000;0.010000;0.0;0.0
fil0fil.cc;2948;0.010000;0.010000;0.0;0.0
fil0fil.h;1185;0.010000;0.010000;0.0;0.0
fsp0fsp.cc;2063;0.010000;0.010000;0.0;0.0
fsp0fsp.cc;1426;0.010000;0.010000;0.0;0.0
fsp0fsp.cc;1240;0.010000;0.010000;0.0;0.0
fsp0fsp.cc;2474;0.010000;0.010000;0.0;0.0
fsp0fsp.cc;1757;0.010000;0.010000;0.0;0.0
fsp0fsp.cc;1738;0.010000;0.010000;0.0;0.0
fsp0fsp.cc;1627;0.010000;0.010000;0.0;0.0
ha_innodb.cc;2666;0.010000;0.010000;0.0;0.0
ha_innodb.cc;16621;0.010000;0.010000;0.0;0.0
ha_innodb.cc;7238;0.010000;0.010000;0.0;0.0
ha_innodb.cc;7807;0.010000;0.010000;0.0;0.0
ha_innodb.cc;17155;0.010000;0.010000;0.0;0.0
ha_innodb.cc;7231;0.010000;0.010000;0.0;0.0
ha_innodb.cc;7473;0.010000;0.010000;0.0;0.0
ha_innodb.cc;16860;0.010000;0.010000;0.0;0.0
ha_innodb.cc;7349;0.010000;0.010000;0.0;0.0
ha_innodb.cc;9013;0.010000;0.010000;0.0;0.0
ha_innodb.cc;9006;0.010000;0.010000;0.0;0.0
ha_innodb.cc;16705;0.010000;0.010000;0.0;0.0
ha_innodb.cc;5221;0.010000;0.010000;0.0;0.0
ha_innodb.cc;16448;0.010000;0.010000;0.0;0.0
ha_innodb.cc;7991;0.010000;0.010000;0.0;0.0
ha_innodb.cc;20840;0.010000;0.010000;0.0;0.0
ha_innodb.cc;9228;0.010000;0.010000;0.0;0.0
ha_innodb.cc;8367;0.010000;0.010000;0.0;0.0
ha_innodb.cc;3843;0.010000;0.010000;0.0;0.0
ha_innodb.cc;8275;0.010000;0.010000;0.0;0.0
ha_innodb.cc;7869;0.010000;0.010000;0.0;0.0
ha_innodb.cc;8449;0.010000;0.010000;0.0;0.0
ha_innodb.cc;16237;0.010000;0.010000;0.0;0.0
ha_innodb.cc;7854;0.010000;0.010000;0.0;0.0
ha_innodb.cc;7889;0.010000;0.010000;0.0;0.0
ha_innodb.cc;9407;0.010000;0.010000;0.0;0.0
ha_innodb.cc;17067;0.010000;0.010000;0.0;0.0
ha_innodb.cc;16869;0.010000;0.010000;0.0;0.0
ha_innodb.cc;16854;0.010000;0.010000;0.0;0.0
ha_innodb.cc;8564;0.010000;0.010000;0.0;0.0
ha_innodb.cc;8871;0.010000;0.010000;0.0;0.0
ha_innodb.cc;7403;0.010000;0.010000;0.0;0.0
ha_innodb.cc;8485;0.010000;0.010000;0.0;0.0
ha_innodb.cc;17104;0.010000;0.010000;0.0;0.0
ha_innodb.cc;5258;0.010000;0.010000;0.0;0.0
ha_innodb.cc;8367;0.010000;0.010000;0.0;0.0
ha_innodb.cc;9292;0.010000;0.010000;0.0;0.0
ha_innodb.cc;16704;0.010000;0.010000;0.0;0.0
ha_innodb.cc;17158;0.010000;0.010000;0.0;0.0
ha_innodb.cc;9155;0.010000;0.010000;0.0;0.0
ha_innodb.cc;7888;0.010000;0.010000;0.0;0.0
ha_innodb.cc;7918;0.010000;0.010000;0.0;0.0
ha_innodb.cc;4823;0.010000;0.010000;0.0;0.0
ha_innodb.cc;2668;0.010000;0.010000;0.0;0.0
ha_innodb.cc;7514;0.010000;0.010000;0.0;0.0
ha_innodb.cc;5246;0.010000;0.010000;0.0;0.0
ha_innodb.cc;16296;0.010000;0.010000;0.0;0.0
ha_innodb.cc;7747;0.010000;0.010000;0.0;0.0
ha_innodb.cc;17225;0.010000;0.010000;0.0;0.0
ha_innodb.cc;16678;0.010000;0.010000;0.0;0.0
ha_innodb.cc;7394;0.010000;0.010000;0.0;0.0
ha_innodb.cc;8449;0.010000;0.010000;0.0;0.0
ha_innodb.cc;4741;0.010000;0.010000;0.0;0.0
ha_innodb.cc;9033;0.010000;0.010000;0.0;0.0
ha_innodb.cc;7350;0.010000;0.010000;0.0;0.0
handler.cc;1763;0.010000;0.010000;0.0;0.0
handler.cc;3755;0.010000;0.010000;0.0;0.0
handler.cc;5747;0.010000;0.010000;0.0;0.0
handler.cc;1453;0.010000;0.010000;0.0;0.0
handler.cc;7234;0.010000;0.010000;0.0;0.0
handler.cc;4103;0.010000;0.010000;0.0;0.0
handler.cc;3831;0.010000;0.010000;0.0;0.0
handler.cc;6527;0.010000;0.010000;0.0;0.0
handler.cc;8115;0.010000;0.010000;0.0;0.0
handler.cc;2251;0.010000;0.010000;0.0;0.0
handler.cc;1984;0.010000;0.010000;0.0;0.0
handler.cc;3733;0.010000;0.010000;0.0;0.0
handler.cc;1849;0.010000;0.010000;0.0;0.0
handler.cc;1892;0.010000;0.010000;0.0;0.0
handler.cc;8106;0.010000;0.010000;0.0;0.0
handler.cc;8275;0.010000;0.010000;0.0;0.0
handler.cc;2083;0.010000;0.010000;0.0;0.0
handler.cc;6521;0.010000;0.010000;0.0;0.0
handler.cc;1484;0.010000;0.010000;0.0;0.0
handler.cc;1676;0.010000;0.010000;0.0;0.0
handler.cc;8508;0.010000;0.010000;0.0;0.0
handler.cc;4318;0.010000;0.010000;0.0;0.0
handler.cc;4179;0.010000;0.010000;0.0;0.0
handler.cc;1673;0.010000;0.010000;0.0;0.0
handler.cc;7499;0.010000;0.010000;0.0;0.0
handler.cc;3728;0.010000;0.010000;0.0;0.0
handler.cc;3831;0.010000;0.010000;0.0;0.0
handler.cc;7485;0.010000;0.010000;0.0;0.0
handler.cc;3880;0.010000;0.010000;0.0;0.0
handler.cc;8096;0.010000;0.010000;0.0;0.0
handler.cc;7483;0.010000;0.010000;0.0;0.0
handler.cc;9746;0.010000;0.010000;0.0;0.0
handler.cc;3733;0.010000;0.010000;0.0;0.0
handler.cc;7996;0.010000;0.010000;0.0;0.0
handler.cc;1771;0.010000;0.010000;0.0;0.0
handler.cc;3849;0.010000;0.010000;0.0;0.0
handler.cc;5731;0.010000;0.010000;0.0;0.0
handler.cc;9773;0.010000;0.010000;0.0;0.0
handler.cc;4557;0.010000;0.010000;0.0;0.0
handler.cc;7573;0.010000;0.010000;0.0;0.0
handler.h;3719;0.010000;0.010000;0.0;0.0
handler.h;3967;0.010000;0.010000;0.0;0.0
handler.h;3303;0.010000;0.010000;0.0;0.0
handler.h;3982;0.010000;0.010000;0.0;0.0
handler.h;4969;0.010000;0.010000;0.0;0.0
handler.h;5343;0.010000;0.010000;0.0;0.0
handler.h;3984;0.010000;0.010000;0.0;0.0
handler.h;2047;0.010000;0.010000;0.0;0.0
handler.h;3294;0.010000;0.010000;0.0;0.0
hash.c;237;0.010000;0.010000;0.0;0.0
hash.c;236;0.010000;0.010000;0.0;0.0
hash.c;259;0.010000;0.010000;0.0;0.0
hash.c;209;0.010000;0.010000;0.0;0.0
hashtable.h;2205;0.010000;0.010000;0.0;0.0
hashtable.h;2489;0.010000;0.010000;0.0;0.0
hashtable_policy.h;584;0.010000;0.010000;0.0;0.0
hashtable_policy.h;889;0.010000;0.010000;0.0;0.0
hashtable_policy.h;1107;0.010000;0.010000;0.0;0.0
ia32intrin.h;114;0.010000;0.010000;0.0;0.0
ilist.h;179;0.010000;0.010000;0.0;0.0
innodb_binlog.cc;4422;0.010000;0.010000;0.0;0.0
int2str.c;172;0.010000;0.010000;0.0;0.0
item.cc;3742;0.010000;0.010000;0.0;0.0
item.cc;7429;0.010000;0.010000;0.0;0.0
item.cc;458;0.010000;0.010000;0.0;0.0
item.cc;6831;0.010000;0.010000;0.0;0.0
item.cc;4978;0.010000;0.010000;0.0;0.0
item.cc;4846;0.010000;0.010000;0.0;0.0
item.cc;6649;0.010000;0.010000;0.0;0.0
item.cc;3381;0.010000;0.010000;0.0;0.0
item.cc;736;0.010000;0.010000;0.0;0.0
item.cc;6764;0.010000;0.010000;0.0;0.0
item.cc;3769;0.010000;0.010000;0.0;0.0
item.cc;4820;0.010000;0.010000;0.0;0.0
item.cc;7287;0.010000;0.010000;0.0;0.0
item.cc;639;0.010000;0.010000;0.0;0.0
item.cc;5113;0.010000;0.010000;0.0;0.0
item.cc;4397;0.010000;0.010000;0.0;0.0
item.cc;3741;0.010000;0.010000;0.0;0.0
item.cc;4616;0.010000;0.010000;0.0;0.0
item.cc;6635;0.010000;0.010000;0.0;0.0
item.cc;451;0.010000;0.010000;0.0;0.0
item.cc;592;0.010000;0.010000;0.0;0.0
item.cc;4931;0.010000;0.010000;0.0;0.0
item.cc;4452;0.010000;0.010000;0.0;0.0
item.cc;3390;0.010000;0.010000;0.0;0.0
item.cc;3386;0.010000;0.010000;0.0;0.0
item.cc;7278;0.010000;0.010000;0.0;0.0
item.cc;6562;0.010000;0.010000;0.0;0.0
item.h;2789;0.010000;0.010000;0.0;0.0
item.h;6200;0.010000;0.010000;0.0;0.0
item.h;6199;0.010000;0.010000;0.0;0.0
item.h;3977;0.010000;0.010000;0.0;0.0
item.h;6200;0.010000;0.010000;0.0;0.0
item.h;2039;0.010000;0.010000;0.0;0.0
item.h;3985;0.010000;0.010000;0.0;0.0
item.h;4626;0.010000;0.010000;0.0;0.0
item.h;4523;0.010000;0.010000;0.0;0.0
item.h;3162;0.010000;0.010000;0.0;0.0
item.h;4058;0.010000;0.010000;0.0;0.0
item.h;4574;0.010000;0.010000;0.0;0.0
item.h;1251;0.010000;0.010000;0.0;0.0
item.h;2208;0.010000;0.010000;0.0;0.0
item.h;779;0.010000;0.010000;0.0;0.0
item.h;3186;0.010000;0.010000;0.0;0.0
item.h;1068;0.010000;0.010000;0.0;0.0
item.h;4866;0.010000;0.010000;0.0;0.0
item.h;4571;0.010000;0.010000;0.0;0.0
item.h;3929;0.010000;0.010000;0.0;0.0
item.h;4628;0.010000;0.010000;0.0;0.0
item.h;4634;0.010000;0.010000;0.0;0.0
item.h;5986;0.010000;0.010000;0.0;0.0
item_cmpfunc.cc;7607;0.010000;0.010000;0.0;0.0
item_cmpfunc.cc;785;0.010000;0.010000;0.0;0.0
item_cmpfunc.cc;404;0.010000;0.010000;0.0;0.0
item_cmpfunc.cc;7541;0.010000;0.010000;0.0;0.0
item_cmpfunc.cc;7462;0.010000;0.010000;0.0;0.0
item_cmpfunc.cc;430;0.010000;0.010000;0.0;0.0
item_cmpfunc.cc;1910;0.010000;0.010000;0.0;0.0
item_cmpfunc.cc;7370;0.010000;0.010000;0.0;0.0
item_cmpfunc.cc;7441;0.010000;0.010000;0.0;0.0
item_cmpfunc.cc;794;0.010000;0.010000;0.0;0.0
item_cmpfunc.cc;527;0.010000;0.010000;0.0;0.0
item_cmpfunc.cc;7590;0.010000;0.010000;0.0;0.0
item_cmpfunc.cc;438;0.010000;0.010000;0.0;0.0
item_cmpfunc.cc;711;0.010000;0.010000;0.0;0.0
item_cmpfunc.cc;521;0.010000;0.010000;0.0;0.0
item_cmpfunc.cc;448;0.010000;0.010000;0.0;0.0
item_cmpfunc.cc;525;0.010000;0.010000;0.0;0.0
item_cmpfunc.h;646;0.010000;0.010000;0.0;0.0
item_cmpfunc.h;217;0.010000;0.010000;0.0;0.0
item_cmpfunc.h;854;0.010000;0.010000;0.0;0.0
item_cmpfunc.h;156;0.010000;0.010000;0.0;0.0
item_cmpfunc.h;567;0.010000;0.010000;0.0;0.0
item_cmpfunc.h;100;0.010000;0.010000;0.0;0.0
item_cmpfunc.h;153;0.010000;0.010000;0.0;0.0
item_cmpfunc.h;568;0.010000;0.010000;0.0;0.0
item_func.cc;387;0.010000;0.010000;0.0;0.0
item_func.cc;161;0.010000;0.010000;0.0;0.0
item_func.cc;541;0.010000;0.010000;0.0;0.0
item_func.cc;387;0.010000;0.010000;0.0;0.0
item_func.cc;150;0.010000;0.010000;0.0;0.0
lex_string.h;32;0.010000;0.010000;0.0;0.0
lf_alloc-pin.c;340;0.010000;0.010000;0.0;0.0
lf_hash.cc;299;0.010000;0.010000;0.0;0.0
lf_hash.cc;105;0.010000;0.010000;0.0;0.0
lf_hash.cc;473;0.010000;0.010000;0.0;0.0
lf_hash.cc;303;0.010000;0.010000;0.0;0.0
lf_hash.cc;435;0.010000;0.010000;0.0;0.0
lf_hash.cc;456;0.010000;0.010000;0.0;0.0
lf_hash.cc;141;0.010000;0.010000;0.0;0.0
lf_hash.cc;311;0.010000;0.010000;0.0;0.0
lf_hash.cc;456;0.010000;0.010000;0.0;0.0
lock.cc;381;0.010000;0.010000;0.0;0.0
lock.cc;204;0.010000;0.010000;0.0;0.0
lock.cc;399;0.010000;0.010000;0.0;0.0
lock.cc;878;0.010000;0.010000;0.0;0.0
lock.cc;860;0.010000;0.010000;0.0;0.0
lock.cc;338;0.010000;0.010000;0.0;0.0
lock.cc;336;0.010000;0.010000;0.0;0.0
lock.cc;832;0.010000;0.010000;0.0;0.0
lock.cc;395;0.010000;0.010000;0.0;0.0
lock.cc;481;0.010000;0.010000;0.0;0.0
lock.cc;912;0.010000;0.010000;0.0;0.0
lock0lock.cc;6321;0.010000;0.010000;0.0;0.0
lock0lock.cc;2568;0.010000;0.010000;0.0;0.0
lock0lock.cc;6136;0.010000;0.010000;0.0;0.0
lock0lock.cc;2640;0.010000;0.010000;0.0;0.0
lock0lock.cc;1963;0.010000;0.010000;0.0;0.0
lock0lock.cc;6642;0.010000;0.010000;0.0;0.0
lock0lock.cc;1511;0.010000;0.010000;0.0;0.0
lock0lock.cc;6177;0.010000;0.010000;0.0;0.0
lock0lock.cc;6622;0.010000;0.010000;0.0;0.0
lock0lock.cc;4184;0.010000;0.010000;0.0;0.0
lock0lock.cc;3490;0.010000;0.010000;0.0;0.0
lock0lock.cc;6299;0.010000;0.010000;0.0;0.0
lock0lock.cc;230;0.010000;0.010000;0.0;0.0
lock0lock.h;908;0.010000;0.010000;0.0;0.0
lock0lock.h;734;0.010000;0.010000;0.0;0.0
lock0priv.h;537;0.010000;0.010000;0.0;0.0
lock0priv.inl;90;0.010000;0.010000;0.0;0.0
lock0priv.inl;100;0.010000;0.010000;0.0;0.0
log.cc;14732;0.010000;0.010000;0.0;0.0
log0log.cc;1845;0.010000;0.010000;0.0;0.0
log0log.cc;1161;0.010000;0.010000;0.0;0.0
log0log.cc;1711;0.010000;0.010000;0.0;0.0
log0log.cc;1662;0.010000;0.010000;0.0;0.0
log0log.cc;2016;0.010000;0.010000;0.0;0.0
log0log.cc;1698;0.010000;0.010000;0.0;0.0
log0log.h;496;0.010000;0.010000;0.0;0.0
log0sync.cc;400;0.010000;0.010000;0.0;0.0
lowlevellock.c;64;0.010000;0.010000;0.0;0.0
m_string.h;315;0.010000;0.010000;0.0;0.0
mach0data.inl;67;0.010000;0.010000;0.0;0.0
mach0data.inl;154;0.010000;0.010000;0.0;0.0
mach0data.inl;465;0.010000;0.010000;0.0;0.0
mach0data.inl;207;0.010000;0.010000;0.0;0.0
mach0data.inl;48;0.010000;0.010000;0.0;0.0
mach0data.inl;448;0.010000;0.010000;0.0;0.0
malloc.c;3930;0.010000;0.010000;0.0;0.0
malloc.c;3294;0.010000;0.010000;0.0;0.0
malloc.c;1594;0.010000;0.010000;0.0;0.0
malloc.c;4550;0.010000;0.010000;0.0;0.0
malloc.c;4351;0.010000;0.010000;0.0;0.0
malloc.c;3933;0.010000;0.010000;0.0;0.0
malloc.c;1604;0.010000;0.010000;0.0;0.0
malloc.c;4199;0.010000;0.010000;0.0;0.0
malloc.c;3333;0.010000;0.010000;0.0;0.0
malloc.c;3003;0.010000;0.010000;0.0;0.0
malloc.c;4087;0.010000;0.010000;0.0;0.0
malloc.c;3291;0.010000;0.010000;0.0;0.0
malloc.c;4437;0.010000;0.010000;0.0;0.0
malloc.c;3034;0.010000;0.010000;0.0;0.0
malloc.c;3293;0.010000;0.010000;0.0;0.0
malloc.c;1600;0.010000;0.010000;0.0;0.0
malloc.c;4318;0.010000;0.010000;0.0;0.0
malloc.c;3306;0.010000;0.010000;0.0;0.0
malloc.c;4319;0.010000;0.010000;0.0;0.0
malloc.c;4096;0.010000;0.010000;0.0;0.0
malloc.c;4088;0.010000;0.010000;0.0;0.0
malloc.c;3959;0.010000;0.010000;0.0;0.0
malloc.c;1592;0.010000;0.010000;0.0;0.0
malloc.c;1605;0.010000;0.010000;0.0;0.0
malloc.c;4321;0.010000;0.010000;0.0;0.0
malloc.c;4026;0.010000;0.010000;0.0;0.0
malloc.c;1887;0.010000;0.010000;0.0;0.0
mdl.cc;3533;0.010000;0.010000;0.0;0.0
mdl.cc;3542;0.010000;0.010000;0.0;0.0
mdl.cc;1729;0.010000;0.010000;0.0;0.0
mdl.cc;2619;0.010000;0.010000;0.0;0.0
mdl.cc;1943;0.010000;0.010000;0.0;0.0
mdl.cc;1723;0.010000;0.010000;0.0;0.0
mdl.cc;1582;0.010000;0.010000;0.0;0.0
mdl.cc;2751;0.010000;0.010000;0.0;0.0
mdl.cc;1518;0.010000;0.010000;0.0;0.0
mdl.cc;3592;0.010000;0.010000;0.0;0.0
mdl.cc;2715;0.010000;0.010000;0.0;0.0
mdl.cc;2611;0.010000;0.010000;0.0;0.0
mdl.cc;2715;0.010000;0.010000;0.0;0.0
mdl.h;425;0.010000;0.010000;0.0;0.0
mdl.h;344;0.010000;0.010000;0.0;0.0
mdl.h;549;0.010000;0.010000;0.0;0.0
mem0mem.cc;323;0.010000;0.010000;0.0;0.0
mem0mem.inl;177;0.010000;0.010000;0.0;0.0
mem0mem.inl;112;0.010000;0.010000;0.0;0.0
mem0mem.inl;176;0.010000;0.010000;0.0;0.0
mem0mem.inl;232;0.010000;0.010000;0.0;0.0
mem_root_array.h;187;0.010000;0.010000;0.0;0.0
mem_root_array.h;150;0.010000;0.010000;0.0;0.0
mem_root_array.h;188;0.010000;0.010000;0.0;0.0
memcmp-avx2-movbe.S;86;0.010000;0.010000;0.0;0.0
memcmp-avx2-movbe.S;117;0.010000;0.010000;0.0;0.0
memcmp-avx2-movbe.S;131;0.010000;0.010000;0.0;0.0
memcmp-avx2-movbe.S;448;0.010000;0.010000;0.0;0.0
memmove-vec-unaligned-erms.S;410;0.010000;0.010000;0.0;0.0
memmove-vec-unaligned-erms.S;541;0.010000;0.010000;0.0;0.0
memmove-vec-unaligned-erms.S;262;0.010000;0.010000;0.0;0.0
memmove-vec-unaligned-erms.S;405;0.010000;0.010000;0.0;0.0
memmove-vec-unaligned-erms.S;364;0.010000;0.010000;0.0;0.0
memmove-vec-unaligned-erms.S;505;0.010000;0.010000;0.0;0.0
memmove-vec-unaligned-erms.S;543;0.010000;0.010000;0.0;0.0
memmove-vec-unaligned-erms.S;462;0.010000;0.010000;0.0;0.0
memmove-vec-unaligned-erms.S;494;0.010000;0.010000;0.0;0.0
memmove-vec-unaligned-erms.S;265;0.010000;0.010000;0.0;0.0
memmove-vec-unaligned-erms.S;537;0.010000;0.010000;0.0;0.0
memset-vec-unaligned-erms.S;292;0.010000;0.010000;0.0;0.0
memset-vec-unaligned-erms.S;301;0.010000;0.010000;0.0;0.0
memset-vec-unaligned-erms.S;297;0.010000;0.010000;0.0;0.0
memset-vec-unaligned-erms.S;302;0.010000;0.010000;0.0;0.0
memset-vec-unaligned-erms.S;288;0.010000;0.010000;0.0;0.0
memset-vec-unaligned-erms.S;383;0.010000;0.010000;0.0;0.0
memset-vec-unaligned-erms.S;399;0.010000;0.010000;0.0;0.0
mtr0log.h;351;0.010000;0.010000;0.0;0.0
mtr0log.h;49;0.010000;0.010000;0.0;0.0
mtr0log.h;138;0.010000;0.010000;0.0;0.0
mtr0log.h;554;0.010000;0.010000;0.0;0.0
mtr0log.h;246;0.010000;0.010000;0.0;0.0
mtr0log.h;246;0.010000;0.010000;0.0;0.0
mtr0log.h;363;0.010000;0.010000;0.0;0.0
mtr0log.h;138;0.010000;0.010000;0.0;0.0
mtr0log.h;138;0.010000;0.010000;0.0;0.0
mtr0log.h;250;0.010000;0.010000;0.0;0.0
mtr0log.h;124;0.010000;0.010000;0.0;0.0
mtr0log.h;124;0.010000;0.010000;0.0;0.0
mtr0log.h;138;0.010000;0.010000;0.0;0.0
mtr0log.h;407;0.010000;0.010000;0.0;0.0
mtr0mtr.cc;1731;0.010000;0.010000;0.0;0.0
mtr0mtr.cc;1717;0.010000;0.010000;0.0;0.0
mtr0mtr.cc;71;0.010000;0.010000;0.0;0.0
mtr0mtr.cc;1457;0.010000;0.010000;0.0;0.0
mtr0mtr.cc;1098;0.010000;0.010000;0.0;0.0
mtr0mtr.cc;1105;0.010000;0.010000;0.0;0.0
mtr0mtr.cc;1114;0.010000;0.010000;0.0;0.0
mtr0mtr.cc;185;0.010000;0.010000;0.0;0.0
mtr0mtr.cc;1739;0.010000;0.010000;0.0;0.0
mtr0mtr.cc;1732;0.010000;0.010000;0.0;0.0
mtr0mtr.cc;1095;0.010000;0.010000;0.0;0.0
mtr0mtr.cc;418;0.010000;0.010000;0.0;0.0
mtr0mtr.cc;1334;0.010000;0.010000;0.0;0.0
mtr0mtr.cc;414;0.010000;0.010000;0.0;0.0
mtr0mtr.cc;498;0.010000;0.010000;0.0;0.0
mtr0mtr.cc;106;0.010000;0.010000;0.0;0.0
mtr0mtr.cc;131;0.010000;0.010000;0.0;0.0
mtr0mtr.cc;1206;0.010000;0.010000;0.0;0.0
mtr0mtr.cc;531;0.010000;0.010000;0.0;0.0
mtr0mtr.cc;582;0.010000;0.010000;0.0;0.0
mtr0mtr.cc;1426;0.010000;0.010000;0.0;0.0
mtr0mtr.h;420;0.010000;0.010000;0.0;0.0
multi_range_read.cc;1813;0.010000;0.010000;0.0;0.0
multi_range_read.cc;1350;0.010000;0.010000;0.0;0.0
multi_range_read.cc;618;0.010000;0.010000;0.0;0.0
multi_range_read.cc;587;0.010000;0.010000;0.0;0.0
multi_range_read.cc;1737;0.010000;0.010000;0.0;0.0
multi_range_read.cc;219;0.010000;0.010000;0.0;0.0
multi_range_read.cc;53;0.010000;0.010000;0.0;0.0
multi_range_read.cc;1354;0.010000;0.010000;0.0;0.0
multi_range_read.cc;627;0.010000;0.010000;0.0;0.0
multi_range_read.h;252;0.010000;0.010000;0.0;0.0
my_alloc.c;522;0.010000;0.010000;0.0;0.0
my_alloc.c;395;0.010000;0.010000;0.0;0.0
my_alloc.c;527;0.010000;0.010000;0.0;0.0
my_alloc.c;158;0.010000;0.010000;0.0;0.0
my_alloc.c;68;0.010000;0.010000;0.0;0.0
my_alloc.c;515;0.010000;0.010000;0.0;0.0
my_alloc.c;409;0.010000;0.010000;0.0;0.0
my_alloc.c;163;0.010000;0.010000;0.0;0.0
my_alloc.c;509;0.010000;0.010000;0.0;0.0
my_alloc.c;361;0.010000;0.010000;0.0;0.0
my_alloc.c;406;0.010000;0.010000;0.0;0.0
my_alloc.c;312;0.010000;0.010000;0.0;0.0
my_alloc.c;425;0.010000;0.010000;0.0;0.0
my_alloc.c;116;0.010000;0.010000;0.0;0.0
my_alloc.c;53;0.010000;0.010000;0.0;0.0
my_bit.h;138;0.010000;0.010000;0.0;0.0
my_bit.h;160;0.010000;0.010000;0.0;0.0
my_bitmap.c;574;0.010000;0.010000;0.0;0.0
my_bitmap.c;510;0.010000;0.010000;0.0;0.0
my_bitmap.c;565;0.010000;0.010000;0.0;0.0
my_bitmap.c;124;0.010000;0.010000;0.0;0.0
my_bitmap.c;575;0.010000;0.010000;0.0;0.0
my_bitmap.c;127;0.010000;0.010000;0.0;0.0
my_bitmap.h;95;0.010000;0.010000;0.0;0.0
my_getsystime.c;54;0.010000;0.010000;0.0;0.0
my_json_writer.h;395;0.010000;0.010000;0.0;0.0
my_json_writer.h;449;0.010000;0.010000;0.0;0.0
my_json_writer.h;454;0.010000;0.010000;0.0;0.0
my_json_writer.h;626;0.010000;0.010000;0.0;0.0
my_json_writer.h;470;0.010000;0.010000;0.0;0.0
my_json_writer.h;653;0.010000;0.010000;0.0;0.0
my_malloc.c;114;0.010000;0.010000;0.0;0.0
my_malloc.c;79;0.010000;0.010000;0.0;0.0
my_stack_alloc.h;78;0.010000;0.010000;0.0;0.0
my_sys.h;543;0.010000;0.010000;0.0;0.0
my_vsnprintf.c;741;0.010000;0.010000;0.0;0.0
my_vsnprintf.c;648;0.010000;0.010000;0.0;0.0
mysql_socket.h;273;0.010000;0.010000;0.0;0.0
mysql_statement.h;235;0.010000;0.010000;0.0;0.0
mysql_thread.h;737;0.010000;0.010000;0.0;0.0
mysql_thread.h;737;0.010000;0.010000;0.0;0.0
mysql_thread.h;745;0.010000;0.010000;0.0;0.0
mysqld.cc;1262;0.010000;0.010000;0.0;0.0
mysqld.cc;3811;0.010000;0.010000;0.0;0.0
mysqld.cc;3847;0.010000;0.010000;0.0;0.0
mysqld.cc;3810;0.010000;0.010000;0.0;0.0
net_serv.cc;1228;0.010000;0.010000;0.0;0.0
net_serv.cc;735;0.010000;0.010000;0.0;0.0
net_serv.cc;1074;0.010000;0.010000;0.0;0.0
net_serv.cc;1067;0.010000;0.010000;0.0;0.0
net_serv.cc;845;0.010000;0.010000;0.0;0.0
net_serv.cc;955;0.010000;0.010000;0.0;0.0
net_serv.cc;614;0.010000;0.010000;0.0;0.0
net_serv.cc;955;0.010000;0.010000;0.0;0.0
net_serv.cc;967;0.010000;0.010000;0.0;0.0
net_serv.cc;905;0.010000;0.010000;0.0;0.0
net_serv.cc;839;0.010000;0.010000;0.0;0.0
opt_context_store_replay.cc;1674;0.010000;0.010000;0.0;0.0
opt_context_store_replay.cc;1641;0.010000;0.010000;0.0;0.0
opt_hints.cc;1353;0.010000;0.010000;0.0;0.0
opt_hints.cc;1369;0.010000;0.010000;0.0;0.0
opt_hints.cc;1363;0.010000;0.010000;0.0;0.0
opt_hints.cc;1289;0.010000;0.010000;0.0;0.0
opt_range.cc;12706;0.010000;0.010000;0.0;0.0
opt_range.cc;9594;0.010000;0.010000;0.0;0.0
opt_range.cc;1227;0.010000;0.010000;0.0;0.0
opt_range.cc;1253;0.010000;0.010000;0.0;0.0
opt_range.cc;3212;0.010000;0.010000;0.0;0.0
opt_range.cc;7476;0.010000;0.010000;0.0;0.0
opt_range.cc;264;0.010000;0.010000;0.0;0.0
opt_range.cc;12962;0.010000;0.010000;0.0;0.0
opt_range.cc;8094;0.010000;0.010000;0.0;0.0
opt_range.cc;12605;0.010000;0.010000;0.0;0.0
opt_range.cc;1345;0.010000;0.010000;0.0;0.0
opt_range.cc;14779;0.010000;0.010000;0.0;0.0
opt_range.cc;3028;0.010000;0.010000;0.0;0.0
opt_range.cc;2863;0.010000;0.010000;0.0;0.0
opt_range.cc;4367;0.010000;0.010000;0.0;0.0
opt_range.cc;2817;0.010000;0.010000;0.0;0.0
opt_range.cc;9496;0.010000;0.010000;0.0;0.0
opt_range.cc;7966;0.010000;0.010000;0.0;0.0
opt_range.cc;12624;0.010000;0.010000;0.0;0.0
opt_range.cc;9498;0.010000;0.010000;0.0;0.0
opt_range.cc;14779;0.010000;0.010000;0.0;0.0
opt_range.cc;13757;0.010000;0.010000;0.0;0.0
opt_range.cc;9628;0.010000;0.010000;0.0;0.0
opt_range.cc;2310;0.010000;0.010000;0.0;0.0
opt_range.cc;12540;0.010000;0.010000;0.0;0.0
opt_range.cc;2873;0.010000;0.010000;0.0;0.0
opt_range.cc;8888;0.010000;0.010000;0.0;0.0
opt_range.cc;10429;0.010000;0.010000;0.0;0.0
opt_range.cc;12588;0.010000;0.010000;0.0;0.0
opt_range.cc;1269;0.010000;0.010000;0.0;0.0
opt_range.cc;1915;0.010000;0.010000;0.0;0.0
opt_range.cc;12806;0.010000;0.010000;0.0;0.0
opt_range.cc;3211;0.010000;0.010000;0.0;0.0
opt_range.cc;2322;0.010000;0.010000;0.0;0.0
opt_range.cc;2873;0.010000;0.010000;0.0;0.0
opt_range.cc;3036;0.010000;0.010000;0.0;0.0
opt_range.cc;4191;0.010000;0.010000;0.0;0.0
opt_range.cc;2632;0.010000;0.010000;0.0;0.0
opt_range.cc;10457;0.010000;0.010000;0.0;0.0
opt_range.cc;9803;0.010000;0.010000;0.0;0.0
opt_range.cc;3061;0.010000;0.010000;0.0;0.0
opt_range.cc;12897;0.010000;0.010000;0.0;0.0
opt_range.cc;1218;0.010000;0.010000;0.0;0.0
opt_range.cc;2971;0.010000;0.010000;0.0;0.0
opt_range.cc;14777;0.010000;0.010000;0.0;0.0
opt_range.cc;12815;0.010000;0.010000;0.0;0.0
opt_range.cc;10441;0.010000;0.010000;0.0;0.0
opt_range.cc;2767;0.010000;0.010000;0.0;0.0
opt_range.cc;7962;0.010000;0.010000;0.0;0.0
opt_range.cc;12816;0.010000;0.010000;0.0;0.0
opt_range.cc;1212;0.010000;0.010000;0.0;0.0
opt_range.cc;13722;0.010000;0.010000;0.0;0.0
opt_range.cc;12826;0.010000;0.010000;0.0;0.0
opt_range.cc;13004;0.010000;0.010000;0.0;0.0
opt_range.cc;7994;0.010000;0.010000;0.0;0.0
opt_range.cc;12578;0.010000;0.010000;0.0;0.0
opt_range.h;1405;0.010000;0.010000;0.0;0.0
opt_range.h;1971;0.010000;0.010000;0.0;0.0
opt_range.h;529;0.010000;0.010000;0.0;0.0
opt_range.h;551;0.010000;0.010000;0.0;0.0
opt_range.h;558;0.010000;0.010000;0.0;0.0
opt_range.h;603;0.010000;0.010000;0.0;0.0
opt_range.h;976;0.010000;0.010000;0.0;0.0
opt_range.h;1957;0.010000;0.010000;0.0;0.0
opt_range.h;533;0.010000;0.010000;0.0;0.0
opt_range_mrr.cc;258;0.010000;0.010000;0.0;0.0
opt_range_mrr.cc;81;0.010000;0.010000;0.0;0.0
opt_range_mrr.cc;269;0.010000;0.010000;0.0;0.0
opt_range_mrr.cc;185;0.010000;0.010000;0.0;0.0
opt_range_mrr.cc;116;0.010000;0.010000;0.0;0.0
opt_range_mrr.cc;370;0.010000;0.010000;0.0;0.0
opt_range_mrr.cc;86;0.010000;0.010000;0.0;0.0
opt_range_mrr.cc;272;0.010000;0.010000;0.0;0.0
opt_range_mrr.cc;320;0.010000;0.010000;0.0;0.0
opt_range_mrr.cc;208;0.010000;0.010000;0.0;0.0
opt_rewrite_remove_casefold.cc;94;0.010000;0.010000;0.0;0.0
opt_sargable_left.cc;153;0.010000;0.010000;0.0;0.0
opt_split.cc;1473;0.010000;0.010000;0.0;0.0
opt_split.cc;1530;0.010000;0.010000;0.0;0.0
opt_split.cc;1469;0.010000;0.010000;0.0;0.0
opt_subselect.cc;5573;0.010000;0.010000;0.0;0.0
opt_subselect.cc;5948;0.010000;0.010000;0.0;0.0
opt_subselect.cc;6627;0.010000;0.010000;0.0;0.0
opt_subselect.cc;633;0.010000;0.010000;0.0;0.0
opt_subselect.cc;6685;0.010000;0.010000;0.0;0.0
opt_subselect.cc;4347;0.010000;0.010000;0.0;0.0
opt_subselect.cc;4353;0.010000;0.010000;0.0;0.0
opt_subselect.cc;5282;0.010000;0.010000;0.0;0.0
opt_subselect.cc;5952;0.010000;0.010000;0.0;0.0
opt_subselect.cc;6620;0.010000;0.010000;0.0;0.0
opt_subselect.cc;6624;0.010000;0.010000;0.0;0.0
opt_subselect.cc;5939;0.010000;0.010000;0.0;0.0
opt_table_elimination.cc;671;0.010000;0.010000;0.0;0.0
opt_trace.cc;532;0.010000;0.010000;0.0;0.0
opt_vcol_substitution.cc;135;0.010000;0.010000;0.0;0.0
opt_vcol_substitution.cc;331;0.010000;0.010000;0.0;0.0
os0file.cc;3353;0.010000;0.010000;0.0;0.0
page0cur.cc;338;0.010000;0.010000;0.0;0.0
page0cur.cc;920;0.010000;0.010000;0.0;0.0
page0cur.cc;515;0.010000;0.010000;0.0;0.0
page0cur.cc;585;0.010000;0.010000;0.0;0.0
page0cur.cc;177;0.010000;0.010000;0.0;0.0
page0cur.cc;437;0.010000;0.010000;0.0;0.0
page0cur.cc;236;0.010000;0.010000;0.0;0.0
page0cur.cc;1522;0.010000;0.010000;0.0;0.0
page0cur.cc;941;0.010000;0.010000;0.0;0.0
page0cur.cc;672;0.010000;0.010000;0.0;0.0
page0cur.cc;1575;0.010000;0.010000;0.0;0.0
page0cur.cc;1737;0.010000;0.010000;0.0;0.0
page0cur.cc;68;0.010000;0.010000;0.0;0.0
page0cur.cc;177;0.010000;0.010000;0.0;0.0
page0cur.cc;455;0.010000;0.010000;0.0;0.0
page0cur.cc;508;0.010000;0.010000;0.0;0.0
page0cur.cc;504;0.010000;0.010000;0.0;0.0
page0cur.cc;923;0.010000;0.010000;0.0;0.0
page0cur.cc;507;0.010000;0.010000;0.0;0.0
page0cur.cc;173;0.010000;0.010000;0.0;0.0
page0cur.cc;124;0.010000;0.010000;0.0;0.0
page0cur.cc;206;0.010000;0.010000;0.0;0.0
page0cur.inl;177;0.010000;0.010000;0.0;0.0
page0page.cc;223;0.010000;0.010000;0.0;0.0
page0page.cc;100;0.010000;0.010000;0.0;0.0
page0page.cc;128;0.010000;0.010000;0.0;0.0
page0page.h;504;0.010000;0.010000;0.0;0.0
page0page.h;782;0.010000;0.010000;0.0;0.0
page0page.h;265;0.010000;0.010000;0.0;0.0
page0page.h;203;0.010000;0.010000;0.0;0.0
page0zip.inl;180;0.010000;0.010000;0.0;0.0
pfs.cc;2520;0.010000;0.010000;0.0;0.0
pfs.cc;6795;0.010000;0.010000;0.0;0.0
pfs.cc;2565;0.010000;0.010000;0.0;0.0
protocol.cc;320;0.010000;0.010000;0.0;0.0
protocol.cc;663;0.010000;0.010000;0.0;0.0
protocol.cc;1031;0.010000;0.010000;0.0;0.0
protocol.cc;561;0.010000;0.010000;0.0;0.0
protocol.cc;36;0.010000;0.010000;0.0;0.0
protocol.cc;1738;0.010000;0.010000;0.0;0.0
protocol.cc;1204;0.010000;0.010000;0.0;0.0
protocol.cc;619;0.010000;0.010000;0.0;0.0
protocol.cc;1370;0.010000;0.010000;0.0;0.0
protocol.cc;1258;0.010000;0.010000;0.0;0.0
psi_noop.c;179;0.010000;0.010000;0.0;0.0
psi_noop.c;255;0.010000;0.010000;0.0;0.0
psi_noop.c;517;0.010000;0.010000;0.0;0.0
pthread_cond_broadcast.c;88;0.010000;0.010000;0.0;0.0
pthread_cond_broadcast.c;39;0.010000;0.010000;0.0;0.0
pthread_getaffinity.c;39;0.010000;0.010000;0.0;0.0
pthread_mutex_lock.c;120;0.010000;0.010000;0.0;0.0
pthread_mutex_lock.c;113;0.010000;0.010000;0.0;0.0
pthread_mutex_lock.c;78;0.010000;0.010000;0.0;0.0
pthread_mutex_lock.c;87;0.010000;0.010000;0.0;0.0
pthread_mutex_lock.c;163;0.010000;0.010000;0.0;0.0
pthread_mutex_lock.c;144;0.010000;0.010000;0.0;0.0
pthread_mutex_lock.c;144;0.010000;0.010000;0.0;0.0
pthread_mutex_lock.c;115;0.010000;0.010000;0.0;0.0
pthread_mutex_trylock.c;67;0.010000;0.010000;0.0;0.0
pthread_mutex_trylock.c;33;0.010000;0.010000;0.0;0.0
pthread_self.c;25;0.010000;0.010000;0.0;0.0
pwrite64.c;24;0.010000;0.010000;0.0;0.0
read0read.cc;173;0.010000;0.010000;0.0;0.0
read0read.cc;262;0.010000;0.010000;0.0;0.0
records.cc;364;0.010000;0.010000;0.0;0.0
records.cc;374;0.010000;0.010000;0.0;0.0
records.cc;359;0.010000;0.010000;0.0;0.0
records.cc;207;0.010000;0.010000;0.0;0.0
records.cc;348;0.010000;0.010000;0.0;0.0
records.cc;354;0.010000;0.010000;0.0;0.0
records.cc;399;0.010000;0.010000;0.0;0.0
records.cc;398;0.010000;0.010000;0.0;0.0
records.cc;398;0.010000;0.010000;0.0;0.0
records.cc;351;0.010000;0.010000;0.0;0.0
recv.c;24;0.010000;0.010000;0.0;0.0
rem0cmp.cc;327;0.010000;0.010000;0.0;0.0
rem0cmp.cc;374;0.010000;0.010000;0.0;0.0
rem0cmp.cc;213;0.010000;0.010000;0.0;0.0
rem0cmp.cc;662;0.010000;0.010000;0.0;0.0
rem0rec.cc;1986;0.010000;0.010000;0.0;0.0
rem0rec.cc;741;0.010000;0.010000;0.0;0.0
rem0rec.cc;433;0.010000;0.010000;0.0;0.0
rem0rec.cc;1988;0.010000;0.010000;0.0;0.0
rem0rec.cc;1694;0.010000;0.010000;0.0;0.0
rem0rec.cc;1560;0.010000;0.010000;0.0;0.0
rem0rec.cc;676;0.010000;0.010000;0.0;0.0
rem0rec.cc;744;0.010000;0.010000;0.0;0.0
rem0rec.cc;1902;0.010000;0.010000;0.0;0.0
rem0rec.cc;1200;0.010000;0.010000;0.0;0.0
rem0rec.cc;1507;0.010000;0.010000;0.0;0.0
rem0rec.cc;1988;0.010000;0.010000;0.0;0.0
rem0rec.cc;275;0.010000;0.010000;0.0;0.0
rem0rec.h;281;0.010000;0.010000;0.0;0.0
rem0rec.inl;633;0.010000;0.010000;0.0;0.0
rem0rec.inl;964;0.010000;0.010000;0.0;0.0
rem0rec.inl;651;0.010000;0.010000;0.0;0.0
rem0rec.inl;240;0.010000;0.010000;0.0;0.0
rem0rec.inl;982;0.010000;0.010000;0.0;0.0
row0ins.cc;2717;0.010000;0.010000;0.0;0.0
row0ins.cc;327;0.010000;0.010000;0.0;0.0
row0ins.cc;2657;0.010000;0.010000;0.0;0.0
row0ins.cc;3327;0.010000;0.010000;0.0;0.0
row0ins.cc;3109;0.010000;0.010000;0.0;0.0
row0ins.cc;3573;0.010000;0.010000;0.0;0.0
row0ins.cc;311;0.010000;0.010000;0.0;0.0
row0ins.cc;3310;0.010000;0.010000;0.0;0.0
row0ins.cc;3538;0.010000;0.010000;0.0;0.0
row0ins.cc;2928;0.010000;0.010000;0.0;0.0
row0ins.cc;3161;0.010000;0.010000;0.0;0.0
row0mysql.cc;511;0.010000;0.010000;0.0;0.0
row0mysql.cc;1590;0.010000;0.010000;0.0;0.0
row0mysql.cc;1616;0.010000;0.010000;0.0;0.0
row0mysql.cc;1654;0.010000;0.010000;0.0;0.0
row0mysql.cc;1758;0.010000;0.010000;0.0;0.0
row0mysql.cc;1021;0.010000;0.010000;0.0;0.0
row0mysql.cc;1417;0.010000;0.010000;0.0;0.0
row0mysql.cc;1025;0.010000;0.010000;0.0;0.0
row0mysql.cc;1016;0.010000;0.010000;0.0;0.0
row0mysql.cc;543;0.010000;0.010000;0.0;0.0
row0mysql.cc;1275;0.010000;0.010000;0.0;0.0
row0mysql.cc;1107;0.010000;0.010000;0.0;0.0
row0mysql.cc;1628;0.010000;0.010000;0.0;0.0
row0purge.cc;1386;0.010000;0.010000;0.0;0.0
row0purge.cc;1425;0.010000;0.010000;0.0;0.0
row0row.cc;540;0.010000;0.010000;0.0;0.0
row0row.cc;526;0.010000;0.010000;0.0;0.0
row0row.cc;235;0.010000;0.010000;0.0;0.0
row0row.cc;534;0.010000;0.010000;0.0;0.0
row0row.cc;424;0.010000;0.010000;0.0;0.0
row0row.cc;203;0.010000;0.010000;0.0;0.0
row0sel.cc;4801;0.010000;0.010000;0.0;0.0
row0sel.cc;2622;0.010000;0.010000;0.0;0.0
row0sel.cc;4514;0.010000;0.010000;0.0;0.0
row0sel.cc;5371;0.010000;0.010000;0.0;0.0
row0sel.cc;3170;0.010000;0.010000;0.0;0.0
row0sel.cc;4829;0.010000;0.010000;0.0;0.0
row0sel.cc;4065;0.010000;0.010000;0.0;0.0
row0sel.cc;4595;0.010000;0.010000;0.0;0.0
row0sel.cc;4807;0.010000;0.010000;0.0;0.0
row0sel.cc;4059;0.010000;0.010000;0.0;0.0
row0sel.cc;5357;0.010000;0.010000;0.0;0.0
row0sel.cc;3251;0.010000;0.010000;0.0;0.0
row0sel.cc;2961;0.010000;0.010000;0.0;0.0
row0sel.cc;5499;0.010000;0.010000;0.0;0.0
row0sel.cc;5352;0.010000;0.010000;0.0;0.0
row0sel.cc;5355;0.010000;0.010000;0.0;0.0
row0sel.cc;5228;0.010000;0.010000;0.0;0.0
row0sel.cc;4440;0.010000;0.010000;0.0;0.0
row0sel.cc;4478;0.010000;0.010000;0.0;0.0
row0sel.cc;6177;0.010000;0.010000;0.0;0.0
row0sel.cc;5868;0.010000;0.010000;0.0;0.0
row0sel.cc;5096;0.010000;0.010000;0.0;0.0
row0sel.cc;5089;0.010000;0.010000;0.0;0.0
row0sel.cc;2956;0.010000;0.010000;0.0;0.0
row0sel.cc;4472;0.010000;0.010000;0.0;0.0
row0sel.cc;2737;0.010000;0.010000;0.0;0.0
row0sel.cc;5509;0.010000;0.010000;0.0;0.0
row0sel.cc;964;0.010000;0.010000;0.0;0.0
row0sel.cc;5621;0.010000;0.010000;0.0;0.0
row0sel.cc;4922;0.010000;0.010000;0.0;0.0
row0upd.cc;2737;0.010000;0.010000;0.0;0.0
row0upd.cc;470;0.010000;0.010000;0.0;0.0
row0upd.cc;2438;0.010000;0.010000;0.0;0.0
row0upd.cc;1789;0.010000;0.010000;0.0;0.0
row0upd.cc;595;0.010000;0.010000;0.0;0.0
row0upd.cc;2368;0.010000;0.010000;0.0;0.0
row0upd.cc;428;0.010000;0.010000;0.0;0.0
select_result.h;99;0.010000;0.010000;0.0;0.0
select_result.h;99;0.010000;0.010000;0.0;0.0
select_result.h;125;0.010000;0.010000;0.0;0.0
small_vector.h;55;0.010000;0.010000;0.0;0.0
small_vector.h;40;0.010000;0.010000;0.0;0.0
smmintrin.h;830;0.010000;0.010000;0.0;0.0
sql_acl.cc;9980;0.010000;0.010000;0.0;0.0
sql_acl.cc;10137;0.010000;0.010000;0.0;0.0
sql_acl.cc;9981;0.010000;0.010000;0.0;0.0
sql_acl.cc;10309;0.010000;0.010000;0.0;0.0
sql_acl.cc;10315;0.010000;0.010000;0.0;0.0
sql_acl.cc;15402;0.010000;0.010000;0.0;0.0
sql_alloc.h;28;0.010000;0.010000;0.0;0.0
sql_array.h;122;0.010000;0.010000;0.0;0.0
sql_array.h;125;0.010000;0.010000;0.0;0.0
sql_array.h;125;0.010000;0.010000;0.0;0.0
sql_array.h;276;0.010000;0.010000;0.0;0.0
sql_array.h;131;0.010000;0.010000;0.0;0.0
sql_array.h;299;0.010000;0.010000;0.0;0.0
sql_audit.h;173;0.010000;0.010000;0.0;0.0
sql_base.cc;9191;0.010000;0.010000;0.0;0.0
sql_base.cc;1987;0.010000;0.010000;0.0;0.0
sql_base.cc;4927;0.010000;0.010000;0.0;0.0
sql_base.cc;10259;0.010000;0.010000;0.0;0.0
sql_base.cc;6336;0.010000;0.010000;0.0;0.0
sql_base.cc;9860;0.010000;0.010000;0.0;0.0
sql_base.cc;7012;0.010000;0.010000;0.0;0.0
sql_base.cc;3426;0.010000;0.010000;0.0;0.0
sql_base.cc;9038;0.010000;0.010000;0.0;0.0
sql_base.cc;3186;0.010000;0.010000;0.0;0.0
sql_base.cc;9152;0.010000;0.010000;0.0;0.0
sql_base.cc;8629;0.010000;0.010000;0.0;0.0
sql_base.cc;6985;0.010000;0.010000;0.0;0.0
sql_base.cc;6639;0.010000;0.010000;0.0;0.0
sql_base.cc;1177;0.010000;0.010000;0.0;0.0
sql_base.cc;2395;0.010000;0.010000;0.0;0.0
sql_base.cc;6970;0.010000;0.010000;0.0;0.0
sql_base.cc;8598;0.010000;0.010000;0.0;0.0
sql_base.cc;2362;0.010000;0.010000;0.0;0.0
sql_base.cc;9083;0.010000;0.010000;0.0;0.0
sql_base.cc;3167;0.010000;0.010000;0.0;0.0
sql_base.cc;10215;0.010000;0.010000;0.0;0.0
sql_base.cc;6630;0.010000;0.010000;0.0;0.0
sql_base.cc;8260;0.010000;0.010000;0.0;0.0
sql_base.cc;1071;0.010000;0.010000;0.0;0.0
sql_base.cc;1393;0.010000;0.010000;0.0;0.0
sql_base.cc;7008;0.010000;0.010000;0.0;0.0
sql_base.cc;4691;0.010000;0.010000;0.0;0.0
sql_base.cc;5821;0.010000;0.010000;0.0;0.0
sql_base.cc;5812;0.010000;0.010000;0.0;0.0
sql_base.cc;7003;0.010000;0.010000;0.0;0.0
sql_base.cc;2166;0.010000;0.010000;0.0;0.0
sql_base.cc;8502;0.010000;0.010000;0.0;0.0
sql_base.cc;8239;0.010000;0.010000;0.0;0.0
sql_base.cc;1632;0.010000;0.010000;0.0;0.0
sql_base.cc;985;0.010000;0.010000;0.0;0.0
sql_base.cc;10215;0.010000;0.010000;0.0;0.0
sql_base.cc;9163;0.010000;0.010000;0.0;0.0
sql_base.cc;7003;0.010000;0.010000;0.0;0.0
sql_base.cc;8717;0.010000;0.010000;0.0;0.0
sql_base.cc;9282;0.010000;0.010000;0.0;0.0
sql_base.cc;1990;0.010000;0.010000;0.0;0.0
sql_base.cc;9813;0.010000;0.010000;0.0;0.0
sql_base.cc;8366;0.010000;0.010000;0.0;0.0
sql_base.cc;888;0.010000;0.010000;0.0;0.0
sql_base.cc;2275;0.010000;0.010000;0.0;0.0
sql_base.cc;8252;0.010000;0.010000;0.0;0.0
sql_base.cc;10243;0.010000;0.010000;0.0;0.0
sql_base.cc;5195;0.010000;0.010000;0.0;0.0
sql_base.cc;1990;0.010000;0.010000;0.0;0.0
sql_base.cc;9116;0.010000;0.010000;0.0;0.0
sql_base.cc;10222;0.010000;0.010000;0.0;0.0
sql_base.cc;4692;0.010000;0.010000;0.0;0.0
sql_base.cc;8505;0.010000;0.010000;0.0;0.0
sql_base.cc;9844;0.010000;0.010000;0.0;0.0
sql_base.cc;9042;0.010000;0.010000;0.0;0.0
sql_base.cc;8606;0.010000;0.010000;0.0;0.0
sql_base.cc;6321;0.010000;0.010000;0.0;0.0
sql_base.cc;8368;0.010000;0.010000;0.0;0.0
sql_base.cc;8567;0.010000;0.010000;0.0;0.0
sql_base.cc;8631;0.010000;0.010000;0.0;0.0
sql_base.cc;8363;0.010000;0.010000;0.0;0.0
sql_base.cc;4156;0.010000;0.010000;0.0;0.0
sql_base.cc;4361;0.010000;0.010000;0.0;0.0
sql_base.cc;8273;0.010000;0.010000;0.0;0.0
sql_base.cc;8612;0.010000;0.010000;0.0;0.0
sql_base.cc;4717;0.010000;0.010000;0.0;0.0
sql_base.cc;9303;0.010000;0.010000;0.0;0.0
sql_base.cc;10223;0.010000;0.010000;0.0;0.0
sql_base.h;674;0.010000;0.010000;0.0;0.0
sql_base.h;396;0.010000;0.010000;0.0;0.0
sql_bitmap.h;117;0.010000;0.010000;0.0;0.0
sql_cache.cc;1173;0.010000;0.010000;0.0;0.0
sql_cache.cc;2223;0.010000;0.010000;0.0;0.0
sql_class.cc;3483;0.010000;0.010000;0.0;0.0
sql_class.cc;3331;0.010000;0.010000;0.0;0.0
sql_class.cc;5654;0.010000;0.010000;0.0;0.0
sql_class.cc;1515;0.010000;0.010000;0.0;0.0
sql_class.cc;6929;0.010000;0.010000;0.0;0.0
sql_class.cc;421;0.010000;0.010000;0.0;0.0
sql_class.cc;3458;0.010000;0.010000;0.0;0.0
sql_class.cc;6164;0.010000;0.010000;0.0;0.0
sql_class.cc;5638;0.010000;0.010000;0.0;0.0
sql_class.cc;2567;0.010000;0.010000;0.0;0.0
sql_class.cc;4401;0.010000;0.010000;0.0;0.0
sql_class.cc;1527;0.010000;0.010000;0.0;0.0
sql_class.cc;1510;0.010000;0.010000;0.0;0.0
sql_class.cc;6993;0.010000;0.010000;0.0;0.0
sql_class.cc;9022;0.010000;0.010000;0.0;0.0
sql_class.cc;7572;0.010000;0.010000;0.0;0.0
sql_class.cc;4402;0.010000;0.010000;0.0;0.0
sql_class.cc;4923;0.010000;0.010000;0.0;0.0
sql_class.cc;2523;0.010000;0.010000;0.0;0.0
sql_class.cc;4892;0.010000;0.010000;0.0;0.0
sql_class.cc;2368;0.010000;0.010000;0.0;0.0
sql_class.cc;2318;0.010000;0.010000;0.0;0.0
sql_class.cc;3387;0.010000;0.010000;0.0;0.0
sql_class.cc;4443;0.010000;0.010000;0.0;0.0
sql_class.cc;3216;0.010000;0.010000;0.0;0.0
sql_class.cc;1514;0.010000;0.010000;0.0;0.0
sql_class.cc;2329;0.010000;0.010000;0.0;0.0
sql_class.cc;6180;0.010000;0.010000;0.0;0.0
sql_class.cc;3423;0.010000;0.010000;0.0;0.0
sql_class.cc;5329;0.010000;0.010000;0.0;0.0
sql_class.cc;2593;0.010000;0.010000;0.0;0.0
sql_class.cc;6453;0.010000;0.010000;0.0;0.0
sql_class.h;7059;0.010000;0.010000;0.0;0.0
sql_class.h;4278;0.010000;0.010000;0.0;0.0
sql_class.h;6416;0.010000;0.010000;0.0;0.0
sql_class.h;8291;0.010000;0.010000;0.0;0.0
sql_class.h;8416;0.010000;0.010000;0.0;0.0
sql_class.h;4217;0.010000;0.010000;0.0;0.0
sql_class.h;2004;0.010000;0.010000;0.0;0.0
sql_class.h;4854;0.010000;0.010000;0.0;0.0
sql_class.h;4189;0.010000;0.010000;0.0;0.0
sql_class.h;2040;0.010000;0.010000;0.0;0.0
sql_class.h;8116;0.010000;0.010000;0.0;0.0
sql_class.h;8434;0.010000;0.010000;0.0;0.0
sql_class.h;4278;0.010000;0.010000;0.0;0.0
sql_class.h;6635;0.010000;0.010000;0.0;0.0
sql_class.h;1362;0.010000;0.010000;0.0;0.0
sql_connect.cc;1458;0.010000;0.010000;0.0;0.0
sql_connect.cc;1456;0.010000;0.010000;0.0;0.0
sql_cte.cc;1396;0.010000;0.010000;0.0;0.0
sql_delete.cc;484;0.010000;0.010000;0.0;0.0
sql_delete.cc;2047;0.010000;0.010000;0.0;0.0
sql_delete.cc;578;0.010000;0.010000;0.0;0.0
sql_delete.cc;918;0.010000;0.010000;0.0;0.0
sql_delete.cc;1990;0.010000;0.010000;0.0;0.0
sql_delete.cc;1383;0.010000;0.010000;0.0;0.0
sql_delete.cc;92;0.010000;0.010000;0.0;0.0
sql_delete.cc;1374;0.010000;0.010000;0.0;0.0
sql_delete.cc;465;0.010000;0.010000;0.0;0.0
sql_delete.cc;724;0.010000;0.010000;0.0;0.0
sql_delete.cc;820;0.010000;0.010000;0.0;0.0
sql_delete.cc;2212;0.010000;0.010000;0.0;0.0
sql_delete.cc;1374;0.010000;0.010000;0.0;0.0
sql_delete.cc;1187;0.010000;0.010000;0.0;0.0
sql_delete.cc;1039;0.010000;0.010000;0.0;0.0
sql_delete.cc;1103;0.010000;0.010000;0.0;0.0
sql_delete.cc;420;0.010000;0.010000;0.0;0.0
sql_delete.cc;2099;0.010000;0.010000;0.0;0.0
sql_delete.cc;184;0.010000;0.010000;0.0;0.0
sql_error.cc;362;0.010000;0.010000;0.0;0.0
sql_error.cc;597;0.010000;0.010000;0.0;0.0
sql_error.cc;588;0.010000;0.010000;0.0;0.0
sql_error.cc;355;0.010000;0.010000;0.0;0.0
sql_error.cc;592;0.010000;0.010000;0.0;0.0
sql_error.h;1026;0.010000;0.010000;0.0;0.0
sql_error.h;1031;0.010000;0.010000;0.0;0.0
sql_error.h;742;0.010000;0.010000;0.0;0.0
sql_explain.cc;1512;0.010000;0.010000;0.0;0.0
sql_explain.cc;76;0.010000;0.010000;0.0;0.0
sql_explain.cc;1502;0.010000;0.010000;0.0;0.0
sql_explain.cc;1487;0.010000;0.010000;0.0;0.0
sql_explain.cc;1490;0.010000;0.010000;0.0;0.0
sql_explain.cc;52;0.010000;0.010000;0.0;0.0
sql_explain.cc;911;0.010000;0.010000;0.0;0.0
sql_explain.cc;1498;0.010000;0.010000;0.0;0.0
sql_explain.cc;165;0.010000;0.010000;0.0;0.0
sql_explain.cc;3040;0.010000;0.010000;0.0;0.0
sql_explain.cc;1505;0.010000;0.010000;0.0;0.0
sql_explain.cc;81;0.010000;0.010000;0.0;0.0
sql_explain.cc;110;0.010000;0.010000;0.0;0.0
sql_explain.h;790;0.010000;0.010000;0.0;0.0
sql_explain.h;1044;0.010000;0.010000;0.0;0.0
sql_insert.cc;1893;0.010000;0.010000;0.0;0.0
sql_insert.cc;1443;0.010000;0.010000;0.0;0.0
sql_insert.cc;1864;0.010000;0.010000;0.0;0.0
sql_insert.cc;1300;0.010000;0.010000;0.0;0.0
sql_insert.cc;820;0.010000;0.010000;0.0;0.0
sql_insert.cc;1013;0.010000;0.010000;0.0;0.0
sql_insert.cc;1857;0.010000;0.010000;0.0;0.0
sql_insert.cc;1408;0.010000;0.010000;0.0;0.0
sql_insert.cc;1315;0.010000;0.010000;0.0;0.0
sql_insert.cc;1325;0.010000;0.010000;0.0;0.0
sql_insert.cc;940;0.010000;0.010000;0.0;0.0
sql_insert.cc;2396;0.010000;0.010000;0.0;0.0
sql_insert.cc;1443;0.010000;0.010000;0.0;0.0
sql_insert.cc;1935;0.010000;0.010000;0.0;0.0
sql_insert.cc;1703;0.010000;0.010000;0.0;0.0
sql_lex.cc;5286;0.010000;0.010000;0.0;0.0
sql_lex.cc;3645;0.010000;0.010000;0.0;0.0
sql_lex.cc;5613;0.010000;0.010000;0.0;0.0
sql_lex.cc;5671;0.010000;0.010000;0.0;0.0
sql_lex.cc;3721;0.010000;0.010000;0.0;0.0
sql_lex.cc;4802;0.010000;0.010000;0.0;0.0
sql_lex.cc;3099;0.010000;0.010000;0.0;0.0
sql_lex.cc;3812;0.010000;0.010000;0.0;0.0
sql_lex.cc;5701;0.010000;0.010000;0.0;0.0
sql_lex.cc;5828;0.010000;0.010000;0.0;0.0
sql_lex.cc;6336;0.010000;0.010000;0.0;0.0
sql_lex.cc;4816;0.010000;0.010000;0.0;0.0
sql_lex.cc;5985;0.010000;0.010000;0.0;0.0
sql_lex.cc;3738;0.010000;0.010000;0.0;0.0
sql_lex.cc;5642;0.010000;0.010000;0.0;0.0
sql_lex.h;3827;0.010000;0.010000;0.0;0.0
sql_lex.h;1659;0.010000;0.010000;0.0;0.0
sql_lex.h;1006;0.010000;0.010000;0.0;0.0
sql_lex.h;1762;0.010000;0.010000;0.0;0.0
sql_lex.h;1925;0.010000;0.010000;0.0;0.0
sql_lex.h;1002;0.010000;0.010000;0.0;0.0
sql_limit.h;98;0.010000;0.010000;0.0;0.0
sql_limit.h;40;0.010000;0.010000;0.0;0.0
sql_list.h;242;0.010000;0.010000;0.0;0.0
sql_list.h;180;0.010000;0.010000;0.0;0.0
sql_list.h;417;0.010000;0.010000;0.0;0.0
sql_list.h;193;0.010000;0.010000;0.0;0.0
sql_list.h;192;0.010000;0.010000;0.0;0.0
sql_list.h;536;0.010000;0.010000;0.0;0.0
sql_list.h;629;0.010000;0.010000;0.0;0.0
sql_list.h;419;0.010000;0.010000;0.0;0.0
sql_list.h;629;0.010000;0.010000;0.0;0.0
sql_list.h;119;0.010000;0.010000;0.0;0.0
sql_list.h;183;0.010000;0.010000;0.0;0.0
sql_oracle_outer_join.cc;1068;0.010000;0.010000;0.0;0.0
sql_parse.cc;2459;0.010000;0.010000;0.0;0.0
sql_parse.cc;7384;0.010000;0.010000;0.0;0.0
sql_parse.cc;9808;0.010000;0.010000;0.0;0.0
sql_parse.cc;2483;0.010000;0.010000;0.0;0.0
sql_parse.cc;2571;0.010000;0.010000;0.0;0.0
sql_parse.cc;1186;0.010000;0.010000;0.0;0.0
sql_parse.cc;3476;0.010000;0.010000;0.0;0.0
sql_parse.cc;427;0.010000;0.010000;0.0;0.0
sql_parse.cc;6873;0.010000;0.010000;0.0;0.0
sql_parse.cc;7085;0.010000;0.010000;0.0;0.0
sql_parse.cc;7072;0.010000;0.010000;0.0;0.0
sql_parse.cc;2562;0.010000;0.010000;0.0;0.0
sql_parse.cc;7384;0.010000;0.010000;0.0;0.0
sql_parse.cc;7487;0.010000;0.010000;0.0;0.0
sql_parse.cc;6670;0.010000;0.010000;0.0;0.0
sql_parse.cc;4508;0.010000;0.010000;0.0;0.0
sql_parse.cc;7538;0.010000;0.010000;0.0;0.0
sql_parse.cc;5935;0.010000;0.010000;0.0;0.0
sql_parse.cc;1496;0.010000;0.010000;0.0;0.0
sql_parse.cc;6133;0.010000;0.010000;0.0;0.0
sql_parse.cc;3553;0.010000;0.010000;0.0;0.0
sql_parse.cc;3769;0.010000;0.010000;0.0;0.0
sql_parse.cc;7063;0.010000;0.010000;0.0;0.0
sql_parse.cc;2462;0.010000;0.010000;0.0;0.0
sql_parse.cc;4452;0.010000;0.010000;0.0;0.0
sql_parse.cc;3864;0.010000;0.010000;0.0;0.0
sql_parse.cc;7085;0.010000;0.010000;0.0;0.0
sql_parse.cc;5544;0.010000;0.010000;0.0;0.0
sql_parse.cc;3576;0.010000;0.010000;0.0;0.0
sql_parse.cc;6125;0.010000;0.010000;0.0;0.0
sql_parse.cc;7109;0.010000;0.010000;0.0;0.0
sql_partition_auto_interval.cc;93;0.010000;0.010000;0.0;0.0
sql_plist.h;133;0.010000;0.010000;0.0;0.0
sql_plugin.cc;3240;0.010000;0.010000;0.0;0.0
sql_plugin.cc;3253;0.010000;0.010000;0.0;0.0
sql_prepare.cc;5372;0.010000;0.010000;0.0;0.0
sql_prepare.cc;5594;0.010000;0.010000;0.0;0.0
sql_prepare.cc;3240;0.010000;0.010000;0.0;0.0
sql_prepare.cc;5578;0.010000;0.010000;0.0;0.0
sql_prepare.cc;5537;0.010000;0.010000;0.0;0.0
sql_prepare.cc;3265;0.010000;0.010000;0.0;0.0
sql_prepare.cc;3635;0.010000;0.010000;0.0;0.0
sql_prepare.cc;3401;0.010000;0.010000;0.0;0.0
sql_prepare.cc;3355;0.010000;0.010000;0.0;0.0
sql_prepare.cc;3198;0.010000;0.010000;0.0;0.0
sql_prepare.cc;1003;0.010000;0.010000;0.0;0.0
sql_prepare.cc;4908;0.010000;0.010000;0.0;0.0
sql_prepare.cc;4918;0.010000;0.010000;0.0;0.0
sql_prepare.cc;3211;0.010000;0.010000;0.0;0.0
sql_prepare.cc;5435;0.010000;0.010000;0.0;0.0
sql_prepare.cc;5505;0.010000;0.010000;0.0;0.0
sql_prepare.cc;522;0.010000;0.010000;0.0;0.0
sql_prepare.cc;3355;0.010000;0.010000;0.0;0.0
sql_prepare.cc;984;0.010000;0.010000;0.0;0.0
sql_prepare.cc;386;0.010000;0.010000;0.0;0.0
sql_prepare.cc;4815;0.010000;0.010000;0.0;0.0
sql_prepare.cc;4860;0.010000;0.010000;0.0;0.0
sql_prepare.cc;5404;0.010000;0.010000;0.0;0.0
sql_select.cc;5420;0.010000;0.010000;0.0;0.0
sql_select.cc;2764;0.010000;0.010000;0.0;0.0
sql_select.cc;5916;0.010000;0.010000;0.0;0.0
sql_select.cc;5916;0.010000;0.010000;0.0;0.0
sql_select.cc;2457;0.010000;0.010000;0.0;0.0
sql_select.cc;946;0.010000;0.010000;0.0;0.0
sql_select.cc;34907;0.010000;0.010000;0.0;0.0
sql_select.cc;1964;0.010000;0.010000;0.0;0.0
sql_select.cc;14509;0.010000;0.010000;0.0;0.0
sql_select.cc;8006;0.010000;0.010000;0.0;0.0
sql_select.cc;13084;0.010000;0.010000;0.0;0.0
sql_select.cc;31766;0.010000;0.010000;0.0;0.0
sql_select.cc;16823;0.010000;0.010000;0.0;0.0
sql_select.cc;15348;0.010000;0.010000;0.0;0.0
sql_select.cc;7939;0.010000;0.010000;0.0;0.0
sql_select.cc;35074;0.010000;0.010000;0.0;0.0
sql_select.cc;13849;0.010000;0.010000;0.0;0.0
sql_select.cc;13020;0.010000;0.010000;0.0;0.0
sql_select.cc;12731;0.010000;0.010000;0.0;0.0
sql_select.cc;13419;0.010000;0.010000;0.0;0.0
sql_select.cc;21353;0.010000;0.010000;0.0;0.0
sql_select.cc;31335;0.010000;0.010000;0.0;0.0
sql_select.cc;2233;0.010000;0.010000;0.0;0.0
sql_select.cc;463;0.010000;0.010000;0.0;0.0
sql_select.cc;20815;0.010000;0.010000;0.0;0.0
sql_select.cc;5634;0.010000;0.010000;0.0;0.0
sql_select.cc;13343;0.010000;0.010000;0.0;0.0
sql_select.cc;28861;0.010000;0.010000;0.0;0.0
sql_select.cc;1647;0.010000;0.010000;0.0;0.0
sql_select.cc;4961;0.010000;0.010000;0.0;0.0
sql_select.cc;5678;0.010000;0.010000;0.0;0.0
sql_select.cc;31103;0.010000;0.010000;0.0;0.0
sql_select.cc;5126;0.010000;0.010000;0.0;0.0
sql_select.cc;18765;0.010000;0.010000;0.0;0.0
sql_select.cc;5093;0.010000;0.010000;0.0;0.0
sql_select.cc;18785;0.010000;0.010000;0.0;0.0
sql_select.cc;7317;0.010000;0.010000;0.0;0.0
sql_select.cc;1913;0.010000;0.010000;0.0;0.0
sql_select.cc;32926;0.010000;0.010000;0.0;0.0
sql_select.cc;31788;0.010000;0.010000;0.0;0.0
sql_select.cc;16812;0.010000;0.010000;0.0;0.0
sql_select.cc;15445;0.010000;0.010000;0.0;0.0
sql_select.cc;13028;0.010000;0.010000;0.0;0.0
sql_select.cc;1440;0.010000;0.010000;0.0;0.0
sql_select.cc;21330;0.010000;0.010000;0.0;0.0
sql_select.cc;7738;0.010000;0.010000;0.0;0.0
sql_select.cc;6797;0.010000;0.010000;0.0;0.0
sql_select.cc;2019;0.010000;0.010000;0.0;0.0
sql_select.cc;35073;0.010000;0.010000;0.0;0.0
sql_select.cc;5410;0.010000;0.010000;0.0;0.0
sql_select.cc;2854;0.010000;0.010000;0.0;0.0
sql_select.cc;32057;0.010000;0.010000;0.0;0.0
sql_select.cc;4928;0.010000;0.010000;0.0;0.0
sql_select.cc;31465;0.010000;0.010000;0.0;0.0
sql_select.cc;13783;0.010000;0.010000;0.0;0.0
sql_select.cc;6357;0.010000;0.010000;0.0;0.0
sql_select.cc;7997;0.010000;0.010000;0.0;0.0
sql_select.cc;21541;0.010000;0.010000;0.0;0.0
sql_select.cc;7788;0.010000;0.010000;0.0;0.0
sql_select.cc;5176;0.010000;0.010000;0.0;0.0
sql_select.cc;1549;0.010000;0.010000;0.0;0.0
sql_select.cc;1706;0.010000;0.010000;0.0;0.0
sql_select.cc;5156;0.010000;0.010000;0.0;0.0
sql_select.cc;5177;0.010000;0.010000;0.0;0.0
sql_select.cc;31106;0.010000;0.010000;0.0;0.0
sql_select.cc;30018;0.010000;0.010000;0.0;0.0
sql_select.cc;5670;0.010000;0.010000;0.0;0.0
sql_select.cc;5878;0.010000;0.010000;0.0;0.0
sql_select.cc;2870;0.010000;0.010000;0.0;0.0
sql_select.cc;18116;0.010000;0.010000;0.0;0.0
sql_select.cc;2033;0.010000;0.010000;0.0;0.0
sql_select.cc;1549;0.010000;0.010000;0.0;0.0
sql_select.cc;13845;0.010000;0.010000;0.0;0.0
sql_select.cc;1930;0.010000;0.010000;0.0;0.0
sql_select.cc;637;0.010000;0.010000;0.0;0.0
sql_select.cc;5158;0.010000;0.010000;0.0;0.0
sql_select.cc;5184;0.010000;0.010000;0.0;0.0
sql_select.cc;7960;0.010000;0.010000;0.0;0.0
sql_select.cc;5114;0.010000;0.010000;0.0;0.0
sql_select.cc;25340;0.010000;0.010000;0.0;0.0
sql_select.cc;1220;0.010000;0.010000;0.0;0.0
sql_select.cc;21617;0.010000;0.010000;0.0;0.0
sql_select.cc;543;0.010000;0.010000;0.0;0.0
sql_select.cc;5809;0.010000;0.010000;0.0;0.0
sql_select.cc;2542;0.010000;0.010000;0.0;0.0
sql_select.cc;13878;0.010000;0.010000;0.0;0.0
sql_select.cc;2399;0.010000;0.010000;0.0;0.0
sql_select.cc;31861;0.010000;0.010000;0.0;0.0
sql_select.cc;34899;0.010000;0.010000;0.0;0.0
sql_select.cc;17372;0.010000;0.010000;0.0;0.0
sql_select.cc;16828;0.010000;0.010000;0.0;0.0
sql_select.cc;5908;0.010000;0.010000;0.0;0.0
sql_select.cc;32924;0.010000;0.010000;0.0;0.0
sql_select.cc;17019;0.010000;0.010000;0.0;0.0
sql_select.cc;19630;0.010000;0.010000;0.0;0.0
sql_select.cc;31403;0.010000;0.010000;0.0;0.0
sql_select.cc;18944;0.010000;0.010000;0.0;0.0
sql_select.cc;17592;0.010000;0.010000;0.0;0.0
sql_select.cc;13773;0.010000;0.010000;0.0;0.0
sql_select.cc;13136;0.010000;0.010000;0.0;0.0
sql_select.cc;24100;0.010000;0.010000;0.0;0.0
sql_select.cc;2222;0.010000;0.010000;0.0;0.0
sql_select.cc;2457;0.010000;0.010000;0.0;0.0
sql_select.cc;2531;0.010000;0.010000;0.0;0.0
sql_select.cc;35063;0.010000;0.010000;0.0;0.0
sql_select.cc;1450;0.010000;0.010000;0.0;0.0
sql_select.cc;31149;0.010000;0.010000;0.0;0.0
sql_select.cc;17308;0.010000;0.010000;0.0;0.0
sql_select.cc;5709;0.010000;0.010000;0.0;0.0
sql_select.cc;1587;0.010000;0.010000;0.0;0.0
sql_select.cc;5153;0.010000;0.010000;0.0;0.0
sql_select.cc;1608;0.010000;0.010000;0.0;0.0
sql_select.cc;16219;0.010000;0.010000;0.0;0.0
sql_select.cc;6170;0.010000;0.010000;0.0;0.0
sql_select.cc;6337;0.010000;0.010000;0.0;0.0
sql_select.cc;17434;0.010000;0.010000;0.0;0.0
sql_select.cc;6916;0.010000;0.010000;0.0;0.0
sql_select.cc;7934;0.010000;0.010000;0.0;0.0
sql_select.cc;31613;0.010000;0.010000;0.0;0.0
sql_select.cc;13097;0.010000;0.010000;0.0;0.0
sql_select.cc;24185;0.010000;0.010000;0.0;0.0
sql_select.cc;7453;0.010000;0.010000;0.0;0.0
sql_select.cc;2216;0.010000;0.010000;0.0;0.0
sql_select.cc;15400;0.010000;0.010000;0.0;0.0
sql_select.cc;16806;0.010000;0.010000;0.0;0.0
sql_select.cc;18227;0.010000;0.010000;0.0;0.0
sql_select.cc;5707;0.010000;0.010000;0.0;0.0
sql_select.cc;1880;0.010000;0.010000;0.0;0.0
sql_select.cc;6849;0.010000;0.010000;0.0;0.0
sql_select.cc;29151;0.010000;0.010000;0.0;0.0
sql_select.cc;20576;0.010000;0.010000;0.0;0.0
sql_select.cc;5844;0.010000;0.010000;0.0;0.0
sql_select.cc;13772;0.010000;0.010000;0.0;0.0
sql_select.cc;6015;0.010000;0.010000;0.0;0.0
sql_select.cc;34846;0.010000;0.010000;0.0;0.0
sql_select.cc;13399;0.010000;0.010000;0.0;0.0
sql_select.cc;2559;0.010000;0.010000;0.0;0.0
sql_select.cc;5715;0.010000;0.010000;0.0;0.0
sql_select.cc;30018;0.010000;0.010000;0.0;0.0
sql_select.cc;13142;0.010000;0.010000;0.0;0.0
sql_select.cc;21329;0.010000;0.010000;0.0;0.0
sql_select.cc;5808;0.010000;0.010000;0.0;0.0
sql_select.cc;24172;0.010000;0.010000;0.0;0.0
sql_select.cc;35077;0.010000;0.010000;0.0;0.0
sql_select.cc;34189;0.010000;0.010000;0.0;0.0
sql_select.cc;31802;0.010000;0.010000;0.0;0.0
sql_select.cc;668;0.010000;0.010000;0.0;0.0
sql_select.cc;6177;0.010000;0.010000;0.0;0.0
sql_select.cc;31412;0.010000;0.010000;0.0;0.0
sql_select.cc;31532;0.010000;0.010000;0.0;0.0
sql_select.cc;621;0.010000;0.010000;0.0;0.0
sql_select.cc;13469;0.010000;0.010000;0.0;0.0
sql_select.cc;2295;0.010000;0.010000;0.0;0.0
sql_select.cc;5134;0.010000;0.010000;0.0;0.0
sql_select.cc;2017;0.010000;0.010000;0.0;0.0
sql_select.cc;2030;0.010000;0.010000;0.0;0.0
sql_select.cc;1783;0.010000;0.010000;0.0;0.0
sql_select.cc;4581;0.010000;0.010000;0.0;0.0
sql_select.cc;1484;0.010000;0.010000;0.0;0.0
sql_select.cc;7934;0.010000;0.010000;0.0;0.0
sql_select.cc;31694;0.010000;0.010000;0.0;0.0
sql_select.cc;5685;0.010000;0.010000;0.0;0.0
sql_select.cc;964;0.010000;0.010000;0.0;0.0
sql_select.cc;17583;0.010000;0.010000;0.0;0.0
sql_select.cc;18797;0.010000;0.010000;0.0;0.0
sql_select.cc;13382;0.010000;0.010000;0.0;0.0
sql_select.cc;7934;0.010000;0.010000;0.0;0.0
sql_select.cc;7597;0.010000;0.010000;0.0;0.0
sql_select.cc;1497;0.010000;0.010000;0.0;0.0
sql_select.cc;21522;0.010000;0.010000;0.0;0.0
sql_select.cc;1932;0.010000;0.010000;0.0;0.0
sql_select.cc;19594;0.010000;0.010000;0.0;0.0
sql_select.cc;3771;0.010000;0.010000;0.0;0.0
sql_select.cc;21344;0.010000;0.010000;0.0;0.0
sql_select.cc;1205;0.010000;0.010000;0.0;0.0
sql_select.cc;3070;0.010000;0.010000;0.0;0.0
sql_select.cc;16831;0.010000;0.010000;0.0;0.0
sql_select.cc;16642;0.010000;0.010000;0.0;0.0
sql_select.cc;1986;0.010000;0.010000;0.0;0.0
sql_select.cc;1767;0.010000;0.010000;0.0;0.0
sql_select.cc;20307;0.010000;0.010000;0.0;0.0
sql_select.cc;16403;0.010000;0.010000;0.0;0.0
sql_select.cc;31409;0.010000;0.010000;0.0;0.0
sql_select.cc;25343;0.010000;0.010000;0.0;0.0
sql_select.cc;560;0.010000;0.010000;0.0;0.0
sql_select.cc;24174;0.010000;0.010000;0.0;0.0
sql_select.cc;4863;0.010000;0.010000;0.0;0.0
sql_select.cc;2077;0.010000;0.010000;0.0;0.0
sql_select.cc;7395;0.010000;0.010000;0.0;0.0
sql_select.h;968;0.010000;0.010000;0.0;0.0
sql_select.h;858;0.010000;0.010000;0.0;0.0
sql_select.h;1079;0.010000;0.010000;0.0;0.0
sql_select.h;858;0.010000;0.010000;0.0;0.0
sql_statistics.cc;3303;0.010000;0.010000;0.0;0.0
sql_statistics.cc;3217;0.010000;0.010000;0.0;0.0
sql_statistics.cc;3286;0.010000;0.010000;0.0;0.0
sql_string.cc;479;0.010000;0.010000;0.0;0.0
sql_string.cc;328;0.010000;0.010000;0.0;0.0
sql_string.h;399;0.010000;0.010000;0.0;0.0
sql_string.h;399;0.010000;0.010000;0.0;0.0
sql_string.h;259;0.010000;0.010000;0.0;0.0
sql_string.h;296;0.010000;0.010000;0.0;0.0
sql_string.h;297;0.010000;0.010000;0.0;0.0
sql_string.h;66;0.010000;0.010000;0.0;0.0
sql_type.cc;1931;0.010000;0.010000;0.0;0.0
sql_type.cc;9124;0.010000;0.010000;0.0;0.0
sql_type.cc;1789;0.010000;0.010000;0.0;0.0
sql_type.cc;1507;0.010000;0.010000;0.0;0.0
sql_type.cc;1785;0.010000;0.010000;0.0;0.0
sql_type.cc;1794;0.010000;0.010000;0.0;0.0
sql_type.cc;1524;0.010000;0.010000;0.0;0.0
sql_type.h;7951;0.010000;0.010000;0.0;0.0
sql_type.h;3231;0.010000;0.010000;0.0;0.0
sql_type.h;3291;0.010000;0.010000;0.0;0.0
sql_type.h;3199;0.010000;0.010000;0.0;0.0
sql_type.h;3229;0.010000;0.010000;0.0;0.0
sql_type.h;3172;0.010000;0.010000;0.0;0.0
sql_type.h;5473;0.010000;0.010000;0.0;0.0
sql_union.cc;2971;0.010000;0.010000;0.0;0.0
sql_union.cc;2987;0.010000;0.010000;0.0;0.0
sql_union.cc;2842;0.010000;0.010000;0.0;0.0
sql_union.cc;2839;0.010000;0.010000;0.0;0.0
sql_union.cc;2965;0.010000;0.010000;0.0;0.0
sql_union.cc;2919;0.010000;0.010000;0.0;0.0
sql_update.cc;2018;0.010000;0.010000;0.0;0.0
sql_update.cc;1844;0.010000;0.010000;0.0;0.0
sql_update.cc;925;0.010000;0.010000;0.0;0.0
sql_update.cc;1219;0.010000;0.010000;0.0;0.0
sql_update.cc;1426;0.010000;0.010000;0.0;0.0
sql_update.cc;1292;0.010000;0.010000;0.0;0.0
sql_update.cc;523;0.010000;0.010000;0.0;0.0
sql_update.cc;1799;0.010000;0.010000;0.0;0.0
sql_update.cc;1102;0.010000;0.010000;0.0;0.0
sql_update.cc;1848;0.010000;0.010000;0.0;0.0
sql_update.cc;3174;0.010000;0.010000;0.0;0.0
sql_update.cc;3364;0.010000;0.010000;0.0;0.0
sql_update.cc;2045;0.010000;0.010000;0.0;0.0
sql_update.cc;523;0.010000;0.010000;0.0;0.0
sql_update.cc;2386;0.010000;0.010000;0.0;0.0
sql_update.cc;957;0.010000;0.010000;0.0;0.0
sql_update.cc;478;0.010000;0.010000;0.0;0.0
sql_update.cc;523;0.010000;0.010000;0.0;0.0
sql_update.cc;602;0.010000;0.010000;0.0;0.0
sql_update.cc;1368;0.010000;0.010000;0.0;0.0
sql_update.cc;1990;0.010000;0.010000;0.0;0.0
sql_update.cc;524;0.010000;0.010000;0.0;0.0
sql_update.cc;1227;0.010000;0.010000;0.0;0.0
sql_update.cc;3190;0.010000;0.010000;0.0;0.0
sql_update.cc;1287;0.010000;0.010000;0.0;0.0
sql_update.cc;413;0.010000;0.010000;0.0;0.0
sql_update.cc;411;0.010000;0.010000;0.0;0.0
sql_update.cc;1307;0.010000;0.010000;0.0;0.0
sql_update.cc;926;0.010000;0.010000;0.0;0.0
sql_update.cc;2005;0.010000;0.010000;0.0;0.0
sql_update.cc;1108;0.010000;0.010000;0.0;0.0
sql_update.cc;1924;0.010000;0.010000;0.0;0.0
sql_update.cc;3123;0.010000;0.010000;0.0;0.0
sql_update.cc;3329;0.010000;0.010000;0.0;0.0
sql_update.cc;435;0.010000;0.010000;0.0;0.0
sql_update.cc;1723;0.010000;0.010000;0.0;0.0
sql_update.cc;2390;0.010000;0.010000;0.0;0.0
sql_update.cc;1660;0.010000;0.010000;0.0;0.0
sql_update.cc;598;0.010000;0.010000;0.0;0.0
sql_view.cc;2102;0.010000;0.010000;0.0;0.0
sql_view.cc;2112;0.010000;0.010000;0.0;0.0
srw_lock.h;554;0.010000;0.010000;0.0;0.0
srw_lock.h;332;0.010000;0.010000;0.0;0.0
srw_lock.h;342;0.010000;0.010000;0.0;0.0
srw_lock.h;282;0.010000;0.010000;0.0;0.0
srw_lock.h;167;0.010000;0.010000;0.0;0.0
srw_lock.h;467;0.010000;0.010000;0.0;0.0
srw_lock.h;162;0.010000;0.010000;0.0;0.0
stl_iterator.h;1059;0.010000;0.010000;0.0;0.0
stl_map.h;1260;0.010000;0.010000;0.0;0.0
stl_map.h;631;0.010000;0.010000;0.0;0.0
stl_map.h;410;0.010000;0.010000;0.0;0.0
stl_queue.h;313;0.010000;0.010000;0.0;0.0
stl_tree.h;2593;0.010000;0.010000;0.0;0.0
stl_tree.h;2754;0.010000;0.010000;0.0;0.0
stl_tree.h;1437;0.010000;0.010000;0.0;0.0
strcoll.inl;299;0.010000;0.010000;0.0;0.0
strcoll.inl;149;0.010000;0.010000;0.0;0.0
string_fortified.h;57;0.010000;0.010000;0.0;0.0
strings_def.h;97;0.010000;0.010000;0.0;0.0
strlen-avx2.S;52;0.010000;0.010000;0.0;0.0
strmake.c;36;0.010000;0.010000;0.0;0.0
structs.h;531;0.010000;0.010000;0.0;0.0
sux_lock.h;292;0.010000;0.010000;0.0;0.0
syscall.S;37;0.010000;0.010000;0.0;0.0
syscall_cancel.S;49;0.010000;0.010000;0.0;0.0
syscall_cancel.S;52;0.010000;0.010000;0.0;0.0
table.cc;3947;0.010000;0.010000;0.0;0.0
table.cc;5384;0.010000;0.010000;0.0;0.0
table.cc;9292;0.010000;0.010000;0.0;0.0
table.cc;3939;0.010000;0.010000;0.0;0.0
table.cc;9690;0.010000;0.010000;0.0;0.0
table.cc;7955;0.010000;0.010000;0.0;0.0
table.cc;6638;0.010000;0.010000;0.0;0.0
table.cc;9088;0.010000;0.010000;0.0;0.0
table.cc;9277;0.010000;0.010000;0.0;0.0
table.cc;6012;0.010000;0.010000;0.0;0.0
table.cc;6715;0.010000;0.010000;0.0;0.0
table.cc;6449;0.010000;0.010000;0.0;0.0
table.cc;8972;0.010000;0.010000;0.0;0.0
table.cc;9940;0.010000;0.010000;0.0;0.0
table.cc;9900;0.010000;0.010000;0.0;0.0
table.cc;8973;0.010000;0.010000;0.0;0.0
table.cc;8048;0.010000;0.010000;0.0;0.0
table.cc;7784;0.010000;0.010000;0.0;0.0
table.cc;7820;0.010000;0.010000;0.0;0.0
table.cc;8040;0.010000;0.010000;0.0;0.0
table.cc;8117;0.010000;0.010000;0.0;0.0
table.cc;9010;0.010000;0.010000;0.0;0.0
table.cc;9902;0.010000;0.010000;0.0;0.0
table.cc;6043;0.010000;0.010000;0.0;0.0
table.cc;7924;0.010000;0.010000;0.0;0.0
table.cc;6015;0.010000;0.010000;0.0;0.0
table.cc;8110;0.010000;0.010000;0.0;0.0
table.cc;9292;0.010000;0.010000;0.0;0.0
table.h;3105;0.010000;0.010000;0.0;0.0
table.h;2377;0.010000;0.010000;0.0;0.0
table.h;3115;0.010000;0.010000;0.0;0.0
table.h;1194;0.010000;0.010000;0.0;0.0
table.h;1862;0.010000;0.010000;0.0;0.0
table_cache.cc;861;0.010000;0.010000;0.0;0.0
table_cache.cc;465;0.010000;0.010000;0.0;0.0
table_cache.cc;936;0.010000;0.010000;0.0;0.0
table_cache.cc;456;0.010000;0.010000;0.0;0.0
temporary_tables.cc;47;0.010000;0.010000;0.0;0.0
thr_malloc.cc;66;0.010000;0.010000;0.0;0.0
tpool_generic.cc;489;0.010000;0.010000;0.0;0.0
tpool_generic.cc;751;0.010000;0.010000;0.0;0.0
tpool_generic.cc;498;0.010000;0.010000;0.0;0.0
tpool_structs.h;379;0.010000;0.010000;0.0;0.0
transaction.cc;115;0.010000;0.010000;0.0;0.0
transaction.cc;257;0.010000;0.010000;0.0;0.0
transaction.cc;243;0.010000;0.010000;0.0;0.0
transaction.cc;103;0.010000;0.010000;0.0;0.0
transaction.cc;525;0.010000;0.010000;0.0;0.0
transactional_lock_guard.h;57;0.010000;0.010000;0.0;0.0
trx0purge.cc;877;0.010000;0.010000;0.0;0.0
trx0purge.cc;541;0.010000;0.010000;0.0;0.0
trx0purge.cc;944;0.010000;0.010000;0.0;0.0
trx0purge.cc;775;0.010000;0.010000;0.0;0.0
trx0purge.cc;1105;0.010000;0.010000;0.0;0.0
trx0rec.cc;948;0.010000;0.010000;0.0;0.0
trx0rec.cc;2088;0.010000;0.010000;0.0;0.0
trx0rec.cc;1873;0.010000;0.010000;0.0;0.0
trx0rec.cc;930;0.010000;0.010000;0.0;0.0
trx0rec.cc;1213;0.010000;0.010000;0.0;0.0
trx0rec.cc;1206;0.010000;0.010000;0.0;0.0
trx0rec.cc;1177;0.010000;0.010000;0.0;0.0
trx0rec.cc;1099;0.010000;0.010000;0.0;0.0
trx0rec.cc;2031;0.010000;0.010000;0.0;0.0
trx0rec.cc;1171;0.010000;0.010000;0.0;0.0
trx0rec.cc;1189;0.010000;0.010000;0.0;0.0
trx0rec.cc;893;0.010000;0.010000;0.0;0.0
trx0rec.cc;1482;0.010000;0.010000;0.0;0.0
trx0rec.cc;1432;0.010000;0.010000;0.0;0.0
trx0sys.h;686;0.010000;0.010000;0.0;0.0
trx0sys.h;910;0.010000;0.010000;0.0;0.0
trx0trx.cc;132;0.010000;0.010000;0.0;0.0
trx0trx.cc;2201;0.010000;0.010000;0.0;0.0
trx0trx.cc;853;0.010000;0.010000;0.0;0.0
trx0trx.cc;1554;0.010000;0.010000;0.0;0.0
trx0trx.cc;1754;0.010000;0.010000;0.0;0.0
trx0trx.cc;1309;0.010000;0.010000;0.0;0.0
trx0undo.cc;1394;0.010000;0.010000;0.0;0.0
trx0undo.cc;405;0.010000;0.010000;0.0;0.0
trx0undo.cc;1155;0.010000;0.010000;0.0;0.0
trx0undo.cc;1443;0.010000;0.010000;0.0;0.0
unordered_map.h;1058;0.010000;0.010000;0.0;0.0
unordered_map.h;442;0.010000;0.010000;0.0;0.0
ut0byte.inl;89;0.010000;0.010000;0.0;0.0
ut0lst.h;208;0.010000;0.010000;0.0;0.0
ut0lst.h;347;0.010000;0.010000;0.0;0.0
ut0lst.h;381;0.010000;0.010000;0.0;0.0
ut0lst.h;152;0.010000;0.010000;0.0;0.0
ut0lst.h;336;0.010000;0.010000;0.0;0.0
ut0new.h;368;0.010000;0.010000;0.0;0.0
ut0ut.h;68;0.010000;0.010000;0.0;0.0
viosocket.c;182;0.010000;0.010000;0.0;0.0
viosocket.c;169;0.010000;0.010000;0.0;0.0
viosocket.c;199;0.010000;0.010000;0.0;0.0
page0page.cc;1222;0.010000;0.010000;0.0;0.0
opt_range.cc;8861;0.010000;0.010000;0.0;0.0
sql_window.cc;241;0.010000;0.010000;0.0;0.0
sql_base.cc;8253;0.010000;0.010000;0.0;0.0
my_bitmap.c;133;0.010000;0.010000;0.0;0.0
table.cc;10373;0.010000;0.010000;0.0;0.0
opt_range.cc;8853;0.010000;0.010000;0.0;0.0
handler.h;4434;0.010000;0.010000;0.0;0.0
multi_range_read.cc;215;0.010000;0.010000;0.0;0.0
item.h;4523;0.010000;0.010000;0.0;0.0
lf_alloc-pin.c;290;0.010000;0.010000;0.0;0.0
sql_parse.cc;2543;0.010000;0.010000;0.0;0.0
item.h;3988;0.010000;0.010000;0.0;0.0
sql_select.cc;6798;0.010000;0.010000;0.0;0.0
sql_select.cc;974;0.010000;0.010000;0.0;0.0
rem0rec.cc;2120;0.010000;0.010000;0.0;0.0
sql_prepare.cc;3650;0.010000;0.010000;0.0;0.0
sql_delete.cc;452;0.010000;0.010000;0.0;0.0
sql_lex.cc;4514;0.010000;0.010000;0.0;0.0
sql_select.cc;5456;0.010000;0.010000;0.0;0.0
dyn0buf.h;309;0.010000;0.010000;0.0;0.0
dict0mem.h;558;0.010000;0.010000;0.0;0.0
sql_insert.cc;2452;0.010000;0.010000;0.0;0.0
sql_list.h;66;0.010000;0.010000;0.0;0.0
item.cc;4859;0.010000;0.010000;0.0;0.0
sql_delete.cc;842;0.010000;0.010000;0.0;0.0
handler.cc;2155;0.010000;0.010000;0.0;0.0
sql_select.cc;3356;0.010000;0.010000;0.0;0.0
mtr0mtr.cc;185;0.010000;0.010000;0.0;0.0
temporary_tables.cc;791;0.010000;0.010000;0.0;0.0
opt_range_mrr.cc;85;0.010000;0.010000;0.0;0.0
sql_select.cc;5101;0.010000;0.010000;0.0;0.0
sql_update.cc;1826;0.010000;0.010000;0.0;0.0
malloc.c;4275;0.010000;0.010000;0.0;0.0
item_func.cc;571;0.010000;0.010000;0.0;0.0
page0cur.cc;681;0.010000;0.010000;0.0;0.0
sql_partition_auto_interval.cc;95;0.010000;0.010000;0.0;0.0
item.h;4628;0.010000;0.010000;0.0;0.0
item_cmpfunc.cc;1912;0.010000;0.010000;0.0;0.0
sql_select.cc;17591;0.010000;0.010000;0.0;0.0
sql_update.cc;361;0.010000;0.010000;0.0;0.0
opt_context_store_replay.cc;1680;0.010000;0.010000;0.0;0.0
sql_explain.h;91;0.010000;0.010000;0.0;0.0
sql_array.h;38;0.010000;0.010000;0.0;0.0
item.cc;3605;0.010000;0.010000;0.0;0.0
btr0pcur.cc;406;0.010000;0.010000;0.0;0.0
sql_delete.cc;714;0.010000;0.010000;0.0;0.0
item_cmpfunc.cc;7393;0.010000;0.010000;0.0;0.0
row0sel.cc;5033;0.010000;0.010000;0.0;0.0
sql_delete.cc;1191;0.010000;0.010000;0.0;0.0
trx0rec.cc;1241;0.010000;0.010000;0.0;0.0
row0mysql.cc;462;0.010000;0.010000;0.0;0.0
sql_base.cc;2417;0.010000;0.010000;0.0;0.0
mdl.cc;3596;0.010000;0.010000;0.0;0.0
table.cc;9933;0.010000;0.010000;0.0;0.0
memcmp-avx2-movbe.S;430;0.010000;0.010000;0.0;0.0
sql_delete.cc;2214;0.010000;0.010000;0.0;0.0
item_cmpfunc.cc;7375;0.010000;0.010000;0.0;0.0
sql_base.cc;2002;0.010000;0.010000;0.0;0.0
handler.cc;1899;0.010000;0.010000;0.0;0.0
malloc.c;3945;0.010000;0.010000;0.0;0.0
pthread_mutex_unlock.c;39;0.010000;0.010000;0.0;0.0
sql_class.h;5828;0.010000;0.010000;0.0;0.0
sql_delete.cc;2109;0.010000;0.010000;0.0;0.0
sql_class.cc;1009;0.010000;0.010000;0.0;0.0
sql_base.cc;4922;0.010000;0.010000;0.0;0.0
my_alloc.c;681;0.010000;0.010000;0.0;0.0
sql_base.cc;6628;0.010000;0.010000;0.0;0.0
trx0trx.h;1177;0.010000;0.010000;0.0;0.0
sql_delete.cc;1962;0.010000;0.010000;0.0;0.0
sql_select.cc;28847;0.010000;0.010000;0.0;0.0
sql_select.cc;35018;0.010000;0.010000;0.0;0.0
protocol.cc;1247;0.010000;0.010000;0.0;0.0
sql_prepare.cc;3291;0.010000;0.010000;0.0;0.0
row0sel.cc;4643;0.010000;0.010000;0.0;0.0
sql_update.cc;2063;0.010000;0.010000;0.0;0.0
handler.cc;8257;0.010000;0.010000;0.0;0.0
handler.cc;8082;0.010000;0.010000;0.0;0.0
hasher-mysql5x.c;19;0.010000;0.010000;0.0;0.0
handler.cc;8595;0.010000;0.010000;0.0;0.0
pthread_cond_wait.c;404;0.010000;0.010000;0.0;0.0
rem0rec.cc;332;0.010000;0.010000;0.0;0.0
field.h;1199;0.010000;0.010000;0.0;0.0
ha_innodb.cc;9324;0.010000;0.010000;0.0;0.0
memmove-vec-unaligned-erms.S;368;0.010000;0.010000;0.0;0.0
sql_select.cc;2817;0.010000;0.010000;0.0;0.0
item.cc;735;0.010000;0.010000;0.0;0.0
sql_cache.cc;2225;0.010000;0.010000;0.0;0.0
opt_range.cc;1377;0.010000;0.010000;0.0;0.0
item_cmpfunc.cc;784;0.010000;0.010000;0.0;0.0
row0sel.cc;3103;0.010000;0.010000;0.0;0.0
sql_select.cc;29116;0.010000;0.010000;0.0;0.0
btr0cur.cc;957;0.010000;0.010000;0.0;0.0
sql_select.cc;1483;0.010000;0.010000;0.0;0.0
sql_base.cc;1179;0.010000;0.010000;0.0;0.0
handler.cc;8267;0.010000;0.010000;0.0;0.0
mdl.cc;3107;0.010000;0.010000;0.0;0.0
sql_base.cc;8276;0.010000;0.010000;0.0;0.0
psi_noop.c;509;0.010000;0.010000;0.0;0.0
sql_base.cc;9152;0.010000;0.010000;0.0;0.0
table.cc;8046;0.010000;0.010000;0.0;0.0
ha_innodb.cc;8397;0.010000;0.010000;0.0;0.0
smmintrin.h;824;0.010000;0.010000;0.0;0.0
sql_base.cc;5011;0.010000;0.010000;0.0;0.0
my_alloc.c;525;0.010000;0.010000;0.0;0.0
sql_select.cc;1830;0.010000;0.010000;0.0;0.0
sql_string.cc;479;0.010000;0.010000;0.0;0.0
lock.cc;849;0.010000;0.010000;0.0;0.0
opt_range_mrr.cc;374;0.010000;0.010000;0.0;0.0
rem0rec.inl;137;0.010000;0.010000;0.0;0.0
sql_select.cc;13204;0.010000;0.010000;0.0;0.0
sql_update.cc;957;0.010000;0.010000;0.0;0.0
table_cache.cc;870;0.010000;0.010000;0.0;0.0
read0read.cc;186;0.010000;0.010000;0.0;0.0
sql_prepare.cc;3217;0.010000;0.010000;0.0;0.0
btr0cur.cc;2881;0.010000;0.010000;0.0;0.0
btr0pcur.cc;139;0.010000;0.010000;0.0;0.0
stl_vector.h;1418;0.010000;0.010000;0.0;0.0
row0upd.cc;2829;0.010000;0.010000;0.0;0.0
sql_base.cc;1062;0.010000;0.010000;0.0;0.0
sql_type.h;5474;0.009999;0.009999;0.0;0.0
clock_gettime.c;38;0.009999;0.009999;0.0;0.0
sql_union.cc;2734;0.009999;0.009999;0.0;0.0
sql_update.cc;602;0.009999;0.009999;0.0;0.0
sql_select.cc;13818;0.009999;0.009999;0.0;0.0
sql_prepare.cc;999;0.009999;0.009999;0.0;0.0
table.cc;6011;0.009999;0.009999;0.0;0.0
item_cmpfunc.cc;7464;0.009999;0.009999;0.0;0.0
opt_range.cc;9438;0.009999;0.009999;0.0;0.0
dict0mem.h;2826;0.009999;0.009999;0.0;0.0
malloc.c;3940;0.009999;0.009999;0.0;0.0
sql_statistics.cc;3276;0.009999;0.009999;0.0;0.0
opt_range.cc;1245;0.009999;0.009999;0.0;0.0
sql_select.cc;970;0.009999;0.009999;0.0;0.0
array.c;73;0.009999;0.009999;0.0;0.0
opt_range.cc;2819;0.009999;0.009999;0.0;0.0
item_cmpfunc.h;3636;0.009999;0.009999;0.0;0.0
mtr0log.h;56;0.009999;0.009999;0.0;0.0
sql_base.cc;2305;0.009999;0.009999;0.0;0.0
table.cc;9093;0.009999;0.009999;0.0;0.0
trx0rec.cc;2048;0.009999;0.009999;0.0;0.0
page0cur.cc;924;0.009999;0.009999;0.0;0.0
sql_type.h;3172;0.009999;0.009999;0.0;0.0
table.cc;8120;0.009999;0.009999;0.0;0.0
sql_select.cc;34827;0.009999;0.009999;0.0;0.0
sql_class.cc;3481;0.009999;0.009999;0.0;0.0
sql_parse.cc;6884;0.009999;0.009999;0.0;0.0
opt_range.cc;2813;0.009999;0.009999;0.0;0.0
sql_select.cc;31159;0.009999;0.009999;0.0;0.0
row0mysql.cc;1291;0.009999;0.009999;0.0;0.0
sql_base.cc;9835;0.009999;0.009999;0.0;0.0
sql_select.cc;21342;0.009999;0.009999;0.0;0.0
opt_range.cc;1245;0.009999;0.009999;0.0;0.0
sql_base.cc;4845;0.009999;0.009999;0.0;0.0
row0mysql.cc;1664;0.009999;0.009999;0.0;0.0
multi_range_read.h;252;0.009999;0.009999;0.0;0.0
mdl.cc;920;0.009999;0.009999;0.0;0.0
temporary_tables.cc;523;0.009999;0.009999;0.0;0.0
opt_range.cc;3250;0.009999;0.009999;0.0;0.0
lock0lock.cc;4666;0.009999;0.009999;0.0;0.0
sql_array.h;127;0.009999;0.009999;0.0;0.0
my_alloc.c;426;0.009999;0.009999;0.0;0.0
key.cc;516;0.009999;0.009999;0.0;0.0
sql_lex.h;1916;0.009999;0.009999;0.0;0.0
sql_statistics.cc;3320;0.009999;0.009999;0.0;0.0
rem0cmp.cc;365;0.009999;0.009999;0.0;0.0
opt_range.cc;12929;0.009999;0.009999;0.0;0.0
rem0rec.inl;654;0.009999;0.009999;0.0;0.0
page0cur.cc;561;0.009999;0.009999;0.0;0.0
lock.cc;866;0.009999;0.009999;0.0;0.0
sql_parse.cc;3581;0.009999;0.009999;0.0;0.0
sql_lex.cc;5801;0.009999;0.009999;0.0;0.0
dict0mem.h;2167;0.009999;0.009999;0.0;0.0
crc32c_amd64.cc;147;0.009999;0.009999;0.0;0.0
sql_prepare.cc;4757;0.009999;0.009999;0.0;0.0
stl_tree.h;2737;0.009999;0.009999;0.0;0.0
sql_select.h;1104;0.009999;0.009999;0.0;0.0
field.h;1752;0.009999;0.009999;0.0;0.0
item.cc;730;0.009999;0.009999;0.0;0.0
multi_range_read.cc;1735;0.009999;0.009999;0.0;0.0
sql_list.h;147;0.009999;0.009999;0.0;0.0
item.cc;4781;0.009999;0.009999;0.0;0.0
sql_select.cc;34970;0.009999;0.009999;0.0;0.0
malloc.c;4156;0.009999;0.009999;0.0;0.0
sql_insert.cc;1857;0.009999;0.009999;0.0;0.0
malloc.c;4238;0.009999;0.009999;0.0;0.0
privilege.h;206;0.009999;0.009999;0.0;0.0
sql_base.cc;4845;0.009999;0.009999;0.0;0.0
malloc.c;3353;0.009999;0.009999;0.0;0.0
sql_class.cc;1048;0.009999;0.009999;0.0;0.0
my_malloc.c;108;0.009999;0.009999;0.0;0.0
sql_parse.cc;6643;0.009999;0.009999;0.0;0.0
memset-vec-unaligned-erms.S;300;0.009999;0.009999;0.0;0.0
row0mysql.cc;1239;0.009999;0.009999;0.0;0.0
sql_update.cc;1384;0.009999;0.009999;0.0;0.0
sql_select.cc;34968;0.009999;0.009999;0.0;0.0
my_vsnprintf.c;377;0.009999;0.009999;0.0;0.0
sql_update.cc;3342;0.009999;0.009999;0.0;0.0
mdl.cc;3730;0.009999;0.009999;0.0;0.0
sql_select.cc;6157;0.009999;0.009999;0.0;0.0
thr_rwlock.c;163;0.009999;0.009999;0.0;0.0
sql_class.h;5303;0.009999;0.009999;0.0;0.0
row0ins.cc;2591;0.009999;0.009999;0.0;0.0
mdl.cc;3768;0.009999;0.009999;0.0;0.0
handler.cc;9768;0.009999;0.009999;0.0;0.0
sql_select.cc;13864;0.009999;0.009999;0.0;0.0
trx0rec.cc;1873;0.009999;0.009999;0.0;0.0
sql_parse.cc;1143;0.009999;0.009999;0.0;0.0
move.h;237;0.009999;0.009999;0.0;0.0
sql_select.cc;5182;0.009999;0.009999;0.0;0.0
sql_parse.cc;6229;0.009999;0.009999;0.0;0.0
malloc.c;4218;0.009999;0.009999;0.0;0.0
hash.c;50;0.009999;0.009999;0.0;0.0
handler.cc;9769;0.009999;0.009999;0.0;0.0
ctype-mb.c;345;0.009999;0.009999;0.0;0.0
cset_narrowing.cc;27;0.009999;0.009999;0.0;0.0
table.cc;9086;0.009999;0.009999;0.0;0.0
field.cc;2632;0.009999;0.009999;0.0;0.0
sql_base.cc;10241;0.009999;0.009999;0.0;0.0
sql_class.h;6416;0.009999;0.009999;0.0;0.0
sql_select.cc;21601;0.009999;0.009999;0.0;0.0
sql_update.h;73;0.009999;0.009999;0.0;0.0
sql_select.cc;1992;0.009999;0.009999;0.0;0.0
sql_select.cc;6928;0.009999;0.009999;0.0;0.0
sql_class.h;5820;0.009999;0.009999;0.0;0.0
sql_base.cc;6617;0.009999;0.009999;0.0;0.0
item.h;2208;0.009999;0.009999;0.0;0.0
cleanup_compat.c;47;0.009999;0.009999;0.0;0.0
buf0buf.h;787;0.009999;0.009999;0.0;0.0
sql_class.h;3526;0.009999;0.009999;0.0;0.0
table.cc;6041;0.009999;0.009999;0.0;0.0
sql_select.cc;6354;0.009999;0.009999;0.0;0.0
item.cc;4842;0.009999;0.009999;0.0;0.0
opt_range_mrr.cc;81;0.009999;0.009999;0.0;0.0
sql_base.cc;4570;0.009999;0.009999;0.0;0.0
row0mysql.cc;74;0.009999;0.009999;0.0;0.0
sql_parse.cc;3992;0.009999;0.009999;0.0;0.0
mtr0mtr.cc;1456;0.009999;0.009999;0.0;0.0
item_cmpfunc.cc;469;0.009999;0.009999;0.0;0.0
row0row.cc;428;0.009999;0.009999;0.0;0.0
rem0cmp.cc;675;0.009999;0.009999;0.0;0.0
sql_class.cc;5328;0.009999;0.009999;0.0;0.0
sql_prepare.cc;4759;0.009999;0.009999;0.0;0.0
sql_delete.cc;109;0.009999;0.009999;0.0;0.0
item.cc;4765;0.009999;0.009999;0.0;0.0
net_serv.cc;1101;0.009999;0.009999;0.0;0.0
opt_range.cc;7985;0.009999;0.009999;0.0;0.0
sql_class.cc;2579;0.009999;0.009999;0.0;0.0
ha_innodb.cc;16708;0.009999;0.009999;0.0;0.0
item.cc;738;0.009999;0.009999;0.0;0.0
net_serv.cc;835;0.009999;0.009999;0.0;0.0
table.cc;9007;0.009999;0.009999;0.0;0.0
sql_parse.cc;4473;0.009999;0.009999;0.0;0.0
stl_tree.h;3057;0.009999;0.009999;0.0;0.0
sql_base.cc;4694;0.009999;0.009999;0.0;0.0
opt_range.cc;1339;0.009999;0.009999;0.0;0.0
sql_limit.h;54;0.009999;0.009999;0.0;0.0
atomic;312;0.009999;0.009999;0.0;0.0
ha_innodb.cc;9011;0.009999;0.009999;0.0;0.0
sql_select.cc;18563;0.009999;0.009999;0.0;0.0
handler.cc;8301;0.009999;0.009999;0.0;0.0
sql_base.cc;8178;0.009999;0.009999;0.0;0.0
sql_select.cc;16277;0.009999;0.009999;0.0;0.0
sql_view.cc;2113;0.009999;0.009999;0.0;0.0
sql_select.cc;5180;0.009999;0.009999;0.0;0.0
sql_lex.cc;3798;0.009999;0.009999;0.0;0.0
sql_insert.cc;304;0.009999;0.009999;0.0;0.0
sql_class.cc;423;0.009999;0.009999;0.0;0.0
row0sel.cc;4476;0.009999;0.009999;0.0;0.0
mach0data.inl;767;0.009999;0.009999;0.0;0.0
btr0cur.cc;1161;0.009999;0.009999;0.0;0.0
sql_select.cc;8000;0.009999;0.009999;0.0;0.0
fut0lst.cc;309;0.009999;0.009999;0.0;0.0
sql_delete.cc;1178;0.009999;0.009999;0.0;0.0
sql_select.cc;6504;0.009999;0.009999;0.0;0.0
ctype-ascii.h;110;0.009999;0.009999;0.0;0.0
mach0data.inl;203;0.009999;0.009999;0.0;0.0
opt_range.cc;8867;0.009999;0.009999;0.0;0.0
sql_select.h;1172;0.009999;0.009999;0.0;0.0
sql_select.cc;6373;0.009999;0.009999;0.0;0.0
sql_select.cc;473;0.009999;0.009999;0.0;0.0
sql_acl.cc;9966;0.009999;0.009999;0.0;0.0
opt_range.cc;12483;0.009999;0.009999;0.0;0.0
row0mysql.cc;1592;0.009999;0.009999;0.0;0.0
multi_range_read.cc;1476;0.009999;0.009999;0.0;0.0
sql_lex.cc;5982;0.009999;0.009999;0.0;0.0
sql_base.cc;9530;0.009999;0.009999;0.0;0.0
opt_range.h;1022;0.009999;0.009999;0.0;0.0
sql_error.h;240;0.009999;0.009999;0.0;0.0
sql_select.cc;7977;0.009999;0.009999;0.0;0.0
sql_class.h;5386;0.009999;0.009999;0.0;0.0
sql_class.h;3527;0.009999;0.009999;0.0;0.0
mtr0mtr.cc;1726;0.009999;0.009999;0.0;0.0
ctype.c;917;0.009998;0.009998;0.0;0.0
sql_select.cc;13823;0.009998;0.009998;0.0;0.0
sql_base.cc;8354;0.009998;0.009998;0.0;0.0
dict0mem.h;2292;0.009998;0.009998;0.0;0.0
sql_type.cc;9122;0.009998;0.009998;0.0;0.0
sql_class.cc;413;0.009998;0.009998;0.0;0.0
sql_list.h;439;0.009998;0.009998;0.0;0.0
sql_plist.h;91;0.009998;0.009998;0.0;0.0
sql_class.cc;4404;0.009998;0.009998;0.0;0.0
sql_select.cc;7318;0.009998;0.009998;0.0;0.0
sql_select.cc;5410;0.009998;0.009998;0.0;0.0
opt_range.cc;9949;0.009998;0.009998;0.0;0.0
mtr0mtr.cc;795;0.009998;0.009998;0.0;0.0
sql_error.cc;331;0.009998;0.009998;0.0;0.0
ha_innodb.cc;4823;0.009998;0.009998;0.0;0.0
malloc.c;3350;0.009998;0.009998;0.0;0.0
my_alloc.c;75;0.009998;0.009998;0.0;0.0
sql_update.cc;2052;0.009998;0.009998;0.0;0.0
sql_select.cc;1489;0.009998;0.009998;0.0;0.0
my_getsystime.c;50;0.009998;0.009998;0.0;0.0
sql_select.cc;3580;0.009998;0.009998;0.0;0.0
opt_range.cc;12962;0.009998;0.009998;0.0;0.0
sql_select.cc;4863;0.009998;0.009998;0.0;0.0
sql_parse.cc;5559;0.009998;0.009998;0.0;0.0
sql_type.cc;1506;0.009998;0.009998;0.0;0.0
field.cc;7801;0.009998;0.009998;0.0;0.0
sql_update.cc;437;0.009998;0.009998;0.0;0.0
sql_select.cc;16806;0.009998;0.009998;0.0;0.0
strings_def.h;103;0.009998;0.009998;0.0;0.0
scheduler.cc;56;0.009998;0.009998;0.0;0.0
opt_range.cc;12534;0.009998;0.009998;0.0;0.0
item.cc;6644;0.009998;0.009998;0.0;0.0
opt_hints.cc;1310;0.009998;0.009998;0.0;0.0
sql_class.h;6520;0.009998;0.009998;0.0;0.0
row0mysql.cc;1724;0.009998;0.009998;0.0;0.0
mtr0mtr.cc;92;0.009998;0.009998;0.0;0.0
sql_select.cc;2464;0.009998;0.009998;0.0;0.0
item.h;360;0.009998;0.009998;0.0;0.0
trx0undo.cc;572;0.009998;0.009998;0.0;0.0
item_cmpfunc.cc;436;0.009998;0.009998;0.0;0.0
table.cc;7915;0.009998;0.009998;0.0;0.0
sql_class.h;7043;0.009998;0.009998;0.0;0.0
sql_delete.cc;2176;0.009998;0.009998;0.0;0.0
memmove-vec-unaligned-erms.S;428;0.009998;0.009998;0.0;0.0
page0cur.cc;564;0.009998;0.009998;0.0;0.0
sql_delete.cc;2036;0.009998;0.009998;0.0;0.0
sql_class.h;1349;0.009998;0.009998;0.0;0.0
ha_innodb.cc;8770;0.009998;0.009998;0.0;0.0
dict0stats_bg.cc;132;0.009998;0.009998;0.0;0.0
page0cur.cc;926;0.009998;0.009998;0.0;0.0
mdl.cc;804;0.009998;0.009998;0.0;0.0
handler.h;5331;0.009998;0.009998;0.0;0.0
handler.cc;3849;0.009998;0.009998;0.0;0.0
sql_select.cc;33117;0.009998;0.009998;0.0;0.0
sql_parse.cc;1142;0.009997;0.009997;0.0;0.0
item_cmpfunc.cc;7036;0.009997;0.009997;0.0;0.0
sql_select.cc;18796;0.009997;0.009997;0.0;0.0
page0cur.cc;500;0.009997;0.009997;0.0;0.0
page0cur.cc;459;0.009997;0.009997;0.0;0.0
m_ctype.h;1536;0.009997;0.009997;0.0;0.0
row0ins.cc;2392;0.009997;0.009997;0.0;0.0
sql_select.cc;6503;0.009997;0.009997;0.0;0.0
ha_innodb.cc;4732;0.009997;0.009997;0.0;0.0
protocol.cc;1251;0.009997;0.009997;0.0;0.0
ut0byte.h;87;0.009997;0.009997;0.0;0.0
table.cc;9221;0.009997;0.009997;0.0;0.0
mtr0log.h;410;0.009997;0.009997;0.0;0.0
page0page.cc;103;0.009997;0.009997;0.0;0.0
multi_range_read.cc;1735;0.009997;0.009997;0.0;0.0
sql_update.cc;3342;0.009996;0.009996;0.0;0.0
sql_string.cc;1153;0.009996;0.009996;0.0;0.0
multi_range_read.cc;196;0.009001;0.009001;0.0;0.0
item.h;356;0.009001;0.009001;0.0;0.0
row0upd.cc;2341;0.009001;0.009001;0.0;0.0
table.cc;8970;0.009000;0.009000;0.0;0.0
item_cmpfunc.h;606;0.009000;0.009000;0.0;0.0
sql_explain.cc;902;0.009000;0.009000;0.0;0.0
sql_class.h;4239;0.009000;0.009000;0.0;0.0
btr0cur.cc;1121;0.009000;0.009000;0.0;0.0
ha_innodb.cc;7516;0.009000;0.009000;0.0;0.0
row0mysql.cc;1695;0.009000;0.009000;0.0;0.0
sql_delete.cc;161;0.009000;0.009000;0.0;0.0
my_alloc.c;154;0.009000;0.009000;0.0;0.0
ha_innodb.cc;9294;0.009000;0.009000;0.0;0.0
row0sel.cc;5494;0.009000;0.009000;0.0;0.0
sql_parse.cc;9779;0.009000;0.009000;0.0;0.0
sql_prepare.cc;3409;0.009000;0.009000;0.0;0.0
row0ins.cc;3599;0.009000;0.009000;0.0;0.0
sql_acl.cc;10003;0.009000;0.009000;0.0;0.0
lock0lock.cc;4267;0.009000;0.009000;0.0;0.0
table.cc;9943;0.009000;0.009000;0.0;0.0
sql_select.cc;21342;0.009000;0.009000;0.0;0.0
sql_select.cc;4367;0.008999;0.008999;0.0;0.0
sql_type.h;4266;0.008999;0.008999;0.0;0.0
item.h;5996;0.008999;0.008999;0.0;0.0
field.h;442;0.008999;0.008999;0.0;0.0
stl_tree.h;2997;0.008999;0.008999;0.0;0.0
sql_select.cc;1767;0.008999;0.008999;0.0;0.0
ha_innodb.cc;7331;0.008999;0.008999;0.0;0.0
sql_acl.cc;10316;0.008999;0.008999;0.0;0.0
sql_select.h;2146;0.008999;0.008999;0.0;0.0
ha_innodb.cc;8258;0.008999;0.008999;0.0;0.0
mtr0log.h;270;0.008999;0.008999;0.0;0.0
table_cache.cc;930;0.008999;0.008999;0.0;0.0
opt_range.cc;12993;0.008999;0.008999;0.0;0.0
row0ins.cc;1407;0.008999;0.008999;0.0;0.0
sql_select.cc;24233;0.008999;0.008999;0.0;0.0
ha_innodb.cc;8368;0.008998;0.008998;0.0;0.0
sql_class.cc;4403;0.008998;0.008998;0.0;0.0
mem0mem.inl;176;0.008998;0.008998;0.0;0.0
ha_innodb.cc;8836;0.008998;0.008998;0.0;0.0
ha_innodb.cc;15122;0.008998;0.008998;0.0;0.0
row0mysql.cc;1744;0.008998;0.008998;0.0;0.0
mach0data.inl;142;0.008998;0.008998;0.0;0.0
rem0rec.cc;1213;0.008997;0.008997;0.0;0.0
ha_innodb.cc;7872;0.008997;0.008997;0.0;0.0
field.cc;1385;0.008997;0.008997;0.0;0.0
handler.h;4968;0.008997;0.008997;0.0;0.0
ha_innodb.cc;17222;0.008996;0.008996;0.0;0.0
opt_hints.cc;1834;0.008001;0.008001;0.0;0.0
sql_insert.cc;1246;0.008000;0.008000;0.0;0.0
table.cc;6767;0.008000;0.008000;0.0;0.0
mtr0mtr.h;243;0.008000;0.008000;0.0;0.0
row0sel.cc;4576;0.008000;0.008000;0.0;0.0
page0cur.cc;875;0.007999;0.007999;0.0;0.0
sql_class.h;5421;0.007999;0.007999;0.0;0.0
ut0lst.h;340;0.007998;0.007998;0.0;0.0
handler.cc;1875;0.007998;0.007998;0.0;0.0
sql_select.cc;14178;0.007000;0.007000;0.0;0.0
fsp0fsp.cc;2518;0.000003;0.000003;0.0;0.0
