Source File;Source Line;CPU Time;CPU Time:Effective Time;CPU Time:Spin Time;CPU Time:Overhead Time
[Unknown source file];[Unknown];42.130376;42.130376;0.0;0.0
syscall_cancel.S;56;23.398954;23.398954;0.0;0.0
page0cur.cc;103;6.880968;6.880968;0.0;0.0
syscall.S;38;5.775367;5.775367;0.0;0.0
page0cur.cc;85;2.900997;2.900997;0.0;0.0
my_byteorder.h;56;1.400984;1.400984;0.0;0.0
my_byteorder.h;92;1.252009;1.252009;0.0;0.0
srw_lock.h;332;1.238992;1.238992;0.0;0.0
atomic_base.h;641;0.927998;0.927998;0.0;0.0
page0cur.cc;231;0.869000;0.869000;0.0;0.0
memcmp-avx2-movbe.S;416;0.807004;0.807004;0.0;0.0
smmintrin.h;843;0.788984;0.788984;0.0;0.0
stl_algobase.h;239;0.702999;0.702999;0.0;0.0
memcmp-avx2-movbe.S;167;0.618998;0.618998;0.0;0.0
sql_class.h;3514;0.560002;0.560002;0.0;0.0
cancellation.c;38;0.540978;0.540978;0.0;0.0
memcmp-avx2-movbe.S;417;0.540007;0.540007;0.0;0.0
pthread_mutex_lock.c;137;0.530000;0.530000;0.0;0.0
buf0buf.h;1774;0.491010;0.491010;0.0;0.0
pthread_mutex_lock.c;136;0.489999;0.489999;0.0;0.0
pthread_mutex_lock.c;160;0.478986;0.478986;0.0;0.0
pthread_mutex_unlock.c;359;0.459991;0.459991;0.0;0.0
stl_algobase.h;239;0.458996;0.458996;0.0;0.0
srw_lock.h;295;0.450032;0.450032;0.0;0.0
page0cur.cc;580;0.439995;0.439995;0.0;0.0
btr0cur.cc;1269;0.432002;0.432002;0.0;0.0
malloc.c;3790;0.397000;0.397000;0.0;0.0
page0page.h;622;0.388994;0.388994;0.0;0.0
page0cur.cc;340;0.372004;0.372004;0.0;0.0
string_fortified.h;29;0.330999;0.330999;0.0;0.0
rem0cmp.cc;329;0.317998;0.317998;0.0;0.0
futex-internal.h;126;0.310999;0.310999;0.0;0.0
page0cur.cc;877;0.310000;0.310000;0.0;0.0
page0cur.cc;585;0.300002;0.300002;0.0;0.0
lowlevellock.c;65;0.300000;0.300000;0.0;0.0
rem0rec.inl;221;0.291997;0.291997;0.0;0.0
srw_lock.h;251;0.281996;0.281996;0.0;0.0
memmove-vec-unaligned-erms.S;392;0.279001;0.279001;0.0;0.0
srw_lock.cc;435;0.267994;0.267994;0.0;0.0
page0cur.cc;672;0.260002;0.260002;0.0;0.0
my_alloc.c;271;0.259999;0.259999;0.0;0.0
malloc.c;4400;0.250995;0.250995;0.0;0.0
ha_innodb.cc;2653;0.250004;0.250004;0.0;0.0
buf0buf.h;1778;0.247995;0.247995;0.0;0.0
rem0rec.cc;827;0.241003;0.241003;0.0;0.0
string_fortified.h;59;0.239991;0.239991;0.0;0.0
item.cc;3768;0.231999;0.231999;0.0;0.0
page0page.h;667;0.228997;0.228997;0.0;0.0
small_vector.h;120;0.227998;0.227998;0.0;0.0
buf0flu.cc;2409;0.222003;0.222003;0.0;0.0
ut0byte.h;92;0.221000;0.221000;0.0;0.0
pthread_cond_signal.c;92;0.220000;0.220000;0.0;0.0
rem0cmp.cc;323;0.220000;0.220000;0.0;0.0
mysql_stage.h;112;0.219995;0.219995;0.0;0.0
rem0rec.cc;898;0.210001;0.210001;0.0;0.0
malloc.c;3038;0.210001;0.210001;0.0;0.0
my_alloc.c;360;0.209999;0.209999;0.0;0.0
pthread_mutex_lock.c;71;0.209995;0.209995;0.0;0.0
ctype-bin.c;87;0.199998;0.199998;0.0;0.0
srw_lock.h;251;0.199996;0.199996;0.0;0.0
my_alloc.c;356;0.199001;0.199001;0.0;0.0
ha_innodb.cc;2708;0.197997;0.197997;0.0;0.0
buf0buf.cc;2700;0.191001;0.191001;0.0;0.0
pthread_mutex_unlock.c;357;0.190998;0.190998;0.0;0.0
clock_gettime.c;40;0.190001;0.190001;0.0;0.0
mysql_thread.h;775;0.190000;0.190000;0.0;0.0
clock_gettime.c;30;0.189999;0.189999;0.0;0.0
page0cur.cc;533;0.189998;0.189998;0.0;0.0
lf_hash.cc;128;0.189994;0.189994;0.0;0.0
mtr0mtr.cc;587;0.189001;0.189001;0.0;0.0
memmove-vec-unaligned-erms.S;334;0.180994;0.180994;0.0;0.0
page0cur.cc;338;0.180002;0.180002;0.0;0.0
atomic_base.h;501;0.180000;0.180000;0.0;0.0
rem0cmp.cc;322;0.179997;0.179997;0.0;0.0
row0mysql.cc;494;0.172009;0.172009;0.0;0.0
field.h;2887;0.171000;0.171000;0.0;0.0
rem0rec.h;605;0.170997;0.170997;0.0;0.0
sql_parse.cc;2381;0.170994;0.170994;0.0;0.0
page0cur.cc;276;0.169999;0.169999;0.0;0.0
item.h;6001;0.169999;0.169999;0.0;0.0
strings_def.h;222;0.169998;0.169998;0.0;0.0
small_vector.h;37;0.169996;0.169996;0.0;0.0
my_alloc.c;314;0.169993;0.169993;0.0;0.0
sql_parse.cc;2491;0.167997;0.167997;0.0;0.0
strcoll.inl;229;0.165994;0.165994;0.0;0.0
malloc.c;4368;0.160997;0.160997;0.0;0.0
srw_lock.cc;141;0.160000;0.160000;0.0;0.0
atomic_base.h;477;0.159998;0.159998;0.0;0.0
memmove-vec-unaligned-erms.S;377;0.159998;0.159998;0.0;0.0
sql_class.cc;6161;0.159002;0.159002;0.0;0.0
buf0buf.cc;2829;0.157999;0.157999;0.0;0.0
malloc.c;3007;0.150995;0.150995;0.0;0.0
my_json_writer.h;323;0.150994;0.150994;0.0;0.0
page0page.cc;118;0.150002;0.150002;0.0;0.0
my_alloc.c;361;0.150002;0.150002;0.0;0.0
protocol.cc;1199;0.150002;0.150002;0.0;0.0
mysqld.cc;3790;0.150001;0.150001;0.0;0.0
row0sel.cc;2956;0.150000;0.150000;0.0;0.0
malloc.c;3034;0.149999;0.149999;0.0;0.0
item.cc;6612;0.149998;0.149998;0.0;0.0
mtr0mtr.cc;792;0.149000;0.149000;0.0;0.0
memmove-vec-unaligned-erms.S;376;0.148999;0.148999;0.0;0.0
rem0rec.cc;429;0.148997;0.148997;0.0;0.0
sql_base.cc;1629;0.144002;0.144002;0.0;0.0
memmove-vec-unaligned-erms.S;387;0.142003;0.142003;0.0;0.0
fdatasync.c;28;0.141652;0.141652;0.0;0.0
page0page.h;622;0.141003;0.141003;0.0;0.0
lock0priv.inl;243;0.141002;0.141002;0.0;0.0
strlen-avx2.S;85;0.141001;0.141001;0.0;0.0
array.c;348;0.140999;0.140999;0.0;0.0
ctype-unidata.h;129;0.140991;0.140991;0.0;0.0
dict0mem.h;2832;0.140036;0.140036;0.0;0.0
sql_list.h;426;0.140003;0.140003;0.0;0.0
strmake.c;36;0.140002;0.140002;0.0;0.0
ut0byte.h;92;0.140000;0.140000;0.0;0.0
hasher-mysql5x.c;23;0.139999;0.139999;0.0;0.0
pthread_getspecific.c;55;0.139999;0.139999;0.0;0.0
atomic_base.h;631;0.139003;0.139003;0.0;0.0
ha_innodb.cc;16611;0.139000;0.139000;0.0;0.0
sql_list.h;154;0.139000;0.139000;0.0;0.0
memmove-vec-unaligned-erms.S;378;0.131999;0.131999;0.0;0.0
sql_list.h;154;0.131999;0.131999;0.0;0.0
ha_innodb.cc;7369;0.131005;0.131005;0.0;0.0
psi_noop.c;507;0.131001;0.131001;0.0;0.0
lock0lock.h;709;0.130999;0.130999;0.0;0.0
poll.c;43;0.130000;0.130000;0.0;0.0
mach0data.inl;206;0.129999;0.129999;0.0;0.0
mtr0log.h;138;0.129998;0.129998;0.0;0.0
row0sel.cc;3079;0.129998;0.129998;0.0;0.0
ha_innodb.cc;16257;0.129998;0.129998;0.0;0.0
item.cc;6910;0.129997;0.129997;0.0;0.0
mtr0mtr.cc;595;0.129996;0.129996;0.0;0.0
sql_list.h;440;0.129000;0.129000;0.0;0.0
mdl.cc;2703;0.128999;0.128999;0.0;0.0
lf_dynarray.c;96;0.128999;0.128999;0.0;0.0
ctype-utf8.h;149;0.127998;0.127998;0.0;0.0
mysqld.cc;3851;0.127996;0.127996;0.0;0.0
memset-vec-unaligned-erms.S;326;0.123002;0.123002;0.0;0.0
strings_def.h;100;0.120998;0.120998;0.0;0.0
lock.cc;819;0.120001;0.120001;0.0;0.0
malloc.c;3279;0.120000;0.120000;0.0;0.0
psi_noop.c;867;0.120000;0.120000;0.0;0.0
item_cmpfunc.cc;438;0.119999;0.119999;0.0;0.0
sql_alloc.h;37;0.119999;0.119999;0.0;0.0
malloc.c;3259;0.119998;0.119998;0.0;0.0
malloc.c;3247;0.119997;0.119997;0.0;0.0
sql_type.h;5474;0.119995;0.119995;0.0;0.0
mysql_stage.h;112;0.119994;0.119994;0.0;0.0
sql_class.cc;6490;0.118999;0.118999;0.0;0.0
item.h;4568;0.118998;0.118998;0.0;0.0
malloc.c;3319;0.118000;0.118000;0.0;0.0
sql_statistics.cc;3259;0.111001;0.111001;0.0;0.0
my_cpu.h;94;0.111001;0.111001;0.0;0.0
sql_parse.cc;2450;0.111001;0.111001;0.0;0.0
sql_list.h;428;0.110994;0.110994;0.0;0.0
page0cur.cc;129;0.110004;0.110004;0.0;0.0
sql_audit.cc;148;0.110003;0.110003;0.0;0.0
lf_hash.cc;115;0.110001;0.110001;0.0;0.0
mdl.h;388;0.110001;0.110001;0.0;0.0
mdl.cc;2897;0.110001;0.110001;0.0;0.0
mtr0log.h;425;0.110001;0.110001;0.0;0.0
my_json_writer.h;449;0.110000;0.110000;0.0;0.0
sql_class.cc;6917;0.110000;0.110000;0.0;0.0
pthread_mutex_unlock.c;43;0.110000;0.110000;0.0;0.0
buf0buf.h;1533;0.110000;0.110000;0.0;0.0
ut0lst.h;347;0.110000;0.110000;0.0;0.0
btr0sea.cc;1698;0.110000;0.110000;0.0;0.0
handler.h;4967;0.109999;0.109999;0.0;0.0
sql_profile.h;322;0.109999;0.109999;0.0;0.0
srw_lock.h;362;0.109998;0.109998;0.0;0.0
page0cur.cc;604;0.109998;0.109998;0.0;0.0
page0page.h;622;0.109997;0.109997;0.0;0.0
item.h;3864;0.109996;0.109996;0.0;0.0
my_thr_init.c;371;0.109002;0.109002;0.0;0.0
memset-vec-unaligned-erms.S;350;0.108998;0.108998;0.0;0.0
sql_base.cc;1357;0.107000;0.107000;0.0;0.0
my_alloc.c;490;0.101000;0.101000;0.0;0.0
sql_select.cc;5190;0.101000;0.101000;0.0;0.0
send.c;32;0.100997;0.100997;0.0;0.0
sql_class.h;5295;0.100996;0.100996;0.0;0.0
sql_explain.cc;3037;0.100003;0.100003;0.0;0.0
buf0types.h;132;0.100003;0.100003;0.0;0.0
lock0lock.cc;230;0.100001;0.100001;0.0;0.0
mtr0mtr.cc;1731;0.100001;0.100001;0.0;0.0
sql_list.h;423;0.100001;0.100001;0.0;0.0
page0cur.cc;456;0.100001;0.100001;0.0;0.0
lf_hash.cc;108;0.100000;0.100000;0.0;0.0
page0cur.cc;217;0.100000;0.100000;0.0;0.0
ha_innodb.cc;16414;0.100000;0.100000;0.0;0.0
srw_lock.h;162;0.100000;0.100000;0.0;0.0
sql_lex.h;3898;0.100000;0.100000;0.0;0.0
item.cc;3769;0.099999;0.099999;0.0;0.0
sql_select.cc;29940;0.099999;0.099999;0.0;0.0
rem0cmp.cc;403;0.099999;0.099999;0.0;0.0
item.cc;7497;0.099998;0.099998;0.0;0.0
item.h;3927;0.099998;0.099998;0.0;0.0
item_func.cc;143;0.099998;0.099998;0.0;0.0
net_serv.cc;898;0.099997;0.099997;0.0;0.0
buf0buf.h;1465;0.099996;0.099996;0.0;0.0
field.h;4189;0.099996;0.099996;0.0;0.0
rem0rec.h;131;0.099995;0.099995;0.0;0.0
sql_select.cc;29078;0.099994;0.099994;0.0;0.0
dict0dict.inl;170;0.099000;0.099000;0.0;0.0
handler.cc;3844;0.098999;0.098999;0.0;0.0
page0cur.cc;226;0.098999;0.098999;0.0;0.0
sql_class.cc;4926;0.098998;0.098998;0.0;0.0
sql_type.cc;1918;0.098997;0.098997;0.0;0.0
sql_base.cc;5278;0.098994;0.098994;0.0;0.0
buf0buf.cc;2790;0.092002;0.092002;0.0;0.0
opt_subselect.cc;6707;0.091005;0.091005;0.0;0.0
dict0dict.inl;170;0.091003;0.091003;0.0;0.0
ha_innodb.cc;2112;0.091003;0.091003;0.0;0.0
item.cc;3380;0.091000;0.091000;0.0;0.0
lock0lock.cc;464;0.091000;0.091000;0.0;0.0
opt_trace.cc;54;0.091000;0.091000;0.0;0.0
item.h;4546;0.091000;0.091000;0.0;0.0
malloc.c;3293;0.091000;0.091000;0.0;0.0
buf0buf.inl;40;0.090999;0.090999;0.0;0.0
m_ctype.h;1154;0.090998;0.090998;0.0;0.0
malloc.c;3347;0.090998;0.090998;0.0;0.0
sql_base.cc;1073;0.090009;0.090009;0.0;0.0
buf0buf.cc;2737;0.090002;0.090002;0.0;0.0
sql_class.cc;459;0.090001;0.090001;0.0;0.0
buf0buf.cc;2738;0.090001;0.090001;0.0;0.0
sql_base.cc;8363;0.090001;0.090001;0.0;0.0
psi_noop.c;170;0.090001;0.090001;0.0;0.0
ha_innodb.cc;9320;0.090001;0.090001;0.0;0.0
ha_innodb.cc;5338;0.090000;0.090000;0.0;0.0
handler.cc;6445;0.090000;0.090000;0.0;0.0
lock.cc;379;0.090000;0.090000;0.0;0.0
mysql_thread.h;785;0.090000;0.090000;0.0;0.0
srw_lock.cc;253;0.090000;0.090000;0.0;0.0
syscall.S;42;0.090000;0.090000;0.0;0.0
trx0purge.cc;1009;0.090000;0.090000;0.0;0.0
page0cur.cc;643;0.090000;0.090000;0.0;0.0
item_func.cc;418;0.090000;0.090000;0.0;0.0
lf_hash.cc;111;0.090000;0.090000;0.0;0.0
lf_hash.cc;298;0.090000;0.090000;0.0;0.0
page0cur.cc;923;0.089999;0.089999;0.0;0.0
sql_base.cc;9165;0.089999;0.089999;0.0;0.0
sql_prepare.cc;968;0.089999;0.089999;0.0;0.0
sql_parse.cc;3510;0.089999;0.089999;0.0;0.0
page0page.h;663;0.089999;0.089999;0.0;0.0
item_cmpfunc.h;574;0.089999;0.089999;0.0;0.0
buf0buf.cc;2932;0.089999;0.089999;0.0;0.0
rem0rec.inl;654;0.089999;0.089999;0.0;0.0
sql_select.cc;17864;0.089999;0.089999;0.0;0.0
crc32c_amd64.cc;149;0.089998;0.089998;0.0;0.0
ha_innodb.cc;7337;0.089998;0.089998;0.0;0.0
pthread_mutex_lock.c;115;0.089998;0.089998;0.0;0.0
sql_class.h;5294;0.089998;0.089998;0.0;0.0
ha_innodb.cc;7340;0.089998;0.089998;0.0;0.0
array.c;48;0.089998;0.089998;0.0;0.0
sql_prepare.cc;354;0.089998;0.089998;0.0;0.0
my_malloc.c;71;0.089998;0.089998;0.0;0.0
sql_parse.cc;1659;0.089996;0.089996;0.0;0.0
mem0mem.cc;383;0.089996;0.089996;0.0;0.0
sql_base.cc;9390;0.089995;0.089995;0.0;0.0
buf0flu.cc;2384;0.089995;0.089995;0.0;0.0
my_alloc.c;360;0.089992;0.089992;0.0;0.0
mysqld.cc;742;0.089001;0.089001;0.0;0.0
sql_base.cc;1037;0.089001;0.089001;0.0;0.0
sql_list.h;438;0.088999;0.088999;0.0;0.0
rem0rec.cc;408;0.088998;0.088998;0.0;0.0
sql_class.cc;4413;0.088996;0.088996;0.0;0.0
sql_base.cc;4686;0.088995;0.088995;0.0;0.0
item.cc;4773;0.088994;0.088994;0.0;0.0
crc32c_amd64.cc;630;0.081998;0.081998;0.0;0.0
field.h;1321;0.081007;0.081007;0.0;0.0
sql_class.h;3505;0.081002;0.081002;0.0;0.0
sql_select.cc;29957;0.081001;0.081001;0.0;0.0
sql_type.cc;1604;0.081000;0.081000;0.0;0.0
field.h;1547;0.081000;0.081000;0.0;0.0
ha_innodb.cc;5217;0.080999;0.080999;0.0;0.0
mysql_thread.h;745;0.080999;0.080999;0.0;0.0
sql_parse.cc;1684;0.080998;0.080998;0.0;0.0
my_alloc.c;518;0.080997;0.080997;0.0;0.0
item.cc;587;0.080982;0.080982;0.0;0.0
net_serv.cc;412;0.080004;0.080004;0.0;0.0
page0cur.cc;457;0.080002;0.080002;0.0;0.0
rem0rec.cc;938;0.080002;0.080002;0.0;0.0
sql_select.cc;26093;0.080001;0.080001;0.0;0.0
sql_error.h;1063;0.080001;0.080001;0.0;0.0
field.h;2704;0.080000;0.080000;0.0;0.0
sql_explain.cc;1767;0.080000;0.080000;0.0;0.0
viosocket.c;178;0.080000;0.080000;0.0;0.0
btr0cur.cc;1550;0.080000;0.080000;0.0;0.0
item_func.cc;1203;0.080000;0.080000;0.0;0.0
sql_class.h;4911;0.080000;0.080000;0.0;0.0
handler.cc;6524;0.080000;0.080000;0.0;0.0
condition_variable;167;0.080000;0.080000;0.0;0.0
small_vector.h;37;0.080000;0.080000;0.0;0.0
strcmp-avx2.S;289;0.080000;0.080000;0.0;0.0
pthread_getspecific.c;24;0.080000;0.080000;0.0;0.0
sql_type.cc;1938;0.079999;0.079999;0.0;0.0
item.cc;7495;0.079999;0.079999;0.0;0.0
rem0rec.inl;240;0.079999;0.079999;0.0;0.0
buf0types.h;137;0.079999;0.079999;0.0;0.0
mtr0log.h;243;0.079999;0.079999;0.0;0.0
field.cc;7812;0.079999;0.079999;0.0;0.0
sql_union.cc;2734;0.079999;0.079999;0.0;0.0
sql_bitmap.h;78;0.079999;0.079999;0.0;0.0
mdl.cc;476;0.079999;0.079999;0.0;0.0
my_thr_init.c;369;0.079999;0.079999;0.0;0.0
sql_parse.cc;6127;0.079999;0.079999;0.0;0.0
opt_rewrite_remove_casefold.cc;127;0.079999;0.079999;0.0;0.0
ha_innodb.cc;4758;0.079999;0.079999;0.0;0.0
handler.cc;2096;0.079999;0.079999;0.0;0.0
sql_prepare.cc;5481;0.079998;0.079998;0.0;0.0
field.h;1503;0.079998;0.079998;0.0;0.0
sql_base.cc;5190;0.079998;0.079998;0.0;0.0
sql_select.cc;1943;0.079998;0.079998;0.0;0.0
ha_innodb.cc;16771;0.079998;0.079998;0.0;0.0
mysql_mdl.h;113;0.079998;0.079998;0.0;0.0
sql_class.cc;4402;0.079997;0.079997;0.0;0.0
ha_innodb.cc;8713;0.079997;0.079997;0.0;0.0
memmove-vec-unaligned-erms.S;429;0.079996;0.079996;0.0;0.0
sql_select.cc;35016;0.079996;0.079996;0.0;0.0
ha_innodb.cc;16621;0.079996;0.079996;0.0;0.0
handler.cc;5730;0.079995;0.079995;0.0;0.0
mem0mem.cc;258;0.079995;0.079995;0.0;0.0
mtr0mtr.cc;535;0.079994;0.079994;0.0;0.0
buf0lru.cc;719;0.079994;0.079994;0.0;0.0
sql_class.cc;4411;0.079993;0.079993;0.0;0.0
handler.h;2194;0.079002;0.079002;0.0;0.0
rem0cmp.cc;207;0.079002;0.079002;0.0;0.0
item.h;4565;0.079001;0.079001;0.0;0.0
item.cc;11833;0.079000;0.079000;0.0;0.0
lf_hash.cc;304;0.078999;0.078999;0.0;0.0
opt_vcol_substitution.cc;136;0.078998;0.078998;0.0;0.0
field.cc;2621;0.078998;0.078998;0.0;0.0
item_func.cc;425;0.078998;0.078998;0.0;0.0
field.h;1198;0.078998;0.078998;0.0;0.0
item.cc;3770;0.077999;0.077999;0.0;0.0
page0cur.cc;185;0.077999;0.077999;0.0;0.0
sql_explain.cc;56;0.077995;0.077995;0.0;0.0
item_cmpfunc.h;660;0.071000;0.071000;0.0;0.0
ctype-utf8.c;3015;0.071000;0.071000;0.0;0.0
row0sel.cc;2985;0.070999;0.070999;0.0;0.0
memset-vec-unaligned-erms.S;199;0.070998;0.070998;0.0;0.0
dict0dict.inl;273;0.070003;0.070003;0.0;0.0
rem0rec.cc;1469;0.070002;0.070002;0.0;0.0
arena.c;151;0.070001;0.070001;0.0;0.0
sql_select.cc;13462;0.070001;0.070001;0.0;0.0
mtr0log.h;86;0.070001;0.070001;0.0;0.0
cset_narrowing.h;83;0.070001;0.070001;0.0;0.0
ha_innodb.cc;7239;0.070001;0.070001;0.0;0.0
srw_lock.h;162;0.070001;0.070001;0.0;0.0
rem0rec.inl;221;0.070001;0.070001;0.0;0.0
sql_select.cc;13142;0.070001;0.070001;0.0;0.0
viosocket.c;982;0.070000;0.070000;0.0;0.0
memmove-vec-unaligned-erms.S;332;0.070000;0.070000;0.0;0.0
item_cmpfunc.cc;421;0.070000;0.070000;0.0;0.0
my_malloc.c;193;0.070000;0.070000;0.0;0.0
row0sel.cc;4579;0.070000;0.070000;0.0;0.0
dict0dict.inl;65;0.070000;0.070000;0.0;0.0
log0log.cc;2014;0.070000;0.070000;0.0;0.0
small_vector.h;97;0.070000;0.070000;0.0;0.0
viosocket.c;255;0.070000;0.070000;0.0;0.0
row0upd.cc;1018;0.069999;0.069999;0.0;0.0
field.cc;962;0.069999;0.069999;0.0;0.0
sql_string.h;263;0.069999;0.069999;0.0;0.0
buf0buf.cc;2913;0.069999;0.069999;0.0;0.0
btr0cur.cc;1268;0.069999;0.069999;0.0;0.0
poll2.h;44;0.069999;0.069999;0.0;0.0
ha_innodb.cc;7225;0.069999;0.069999;0.0;0.0
sql_lex.cc;6324;0.069999;0.069999;0.0;0.0
item.h;3930;0.069999;0.069999;0.0;0.0
sql_select.cc;968;0.069999;0.069999;0.0;0.0
srw_lock.cc;134;0.069999;0.069999;0.0;0.0
sql_select.cc;1201;0.069999;0.069999;0.0;0.0
rem0rec.cc;1119;0.069999;0.069999;0.0;0.0
temporary_tables.cc;45;0.069999;0.069999;0.0;0.0
opt_range.cc;7942;0.069999;0.069999;0.0;0.0
sql_prepare.cc;386;0.069999;0.069999;0.0;0.0
sql_parse.cc;3770;0.069999;0.069999;0.0;0.0
sql_prepare.cc;617;0.069998;0.069998;0.0;0.0
ut0new.h;337;0.069998;0.069998;0.0;0.0
sql_base.cc;4776;0.069998;0.069998;0.0;0.0
net_serv.cc;572;0.069998;0.069998;0.0;0.0
handler.cc;8044;0.069998;0.069998;0.0;0.0
sql_lex.cc;4418;0.069997;0.069997;0.0;0.0
ha_innodb.cc;7741;0.069997;0.069997;0.0;0.0
sql_limit.h;44;0.069997;0.069997;0.0;0.0
sql_select.cc;34955;0.069996;0.069996;0.0;0.0
data0data.h;604;0.069995;0.069995;0.0;0.0
records.cc;184;0.069993;0.069993;0.0;0.0
lf_hash.cc;125;0.069001;0.069001;0.0;0.0
lf_hash.cc;162;0.069000;0.069000;0.0;0.0
opt_range.cc;12474;0.068999;0.068999;0.0;0.0
buf0buf.cc;2704;0.068999;0.068999;0.0;0.0
sql_update.cc;353;0.068999;0.068999;0.0;0.0
page0page.h;664;0.068999;0.068999;0.0;0.0
table_cache.cc;857;0.068998;0.068998;0.0;0.0
item.cc;4932;0.068998;0.068998;0.0;0.0
sql_base.cc;8344;0.067999;0.067999;0.0;0.0
table.cc;3980;0.067998;0.067998;0.0;0.0
net_serv.cc;891;0.067997;0.067997;0.0;0.0
sql_string.h;315;0.063001;0.063001;0.0;0.0
pthread_mutex_lock.c;126;0.062014;0.062014;0.0;0.0
strcoll.inl;149;0.061999;0.061999;0.0;0.0
field.h;1503;0.061002;0.061002;0.0;0.0
memmove-vec-unaligned-erms.S;464;0.061001;0.061001;0.0;0.0
rem0rec.cc;688;0.061001;0.061001;0.0;0.0
sql_base.cc;7013;0.061000;0.061000;0.0;0.0
lock.cc;472;0.060999;0.060999;0.0;0.0
opt_range.cc;12706;0.060999;0.060999;0.0;0.0
opt_range.cc;14786;0.060999;0.060999;0.0;0.0
mysql_transaction.h;139;0.060999;0.060999;0.0;0.0
small_vector.h;55;0.060998;0.060998;0.0;0.0
row0upd.cc;2537;0.060998;0.060998;0.0;0.0
mysqld.cc;3811;0.060998;0.060998;0.0;0.0
net_serv.cc;1029;0.060997;0.060997;0.0;0.0
atomic_base.h;501;0.060004;0.060004;0.0;0.0
dict0dict.cc;3877;0.060003;0.060003;0.0;0.0
dict0mem.h;2171;0.060002;0.060002;0.0;0.0
sql_type.cc;1778;0.060001;0.060001;0.0;0.0
ctype-ascii.h;110;0.060001;0.060001;0.0;0.0
mtr0mtr.cc;1087;0.060001;0.060001;0.0;0.0
row0row.cc;369;0.060001;0.060001;0.0;0.0
crc32c_amd64.cc;717;0.060001;0.060001;0.0;0.0
sql_update.h;74;0.060001;0.060001;0.0;0.0
page0cur.cc;68;0.060001;0.060001;0.0;0.0
dict0mem.h;1398;0.060001;0.060001;0.0;0.0
my_bitmap.c;201;0.060001;0.060001;0.0;0.0
malloc.c;3353;0.060001;0.060001;0.0;0.0
item.h;2932;0.060001;0.060001;0.0;0.0
mysql_socket.h;850;0.060001;0.060001;0.0;0.0
item.h;1995;0.060001;0.060001;0.0;0.0
sql_select.cc;21336;0.060001;0.060001;0.0;0.0
handler.h;4387;0.060001;0.060001;0.0;0.0
handler.h;4392;0.060000;0.060000;0.0;0.0
item.h;4522;0.060000;0.060000;0.0;0.0
small_vector.h;100;0.060000;0.060000;0.0;0.0
memmove-vec-unaligned-erms.S;255;0.060000;0.060000;0.0;0.0
pfs.cc;2540;0.060000;0.060000;0.0;0.0
opt_subselect.cc;5938;0.060000;0.060000;0.0;0.0
sql_type.cc;207;0.060000;0.060000;0.0;0.0
ha_innodb.cc;4711;0.060000;0.060000;0.0;0.0
rem0rec.cc;907;0.060000;0.060000;0.0;0.0
ha_innodb.cc;1809;0.060000;0.060000;0.0;0.0
memmove-vec-unaligned-erms.S;325;0.060000;0.060000;0.0;0.0
hash.c;234;0.060000;0.060000;0.0;0.0
opt_context_store_replay.cc;1680;0.060000;0.060000;0.0;0.0
stl_algobase.h;239;0.060000;0.060000;0.0;0.0
sql_acl.cc;9944;0.060000;0.060000;0.0;0.0
buf0buf.cc;2781;0.060000;0.060000;0.0;0.0
dict0dict.inl;167;0.060000;0.060000;0.0;0.0
field.h;2689;0.060000;0.060000;0.0;0.0
futex-internal.h;189;0.060000;0.060000;0.0;0.0
ha_innodb.cc;1810;0.060000;0.060000;0.0;0.0
page0cur.cc;585;0.060000;0.060000;0.0;0.0
rem0rec.inl;651;0.060000;0.060000;0.0;0.0
rem0rec.inl;437;0.060000;0.060000;0.0;0.0
btr0cur.cc;2184;0.060000;0.060000;0.0;0.0
ha_innodb.cc;15263;0.060000;0.060000;0.0;0.0
sql_base.cc;4694;0.060000;0.060000;0.0;0.0
srw_lock.cc;253;0.060000;0.060000;0.0;0.0
sql_list.h;154;0.060000;0.060000;0.0;0.0
page0cur.cc;814;0.060000;0.060000;0.0;0.0
rem0rec.cc;1535;0.060000;0.060000;0.0;0.0
sql_plugin.cc;3262;0.060000;0.060000;0.0;0.0
field.h;1199;0.060000;0.060000;0.0;0.0
opt_range.cc;1253;0.060000;0.060000;0.0;0.0
sql_lex.cc;5305;0.060000;0.060000;0.0;0.0
mtr0mtr.cc;522;0.060000;0.060000;0.0;0.0
sql_base.cc;2296;0.060000;0.060000;0.0;0.0
buf0lru.cc;686;0.060000;0.060000;0.0;0.0
page0cur.cc;173;0.060000;0.060000;0.0;0.0
dict0dict.h;669;0.060000;0.060000;0.0;0.0
page0cur.cc;1567;0.060000;0.060000;0.0;0.0
item.h;2634;0.060000;0.060000;0.0;0.0
sql_class.cc;1019;0.059999;0.059999;0.0;0.0
sql_union.cc;2770;0.059999;0.059999;0.0;0.0
thr_rwlock.c;127;0.059999;0.059999;0.0;0.0
sql_base.cc;9830;0.059999;0.059999;0.0;0.0
sql_window.cc;206;0.059999;0.059999;0.0;0.0
sql_union.cc;2820;0.059999;0.059999;0.0;0.0
sql_prepare.cc;3648;0.059999;0.059999;0.0;0.0
mysqld.cc;742;0.059999;0.059999;0.0;0.0
btr0pcur.cc;64;0.059999;0.059999;0.0;0.0
ha_innodb.cc;5337;0.059999;0.059999;0.0;0.0
lock0lock.cc;6986;0.059999;0.059999;0.0;0.0
mtr0mtr.cc;1206;0.059999;0.059999;0.0;0.0
rem0rec.inl;964;0.059999;0.059999;0.0;0.0
mf_qsort.c;116;0.059999;0.059999;0.0;0.0
array.c;216;0.059999;0.059999;0.0;0.0
my_alloc.c;311;0.059999;0.059999;0.0;0.0
sql_class.h;5831;0.059999;0.059999;0.0;0.0
temporary_tables.cc;519;0.059999;0.059999;0.0;0.0
sql_select.cc;1432;0.059998;0.059998;0.0;0.0
net_serv.cc;631;0.059998;0.059998;0.0;0.0
sql_cache.cc;2220;0.059998;0.059998;0.0;0.0
mtr0mtr.cc;1176;0.059998;0.059998;0.0;0.0
sql_class.cc;6168;0.059998;0.059998;0.0;0.0
sql_list.h;427;0.059998;0.059998;0.0;0.0
lock0priv.inl;234;0.059998;0.059998;0.0;0.0
lock0lock.cc;2043;0.059998;0.059998;0.0;0.0
mtr0mtr.cc;71;0.059998;0.059998;0.0;0.0
sql_base.cc;6319;0.059997;0.059997;0.0;0.0
sql_select.cc;1816;0.059997;0.059997;0.0;0.0
pthread_mutex_lock.c;76;0.059997;0.059997;0.0;0.0
sql_lex.cc;5777;0.059997;0.059997;0.0;0.0
sql_type.cc;35;0.059997;0.059997;0.0;0.0
errno-loc.c;27;0.059997;0.059997;0.0;0.0
sql_base.cc;4483;0.059996;0.059996;0.0;0.0
net_serv.cc;726;0.059996;0.059996;0.0;0.0
mysql_thread.h;752;0.059996;0.059996;0.0;0.0
malloc.c;3039;0.059990;0.059990;0.0;0.0
records.cc;348;0.059001;0.059001;0.0;0.0
mach0data.inl;141;0.059000;0.059000;0.0;0.0
sql_string.h;138;0.059000;0.059000;0.0;0.0
rem0rec.inl;659;0.058999;0.058999;0.0;0.0
handler.cc;8038;0.058999;0.058999;0.0;0.0
page0cur.cc;169;0.058998;0.058998;0.0;0.0
sql_class.cc;6992;0.058997;0.058997;0.0;0.0
ha_innodb.cc;15094;0.058996;0.058996;0.0;0.0
sql_class.cc;4907;0.058996;0.058996;0.0;0.0
row0sel.cc;2737;0.058995;0.058995;0.0;0.0
srw_lock.h;269;0.057999;0.057999;0.0;0.0
opt_trace_context.h;108;0.057998;0.057998;0.0;0.0
handler.cc;6449;0.052002;0.052002;0.0;0.0
btr0cur.h;716;0.051999;0.051999;0.0;0.0
sql_lex.h;1657;0.051002;0.051002;0.0;0.0
sql_update.cc;3287;0.051002;0.051002;0.0;0.0
field.h;2664;0.051001;0.051001;0.0;0.0
ha_innodb.cc;16675;0.051001;0.051001;0.0;0.0
rem0rec.cc;745;0.051001;0.051001;0.0;0.0
psi_noop.c;852;0.051000;0.051000;0.0;0.0
page0cur.cc;462;0.050999;0.050999;0.0;0.0
sql_base.cc;5806;0.050999;0.050999;0.0;0.0
sql_update.cc;1350;0.050999;0.050999;0.0;0.0
btr0cur.cc;2843;0.050998;0.050998;0.0;0.0
sql_explain.cc;71;0.050014;0.050014;0.0;0.0
ha_innodb.cc;7463;0.050008;0.050008;0.0;0.0
sql_prepare.cc;811;0.050003;0.050003;0.0;0.0
my_alloc.c;314;0.050003;0.050003;0.0;0.0
trx0rec.cc;1238;0.050002;0.050002;0.0;0.0
sql_select.cc;17460;0.050002;0.050002;0.0;0.0
dict0mem.h;1467;0.050002;0.050002;0.0;0.0
item_func.cc;157;0.050002;0.050002;0.0;0.0
item_cmpfunc.h;596;0.050002;0.050002;0.0;0.0
item.h;4764;0.050002;0.050002;0.0;0.0
sql_acl.cc;10313;0.050001;0.050001;0.0;0.0
sql_oracle_outer_join.cc;749;0.050001;0.050001;0.0;0.0
handler.cc;7479;0.050001;0.050001;0.0;0.0
sql_lex.h;1916;0.050001;0.050001;0.0;0.0
handler.cc;8000;0.050001;0.050001;0.0;0.0
sql_type.h;4266;0.050001;0.050001;0.0;0.0
trx0rec.cc;65;0.050001;0.050001;0.0;0.0
field.cc;4611;0.050001;0.050001;0.0;0.0
srw_lock.cc;399;0.050001;0.050001;0.0;0.0
mtr0mtr.cc;1739;0.050001;0.050001;0.0;0.0
small_vector.h;42;0.050001;0.050001;0.0;0.0
sql_class.h;4931;0.050001;0.050001;0.0;0.0
memmove-vec-unaligned-erms.S;367;0.050001;0.050001;0.0;0.0
page0cur.cc;232;0.050001;0.050001;0.0;0.0
mdl.cc;1352;0.050001;0.050001;0.0;0.0
net_serv.cc;387;0.050001;0.050001;0.0;0.0
sql_select.cc;21541;0.050001;0.050001;0.0;0.0
data0data.inl;156;0.050001;0.050001;0.0;0.0
page0cur.cc;580;0.050001;0.050001;0.0;0.0
srw_lock.h;254;0.050000;0.050000;0.0;0.0
sql_select.cc;2811;0.050000;0.050000;0.0;0.0
mdl.cc;3581;0.050000;0.050000;0.0;0.0
sql_audit.cc;136;0.050000;0.050000;0.0;0.0
handler.cc;3850;0.050000;0.050000;0.0;0.0
trx0undo.cc;1407;0.050000;0.050000;0.0;0.0
item_cmpfunc.cc;104;0.050000;0.050000;0.0;0.0
protocol.cc;1052;0.050000;0.050000;0.0;0.0
handler.h;2151;0.050000;0.050000;0.0;0.0
sql_bitmap.h;216;0.050000;0.050000;0.0;0.0
sql_select.cc;5652;0.050000;0.050000;0.0;0.0
sql_class.cc;2326;0.050000;0.050000;0.0;0.0
data0data.inl;95;0.050000;0.050000;0.0;0.0
array.c;50;0.050000;0.050000;0.0;0.0
sql_prepare.cc;978;0.050000;0.050000;0.0;0.0
mtr0mtr.cc;347;0.050000;0.050000;0.0;0.0
sql_select.cc;34969;0.050000;0.050000;0.0;0.0
table.h;2377;0.050000;0.050000;0.0;0.0
memmove-vec-unaligned-erms.S;366;0.050000;0.050000;0.0;0.0
my_alloc.c;312;0.050000;0.050000;0.0;0.0
item.cc;3769;0.050000;0.050000;0.0;0.0
malloc.c;4243;0.050000;0.050000;0.0;0.0
memmove-vec-unaligned-erms.S;489;0.050000;0.050000;0.0;0.0
page0cur.cc;681;0.050000;0.050000;0.0;0.0
pthread_mutex_backoff.h;36;0.050000;0.050000;0.0;0.0
rem0rec.cc;920;0.050000;0.050000;0.0;0.0
rem0rec.inl;633;0.050000;0.050000;0.0;0.0
sql_base.cc;8249;0.050000;0.050000;0.0;0.0
sql_class.cc;1240;0.050000;0.050000;0.0;0.0
sql_explain.cc;3046;0.050000;0.050000;0.0;0.0
sql_parse.cc;3767;0.050000;0.050000;0.0;0.0
sql_prepare.cc;5430;0.050000;0.050000;0.0;0.0
sql_select.cc;25337;0.050000;0.050000;0.0;0.0
sql_select.cc;1896;0.050000;0.050000;0.0;0.0
viosocket.c;157;0.050000;0.050000;0.0;0.0
mtr0log.h;49;0.050000;0.050000;0.0;0.0
item_func.cc;445;0.050000;0.050000;0.0;0.0
table.cc;4972;0.050000;0.050000;0.0;0.0
item.cc;11799;0.050000;0.050000;0.0;0.0
buf0types.h;96;0.050000;0.050000;0.0;0.0
item_func.cc;566;0.050000;0.050000;0.0;0.0
row0upd.cc;2687;0.050000;0.050000;0.0;0.0
opt_vcol_substitution.cc;127;0.050000;0.050000;0.0;0.0
malloc.c;4340;0.050000;0.050000;0.0;0.0
sql_type.h;4174;0.050000;0.050000;0.0;0.0
item.h;4629;0.050000;0.050000;0.0;0.0
ha_innodb.cc;8979;0.050000;0.050000;0.0;0.0
page0cur.cc;276;0.050000;0.050000;0.0;0.0
ha_innodb.cc;2716;0.050000;0.050000;0.0;0.0
sql_type.cc;1794;0.050000;0.050000;0.0;0.0
field.h;923;0.050000;0.050000;0.0;0.0
opt_range.cc;2834;0.050000;0.050000;0.0;0.0
sql_base.cc;9839;0.050000;0.050000;0.0;0.0
my_alloc.c;312;0.050000;0.050000;0.0;0.0
item.h;1995;0.050000;0.050000;0.0;0.0
table_cache.cc;448;0.050000;0.050000;0.0;0.0
malloc.c;4218;0.050000;0.050000;0.0;0.0
item.cc;6644;0.049999;0.049999;0.0;0.0
ha_innodb.cc;7872;0.049999;0.049999;0.0;0.0
sql_class.cc;4543;0.049999;0.049999;0.0;0.0
records.cc;396;0.049999;0.049999;0.0;0.0
sql_select.cc;16215;0.049999;0.049999;0.0;0.0
page0cur.cc;1820;0.049999;0.049999;0.0;0.0
buf0buf.cc;2790;0.049999;0.049999;0.0;0.0
sql_error.h;659;0.049999;0.049999;0.0;0.0
buf0flu.cc;85;0.049999;0.049999;0.0;0.0
sql_parse.cc;7380;0.049999;0.049999;0.0;0.0
rem0rec.cc;676;0.049999;0.049999;0.0;0.0
sql_list.h;435;0.049999;0.049999;0.0;0.0
item.h;1271;0.049999;0.049999;0.0;0.0
sql_parse.cc;9754;0.049999;0.049999;0.0;0.0
rem0cmp.cc;346;0.049999;0.049999;0.0;0.0
sql_class.h;3513;0.049999;0.049999;0.0;0.0
item_func.cc;362;0.049999;0.049999;0.0;0.0
pthread_mutex_lock.c;142;0.049999;0.049999;0.0;0.0
item.h;1289;0.049999;0.049999;0.0;0.0
table.cc;8922;0.049999;0.049999;0.0;0.0
item_cmpfunc.cc;7604;0.049999;0.049999;0.0;0.0
cleanup_compat.c;40;0.049999;0.049999;0.0;0.0
mtr0mtr.cc;186;0.049999;0.049999;0.0;0.0
my_json_writer.h;469;0.049999;0.049999;0.0;0.0
sql_update.cc;3249;0.049999;0.049999;0.0;0.0
my_alloc.c;110;0.049999;0.049999;0.0;0.0
lf_hash.cc;504;0.049999;0.049999;0.0;0.0
sql_base.cc;9808;0.049999;0.049999;0.0;0.0
sql_prepare.cc;3277;0.049999;0.049999;0.0;0.0
field.cc;2620;0.049999;0.049999;0.0;0.0
item.h;2039;0.049999;0.049999;0.0;0.0
row0sel.cc;2802;0.049998;0.049998;0.0;0.0
sql_update.cc;1287;0.049998;0.049998;0.0;0.0
ha_innodb.cc;16447;0.049998;0.049998;0.0;0.0
lf_alloc-pin.c;299;0.049998;0.049998;0.0;0.0
sql_parse.cc;1688;0.049998;0.049998;0.0;0.0
page0cur.cc;227;0.049998;0.049998;0.0;0.0
row0ins.cc;3209;0.049998;0.049998;0.0;0.0
sql_base.cc;5251;0.049998;0.049998;0.0;0.0
sql_select.cc;21623;0.049998;0.049998;0.0;0.0
sql_update.cc;2402;0.049998;0.049998;0.0;0.0
ctype.c;900;0.049998;0.049998;0.0;0.0
mdl.cc;3101;0.049998;0.049998;0.0;0.0
btr0cur.cc;1110;0.049998;0.049998;0.0;0.0
sql_analyze_stmt.h;81;0.049998;0.049998;0.0;0.0
ha_innodb.cc;2706;0.049997;0.049997;0.0;0.0
row0upd.cc;2813;0.049997;0.049997;0.0;0.0
lf_hash.cc;540;0.049997;0.049997;0.0;0.0
sql_select.cc;5442;0.049996;0.049996;0.0;0.0
table.cc;8928;0.049995;0.049995;0.0;0.0
sql_parse.cc;3759;0.049993;0.049993;0.0;0.0
item.cc;4931;0.049986;0.049986;0.0;0.0
buf0types.h;142;0.049001;0.049001;0.0;0.0
row0mysql.cc;384;0.049001;0.049001;0.0;0.0
multi_range_read.cc;196;0.049001;0.049001;0.0;0.0
mtr0mtr.cc;418;0.049001;0.049001;0.0;0.0
sql_lex.cc;4510;0.049001;0.049001;0.0;0.0
sql_select.cc;1764;0.049000;0.049000;0.0;0.0
poll.c;29;0.049000;0.049000;0.0;0.0
sql_statistics.cc;3204;0.049000;0.049000;0.0;0.0
sql_base.cc;835;0.048999;0.048999;0.0;0.0
ha_innodb.cc;7371;0.048999;0.048999;0.0;0.0
ha_innodb.cc;8982;0.048999;0.048999;0.0;0.0
sql_select.cc;13863;0.048999;0.048999;0.0;0.0
net_serv.cc;730;0.048998;0.048998;0.0;0.0
field.cc;2626;0.048998;0.048998;0.0;0.0
sql_list.h;154;0.048998;0.048998;0.0;0.0
lf_hash.cc;326;0.048997;0.048997;0.0;0.0
sql_explain.cc;162;0.048997;0.048997;0.0;0.0
my_bit.h;161;0.048996;0.048996;0.0;0.0
viosocket.c;264;0.043000;0.043000;0.0;0.0
page0page.cc;1200;0.042001;0.042001;0.0;0.0
item_cmpfunc.cc;687;0.041999;0.041999;0.0;0.0
page0cur.cc;924;0.041999;0.041999;0.0;0.0
item_cmpfunc.cc;7432;0.041998;0.041998;0.0;0.0
net_serv.cc;395;0.041997;0.041997;0.0;0.0
dict0dict.cc;2230;0.041003;0.041003;0.0;0.0
my_alloc.c;311;0.041002;0.041002;0.0;0.0
malloc.c;3034;0.041001;0.041001;0.0;0.0
sql_parse.cc;9777;0.041001;0.041001;0.0;0.0
sql_select.cc;5240;0.041001;0.041001;0.0;0.0
sql_select.cc;2765;0.041001;0.041001;0.0;0.0
opt_context_store_replay.cc;2389;0.041001;0.041001;0.0;0.0
malloc.c;3350;0.041000;0.041000;0.0;0.0
sql_explain.cc;82;0.041000;0.041000;0.0;0.0
page0cur.cc;918;0.041000;0.041000;0.0;0.0
sql_statistics.cc;3268;0.041000;0.041000;0.0;0.0
field.h;1547;0.041000;0.041000;0.0;0.0
lf_hash.cc;499;0.040999;0.040999;0.0;0.0
ctype.c;888;0.040999;0.040999;0.0;0.0
sql_base.cc;6653;0.040999;0.040999;0.0;0.0
sql_class.cc;8954;0.040999;0.040999;0.0;0.0
rem0rec.cc;1971;0.040999;0.040999;0.0;0.0
item.h;1151;0.040998;0.040998;0.0;0.0
memmove-vec-unaligned-erms.S;311;0.040997;0.040997;0.0;0.0
sql_class.cc;8971;0.040997;0.040997;0.0;0.0
sql_lex.cc;5916;0.040003;0.040003;0.0;0.0
crc32c_amd64.cc;147;0.040002;0.040002;0.0;0.0
sql_parse.cc;6069;0.040002;0.040002;0.0;0.0
sql_analyze_stmt.h;102;0.040002;0.040002;0.0;0.0
mdl.cc;2619;0.040002;0.040002;0.0;0.0
my_bitmap.h;116;0.040002;0.040002;0.0;0.0
crc32c_amd64.cc;144;0.040002;0.040002;0.0;0.0
sql_class.cc;4897;0.040002;0.040002;0.0;0.0
handler.cc;9745;0.040002;0.040002;0.0;0.0
sql_update.cc;3074;0.040002;0.040002;0.0;0.0
ha_innodb.cc;7756;0.040001;0.040001;0.0;0.0
sql_prepare.cc;4863;0.040001;0.040001;0.0;0.0
page0cur.cc;645;0.040001;0.040001;0.0;0.0
ha_innodb.cc;7513;0.040001;0.040001;0.0;0.0
sql_base.cc;9116;0.040001;0.040001;0.0;0.0
row0sel.cc;5022;0.040001;0.040001;0.0;0.0
rem0rec.cc;1212;0.040001;0.040001;0.0;0.0
opt_range.cc;10434;0.040001;0.040001;0.0;0.0
sql_select.cc;31088;0.040001;0.040001;0.0;0.0
send.c;28;0.040001;0.040001;0.0;0.0
sql_update.cc;356;0.040001;0.040001;0.0;0.0
item_cmpfunc.h;858;0.040001;0.040001;0.0;0.0
row0row.cc;514;0.040001;0.040001;0.0;0.0
opt_range.cc;9432;0.040001;0.040001;0.0;0.0
lock.cc;403;0.040001;0.040001;0.0;0.0
sql_base.cc;1308;0.040001;0.040001;0.0;0.0
sql_prepare.cc;3211;0.040001;0.040001;0.0;0.0
handler.cc;4165;0.040001;0.040001;0.0;0.0
btr0cur.cc;2886;0.040001;0.040001;0.0;0.0
multi_range_read.cc;1730;0.040001;0.040001;0.0;0.0
mdl.cc;2550;0.040001;0.040001;0.0;0.0
sql_select.cc;4838;0.040001;0.040001;0.0;0.0
sql_select.cc;5916;0.040001;0.040001;0.0;0.0
item_func.cc;147;0.040001;0.040001;0.0;0.0
sql_delete.cc;116;0.040001;0.040001;0.0;0.0
rem0cmp.cc;327;0.040001;0.040001;0.0;0.0
errno-loc.c;25;0.040001;0.040001;0.0;0.0
row0sel.cc;4751;0.040001;0.040001;0.0;0.0
table.cc;10083;0.040001;0.040001;0.0;0.0
page0cur.cc;875;0.040001;0.040001;0.0;0.0
sql_lex.cc;6336;0.040001;0.040001;0.0;0.0
sql_base.cc;1722;0.040001;0.040001;0.0;0.0
structs.h;531;0.040001;0.040001;0.0;0.0
privilege.h;798;0.040001;0.040001;0.0;0.0
rem0rec.inl;659;0.040000;0.040000;0.0;0.0
data0data.inl;93;0.040000;0.040000;0.0;0.0
sql_select.cc;12727;0.040000;0.040000;0.0;0.0
sql_error.h;1063;0.040000;0.040000;0.0;0.0
mtr0mtr.cc;1726;0.040000;0.040000;0.0;0.0
sql_explain.cc;179;0.040000;0.040000;0.0;0.0
item.h;6161;0.040000;0.040000;0.0;0.0
memmove-vec-unaligned-erms.S;308;0.040000;0.040000;0.0;0.0
field.h;1196;0.040000;0.040000;0.0;0.0
row0sel.cc;2956;0.040000;0.040000;0.0;0.0
field.h;1316;0.040000;0.040000;0.0;0.0
field.cc;4665;0.040000;0.040000;0.0;0.0
sql_select.cc;17050;0.040000;0.040000;0.0;0.0
ha_innodb.cc;15182;0.040000;0.040000;0.0;0.0
sql_union.cc;2948;0.040000;0.040000;0.0;0.0
sql_base.cc;3160;0.040000;0.040000;0.0;0.0
sql_select.cc;25162;0.040000;0.040000;0.0;0.0
sql_update.cc;1676;0.040000;0.040000;0.0;0.0
sql_prepare.cc;4698;0.040000;0.040000;0.0;0.0
page0page.h;782;0.040000;0.040000;0.0;0.0
sql_prepare.cc;3217;0.040000;0.040000;0.0;0.0
field.cc;11804;0.040000;0.040000;0.0;0.0
sql_analyze_stmt.cc;110;0.040000;0.040000;0.0;0.0
item_func.h;214;0.040000;0.040000;0.0;0.0
dict0dict.cc;3885;0.040000;0.040000;0.0;0.0
sql_select.cc;2870;0.040000;0.040000;0.0;0.0
field.h;2676;0.040000;0.040000;0.0;0.0
lock.cc;836;0.040000;0.040000;0.0;0.0
memmove-vec-unaligned-erms.S;306;0.040000;0.040000;0.0;0.0
mysqld.cc;1267;0.040000;0.040000;0.0;0.0
sql_class.cc;462;0.040000;0.040000;0.0;0.0
array.c;249;0.040000;0.040000;0.0;0.0
btr0sea.cc;1499;0.040000;0.040000;0.0;0.0
errno-loc.c;26;0.040000;0.040000;0.0;0.0
field.cc;11421;0.040000;0.040000;0.0;0.0
field.h;2901;0.040000;0.040000;0.0;0.0
ha_innodb.cc;9229;0.040000;0.040000;0.0;0.0
ha_innodb.cc;7478;0.040000;0.040000;0.0;0.0
ha_innodb.cc;8755;0.040000;0.040000;0.0;0.0
handler.cc;9746;0.040000;0.040000;0.0;0.0
handler.cc;6521;0.040000;0.040000;0.0;0.0
item_cmpfunc.cc;433;0.040000;0.040000;0.0;0.0
malloc.c;4032;0.040000;0.040000;0.0;0.0
mem0mem.inl;167;0.040000;0.040000;0.0;0.0
mtr0mtr.cc;582;0.040000;0.040000;0.0;0.0
multi_range_read.cc;546;0.040000;0.040000;0.0;0.0
my_alloc.c;335;0.040000;0.040000;0.0;0.0
mysqld.cc;1258;0.040000;0.040000;0.0;0.0
mysqld.cc;1238;0.040000;0.040000;0.0;0.0
opt_range.cc;4189;0.040000;0.040000;0.0;0.0
opt_range_mrr.cc;81;0.040000;0.040000;0.0;0.0
os0file.cc;3201;0.040000;0.040000;0.0;0.0
page0cur.cc;889;0.040000;0.040000;0.0;0.0
privilege.h;799;0.040000;0.040000;0.0;0.0
pthread_mutex_lock.c;128;0.040000;0.040000;0.0;0.0
rem0cmp.cc;221;0.040000;0.040000;0.0;0.0
rem0cmp.cc;320;0.040000;0.040000;0.0;0.0
rem0rec.inl;251;0.040000;0.040000;0.0;0.0
row0sel.cc;5638;0.040000;0.040000;0.0;0.0
sql_analyze_stmt.h;80;0.040000;0.040000;0.0;0.0
sql_base.cc;5195;0.040000;0.040000;0.0;0.0
sql_class.cc;6433;0.040000;0.040000;0.0;0.0
sql_error.cc;368;0.040000;0.040000;0.0;0.0
sql_lex.cc;4802;0.040000;0.040000;0.0;0.0
sql_parse.cc;1183;0.040000;0.040000;0.0;0.0
sql_select.cc;3105;0.040000;0.040000;0.0;0.0
sql_select.cc;5881;0.040000;0.040000;0.0;0.0
sql_type.cc;1698;0.040000;0.040000;0.0;0.0
sql_update.cc;1848;0.040000;0.040000;0.0;0.0
structs.h;517;0.040000;0.040000;0.0;0.0
table_cache.cc;106;0.040000;0.040000;0.0;0.0
trx0rec.cc;963;0.040000;0.040000;0.0;0.0
trx0rec.cc;1162;0.040000;0.040000;0.0;0.0
trx0rseg.h;173;0.040000;0.040000;0.0;0.0
btr0cur.cc;3545;0.040000;0.040000;0.0;0.0
sql_string.h;259;0.040000;0.040000;0.0;0.0
mtr0mtr.cc;499;0.040000;0.040000;0.0;0.0
sql_connect.cc;1456;0.040000;0.040000;0.0;0.0
mtr0log.h;311;0.040000;0.040000;0.0;0.0
sql_class.h;5857;0.040000;0.040000;0.0;0.0
btr0cur.cc;2346;0.040000;0.040000;0.0;0.0
sql_explain.h;958;0.040000;0.040000;0.0;0.0
table.cc;7796;0.040000;0.040000;0.0;0.0
protocol.cc;561;0.040000;0.040000;0.0;0.0
rem0rec.cc;657;0.040000;0.040000;0.0;0.0
item_cmpfunc.cc;436;0.040000;0.040000;0.0;0.0
sql_class.h;5170;0.040000;0.040000;0.0;0.0
log0sync.cc;286;0.040000;0.040000;0.0;0.0
page0cur.cc;206;0.040000;0.040000;0.0;0.0
sql_parse.cc;1450;0.040000;0.040000;0.0;0.0
field.h;2306;0.040000;0.040000;0.0;0.0
row0sel.cc;4498;0.040000;0.040000;0.0;0.0
page0cur.cc;216;0.040000;0.040000;0.0;0.0
trx0trx.cc;2176;0.040000;0.040000;0.0;0.0
sql_plist.h;132;0.040000;0.040000;0.0;0.0
sql_update.cc;1764;0.039999;0.039999;0.0;0.0
item.h;4888;0.039999;0.039999;0.0;0.0
row0upd.cc;2339;0.039999;0.039999;0.0;0.0
item_cmpfunc.cc;7595;0.039999;0.039999;0.0;0.0
log0log.cc;1885;0.039999;0.039999;0.0;0.0
ha_innodb.cc;20818;0.039999;0.039999;0.0;0.0
item_cmpfunc.cc;7594;0.039999;0.039999;0.0;0.0
item_func.cc;541;0.039999;0.039999;0.0;0.0
row0sel.cc;2600;0.039999;0.039999;0.0;0.0
strlen-avx2.S;77;0.039999;0.039999;0.0;0.0
field.cc;104;0.039999;0.039999;0.0;0.0
memcmp-avx2-movbe.S;414;0.039999;0.039999;0.0;0.0
table.cc;4982;0.039999;0.039999;0.0;0.0
sql_cmd.h;171;0.039999;0.039999;0.0;0.0
btr0cur.cc;4278;0.039999;0.039999;0.0;0.0
item_cmpfunc.cc;1027;0.039999;0.039999;0.0;0.0
item.cc;11831;0.039999;0.039999;0.0;0.0
sql_delete.cc;2142;0.039999;0.039999;0.0;0.0
sql_select.cc;34831;0.039999;0.039999;0.0;0.0
sql_base.cc;8483;0.039999;0.039999;0.0;0.0
lock.cc;146;0.039999;0.039999;0.0;0.0
handler.cc;1849;0.039999;0.039999;0.0;0.0
page0cur.cc;161;0.039999;0.039999;0.0;0.0
item.h;1151;0.039999;0.039999;0.0;0.0
sql_prepare.cc;4863;0.039999;0.039999;0.0;0.0
sql_select.cc;31413;0.039999;0.039999;0.0;0.0
sql_update.cc;3342;0.039999;0.039999;0.0;0.0
mtr0log.h;86;0.039999;0.039999;0.0;0.0
sql_select.cc;5186;0.039999;0.039999;0.0;0.0
opt_vcol_substitution.cc;139;0.039999;0.039999;0.0;0.0
sql_delete.cc;207;0.039999;0.039999;0.0;0.0
page0page.h;780;0.039999;0.039999;0.0;0.0
sql_list.h;60;0.039999;0.039999;0.0;0.0
rem0rec.inl;984;0.039999;0.039999;0.0;0.0
page0cur.cc;941;0.039999;0.039999;0.0;0.0
lock0lock.cc;4666;0.039999;0.039999;0.0;0.0
sql_select.cc;4368;0.039999;0.039999;0.0;0.0
field.h;1516;0.039999;0.039999;0.0;0.0
table.cc;8984;0.039999;0.039999;0.0;0.0
opt_rewrite_remove_casefold.cc;93;0.039999;0.039999;0.0;0.0
my_bitmap.c;202;0.039999;0.039999;0.0;0.0
memmove-vec-unaligned-erms.S;272;0.039999;0.039999;0.0;0.0
sql_base.cc;5972;0.039999;0.039999;0.0;0.0
fil0fil.h;1389;0.039999;0.039999;0.0;0.0
sql_parse.cc;7406;0.039999;0.039999;0.0;0.0
row0sel.cc;3251;0.039999;0.039999;0.0;0.0
rem0cmp.cc;224;0.039999;0.039999;0.0;0.0
sql_class.cc;1052;0.039999;0.039999;0.0;0.0
sql_base.cc;8661;0.039999;0.039999;0.0;0.0
strmake.c;36;0.039999;0.039999;0.0;0.0
sql_audit.h;173;0.039999;0.039999;0.0;0.0
handler.cc;8493;0.039998;0.039998;0.0;0.0
ctype-unidata.h;129;0.039998;0.039998;0.0;0.0
sql_prepare.cc;3649;0.039998;0.039998;0.0;0.0
page0cur.cc;653;0.039998;0.039998;0.0;0.0
read0read.cc;234;0.039998;0.039998;0.0;0.0
opt_trace.cc;420;0.039998;0.039998;0.0;0.0
row0sel.cc;5723;0.039998;0.039998;0.0;0.0
dict0dict.inl;781;0.039998;0.039998;0.0;0.0
sql_parse.cc;2543;0.039998;0.039998;0.0;0.0
sql_parse.cc;4508;0.039998;0.039998;0.0;0.0
semisync_master.cc;762;0.039998;0.039998;0.0;0.0
mtr0log.h;410;0.039998;0.039998;0.0;0.0
sql_parse.cc;6253;0.039998;0.039998;0.0;0.0
transaction.cc;479;0.039998;0.039998;0.0;0.0
sql_class.cc;5654;0.039998;0.039998;0.0;0.0
crc32c_amd64.cc;188;0.039998;0.039998;0.0;0.0
page0cur.cc;1730;0.039998;0.039998;0.0;0.0
item.h;4543;0.039998;0.039998;0.0;0.0
btr0cur.cc;1157;0.039998;0.039998;0.0;0.0
data0data.h;582;0.039998;0.039998;0.0;0.0
row0sel.cc;3236;0.039998;0.039998;0.0;0.0
ha_innodb.cc;5247;0.039998;0.039998;0.0;0.0
strcoll.inl;234;0.039998;0.039998;0.0;0.0
malloc.c;3291;0.039997;0.039997;0.0;0.0
row0upd.cc;1871;0.039997;0.039997;0.0;0.0
sql_base.cc;4756;0.039997;0.039997;0.0;0.0
multi_range_read.cc;1458;0.039997;0.039997;0.0;0.0
item_func.cc;1209;0.039997;0.039997;0.0;0.0
lf_hash.cc;130;0.039997;0.039997;0.0;0.0
opt_subselect.cc;603;0.039997;0.039997;0.0;0.0
item_func.cc;533;0.039997;0.039997;0.0;0.0
sql_prepare.cc;3657;0.039997;0.039997;0.0;0.0
memcmp-avx2-movbe.S;444;0.039997;0.039997;0.0;0.0
sql_class.cc;1523;0.039997;0.039997;0.0;0.0
field.cc;986;0.039997;0.039997;0.0;0.0
lf_hash.cc;493;0.039997;0.039997;0.0;0.0
ha_innodb.cc;16774;0.039996;0.039996;0.0;0.0
row0row.cc;203;0.039996;0.039996;0.0;0.0
dict0dict.cc;443;0.039994;0.039994;0.0;0.0
sql_class.h;4278;0.039992;0.039992;0.0;0.0
row0upd.cc;1753;0.039003;0.039003;0.0;0.0
sql_class.cc;1503;0.039000;0.039000;0.0;0.0
dict0dict.inl;67;0.039000;0.039000;0.0;0.0
my_alloc.c;522;0.039000;0.039000;0.0;0.0
opt_range.cc;13673;0.039000;0.039000;0.0;0.0
sql_update.cc;3110;0.039000;0.039000;0.0;0.0
item.h;4720;0.038999;0.038999;0.0;0.0
rem0rec.inl;659;0.038999;0.038999;0.0;0.0
opt_split.cc;407;0.038999;0.038999;0.0;0.0
sql_prepare.cc;5364;0.038998;0.038998;0.0;0.0
row0sel.cc;4829;0.038998;0.038998;0.0;0.0
mem0mem.inl;187;0.038998;0.038998;0.0;0.0
ha_innodb.cc;7231;0.038998;0.038998;0.0;0.0
item_cmpfunc.cc;7690;0.038998;0.038998;0.0;0.0
btr0cur.cc;1476;0.038998;0.038998;0.0;0.0
sql_update.cc;1395;0.038998;0.038998;0.0;0.0
sql_select.cc;7331;0.038998;0.038998;0.0;0.0
ha_innodb.cc;15242;0.038997;0.038997;0.0;0.0
sql_select.cc;5153;0.038988;0.038988;0.0;0.0
sql_select.cc;21342;0.038001;0.038001;0.0;0.0
sql_lex.cc;5630;0.038000;0.038000;0.0;0.0
rem0rec.cc;1678;0.037999;0.037999;0.0;0.0
opt_trace.cc;63;0.037994;0.037994;0.0;0.0
item_cmpfunc.h;567;0.031999;0.031999;0.0;0.0
sql_parse.cc;3563;0.031004;0.031004;0.0;0.0
btr0cur.cc;1240;0.031002;0.031002;0.0;0.0
lock0lock.cc;4184;0.031002;0.031002;0.0;0.0
buf0buf.h;1446;0.031001;0.031001;0.0;0.0
sql_cte.cc;104;0.031001;0.031001;0.0;0.0
sql_list.h;154;0.031001;0.031001;0.0;0.0
opt_range.cc;13769;0.031001;0.031001;0.0;0.0
sql_select.cc;1696;0.031001;0.031001;0.0;0.0
item_cmpfunc.cc;794;0.031001;0.031001;0.0;0.0
array.c;102;0.031001;0.031001;0.0;0.0
memmove-vec-unaligned-erms.S;266;0.031001;0.031001;0.0;0.0
field.cc;2655;0.031000;0.031000;0.0;0.0
mf_qsort.c;217;0.031000;0.031000;0.0;0.0
rem0rec.cc;267;0.031000;0.031000;0.0;0.0
sql_class.h;3522;0.031000;0.031000;0.0;0.0
sql_base.cc;6967;0.031000;0.031000;0.0;0.0
sql_prepare.cc;5589;0.031000;0.031000;0.0;0.0
handler.cc;8075;0.031000;0.031000;0.0;0.0
ha_innodb.cc;2666;0.031000;0.031000;0.0;0.0
sql_delete.cc;109;0.031000;0.031000;0.0;0.0
item.cc;3771;0.031000;0.031000;0.0;0.0
sql_select.cc;18396;0.031000;0.031000;0.0;0.0
sql_parse.cc;6907;0.031000;0.031000;0.0;0.0
small_vector.h;107;0.031000;0.031000;0.0;0.0
opt_context_store_replay.cc;1641;0.031000;0.031000;0.0;0.0
sql_explain.cc;1483;0.031000;0.031000;0.0;0.0
sql_explain.cc;1505;0.031000;0.031000;0.0;0.0
pfs.cc;1369;0.031000;0.031000;0.0;0.0
opt_context_store_replay.cc;689;0.031000;0.031000;0.0;0.0
item_cmpfunc.h;852;0.030999;0.030999;0.0;0.0
sql_select.cc;7395;0.030999;0.030999;0.0;0.0
sql_prepare.cc;5505;0.030999;0.030999;0.0;0.0
my_alloc.c;521;0.030999;0.030999;0.0;0.0
sql_class.cc;4898;0.030999;0.030999;0.0;0.0
handler.cc;1443;0.030998;0.030998;0.0;0.0
memcmp-avx2-movbe.S;407;0.030998;0.030998;0.0;0.0
sql_type.cc;2238;0.030998;0.030998;0.0;0.0
multi_range_read.cc;625;0.030998;0.030998;0.0;0.0
sql_explain.h;217;0.030998;0.030998;0.0;0.0
opt_vcol_substitution.cc;330;0.030998;0.030998;0.0;0.0
ha_innodb.cc;5222;0.030997;0.030997;0.0;0.0
mysqld.cc;1242;0.030997;0.030997;0.0;0.0
trx0rec.cc;1177;0.030996;0.030996;0.0;0.0
item.h;4065;0.030996;0.030996;0.0;0.0
memmove-vec-unaligned-erms.S;491;0.030996;0.030996;0.0;0.0
row0upd.cc;1229;0.030992;0.030992;0.0;0.0
ctype-bin.c;91;0.030966;0.030966;0.0;0.0
ha_innodb.cc;4823;0.030007;0.030007;0.0;0.0
sql_array.h;38;0.030003;0.030003;0.0;0.0
sql_select.cc;34907;0.030002;0.030002;0.0;0.0
sql_prepare.cc;978;0.030002;0.030002;0.0;0.0
lock0lock.h;734;0.030002;0.030002;0.0;0.0
lock0lock.cc;1574;0.030002;0.030002;0.0;0.0
handler.h;3980;0.030002;0.030002;0.0;0.0
page0cur.inl;137;0.030002;0.030002;0.0;0.0
malloc.c;1600;0.030001;0.030001;0.0;0.0
mdl.cc;1056;0.030001;0.030001;0.0;0.0
field.h;4191;0.030001;0.030001;0.0;0.0
sql_class.cc;3450;0.030001;0.030001;0.0;0.0
page0cur.cc;508;0.030001;0.030001;0.0;0.0
ctype-unidata.h;130;0.030001;0.030001;0.0;0.0
row0sel.cc;3145;0.030001;0.030001;0.0;0.0
atomic_base.h;536;0.030001;0.030001;0.0;0.0
buf0buf.inl;51;0.030001;0.030001;0.0;0.0
trx0sys.h;910;0.030001;0.030001;0.0;0.0
sql_base.cc;9813;0.030001;0.030001;0.0;0.0
sql_update.cc;3076;0.030001;0.030001;0.0;0.0
sql_prepare.cc;423;0.030001;0.030001;0.0;0.0
sql_base.cc;8598;0.030001;0.030001;0.0;0.0
lock.cc;157;0.030001;0.030001;0.0;0.0
ilist.h;178;0.030001;0.030001;0.0;0.0
sql_base.h;674;0.030001;0.030001;0.0;0.0
sql_delete.cc;1039;0.030001;0.030001;0.0;0.0
field.h;925;0.030001;0.030001;0.0;0.0
dict0mem.h;613;0.030001;0.030001;0.0;0.0
sql_acl.cc;10155;0.030001;0.030001;0.0;0.0
sql_class.h;6425;0.030001;0.030001;0.0;0.0
ha_innodb.cc;5958;0.030001;0.030001;0.0;0.0
opt_range.cc;10462;0.030001;0.030001;0.0;0.0
btr0cur.cc;1259;0.030001;0.030001;0.0;0.0
table.cc;9940;0.030001;0.030001;0.0;0.0
rem0rec.cc;1896;0.030001;0.030001;0.0;0.0
ha_innodb.cc;7905;0.030001;0.030001;0.0;0.0
ha_innodb.cc;9037;0.030001;0.030001;0.0;0.0
sql_base.cc;9301;0.030001;0.030001;0.0;0.0
malloc.c;3353;0.030001;0.030001;0.0;0.0
sql_base.cc;5827;0.030001;0.030001;0.0;0.0
handler.h;4393;0.030001;0.030001;0.0;0.0
ha_innodb.cc;16263;0.030001;0.030001;0.0;0.0
item.h;4523;0.030001;0.030001;0.0;0.0
item_cmpfunc.cc;142;0.030001;0.030001;0.0;0.0
item_cmpfunc.h;3618;0.030001;0.030001;0.0;0.0
field.h;932;0.030001;0.030001;0.0;0.0
sql_class.cc;3428;0.030001;0.030001;0.0;0.0
mdl.cc;3728;0.030001;0.030001;0.0;0.0
sql_prepare.cc;3651;0.030001;0.030001;0.0;0.0
ctype-mb.c;333;0.030001;0.030001;0.0;0.0
mysql_statement.h;234;0.030001;0.030001;0.0;0.0
sql_explain.cc;51;0.030001;0.030001;0.0;0.0
net_serv.cc;1063;0.030001;0.030001;0.0;0.0
mdl.cc;1743;0.030001;0.030001;0.0;0.0
ha_innodb.cc;7441;0.030001;0.030001;0.0;0.0
sql_select.cc;18767;0.030001;0.030001;0.0;0.0
sql_select.cc;20576;0.030001;0.030001;0.0;0.0
multi_range_read.cc;1127;0.030001;0.030001;0.0;0.0
sql_list.h;295;0.030001;0.030001;0.0;0.0
memset-vec-unaligned-erms.S;236;0.030001;0.030001;0.0;0.0
page0cur.cc;865;0.030001;0.030001;0.0;0.0
field.cc;971;0.030001;0.030001;0.0;0.0
item.cc;7278;0.030001;0.030001;0.0;0.0
my_vsnprintf.c;646;0.030000;0.030000;0.0;0.0
dict0dict.cc;2175;0.030000;0.030000;0.0;0.0
trx0rec.cc;1930;0.030000;0.030000;0.0;0.0
opt_subselect.cc;5278;0.030000;0.030000;0.0;0.0
sql_class.cc;4302;0.030000;0.030000;0.0;0.0
sql_prepare.cc;3650;0.030000;0.030000;0.0;0.0
protocol.cc;373;0.030000;0.030000;0.0;0.0
sql_parse.cc;1348;0.030000;0.030000;0.0;0.0
handler.cc;5731;0.030000;0.030000;0.0;0.0
mtr0log.h;119;0.030000;0.030000;0.0;0.0
btr0cur.cc;2414;0.030000;0.030000;0.0;0.0
memset-vec-unaligned-erms.S;198;0.030000;0.030000;0.0;0.0
sql_select.cc;1207;0.030000;0.030000;0.0;0.0
malloc.c;1604;0.030000;0.030000;0.0;0.0
array.c;61;0.030000;0.030000;0.0;0.0
records.cc;351;0.030000;0.030000;0.0;0.0
ha_innodb.cc;16657;0.030000;0.030000;0.0;0.0
malloc.c;3261;0.030000;0.030000;0.0;0.0
mach0data.inl;218;0.030000;0.030000;0.0;0.0
my_alloc.c;333;0.030000;0.030000;0.0;0.0
sql_plist.h;98;0.030000;0.030000;0.0;0.0
sql_parse.cc;3777;0.030000;0.030000;0.0;0.0
opt_trace.cc;62;0.030000;0.030000;0.0;0.0
ut0new.h;757;0.030000;0.030000;0.0;0.0
sql_class.cc;4453;0.030000;0.030000;0.0;0.0
sql_select.cc;2457;0.030000;0.030000;0.0;0.0
ia32intrin.h;114;0.030000;0.030000;0.0;0.0
lock0priv.inl;204;0.030000;0.030000;0.0;0.0
handler.h;2224;0.030000;0.030000;0.0;0.0
stl_tree.h;2737;0.030000;0.030000;0.0;0.0
sql_update.cc;861;0.030000;0.030000;0.0;0.0
item.cc;11802;0.030000;0.030000;0.0;0.0
sql_select.cc;21342;0.030000;0.030000;0.0;0.0
item.h;2208;0.030000;0.030000;0.0;0.0
array.c;345;0.030000;0.030000;0.0;0.0
table.cc;8024;0.030000;0.030000;0.0;0.0
sql_explain.cc;193;0.030000;0.030000;0.0;0.0
lock0priv.inl;212;0.030000;0.030000;0.0;0.0
my_vsnprintf.c;654;0.030000;0.030000;0.0;0.0
malloc.c;1592;0.030000;0.030000;0.0;0.0
sql_select.cc;31626;0.030000;0.030000;0.0;0.0
sql_select.cc;4871;0.030000;0.030000;0.0;0.0
net_serv.cc;1225;0.030000;0.030000;0.0;0.0
sql_select.cc;4948;0.030000;0.030000;0.0;0.0
sql_parse.cc;7405;0.030000;0.030000;0.0;0.0
field.h;2364;0.030000;0.030000;0.0;0.0
array.c;340;0.030000;0.030000;0.0;0.0
btr0cur.cc;3109;0.030000;0.030000;0.0;0.0
btr0pcur.cc;172;0.030000;0.030000;0.0;0.0
buf0buf.cc;2686;0.030000;0.030000;0.0;0.0
data0data.inl;217;0.030000;0.030000;0.0;0.0
dict0dict.cc;994;0.030000;0.030000;0.0;0.0
dict0dict.inl;167;0.030000;0.030000;0.0;0.0
dict0dict.inl;67;0.030000;0.030000;0.0;0.0
field.cc;7555;0.030000;0.030000;0.0;0.0
field.h;1547;0.030000;0.030000;0.0;0.0
ha_innodb.cc;8241;0.030000;0.030000;0.0;0.0
ha_innodb.cc;8565;0.030000;0.030000;0.0;0.0
ha_innodb.cc;2709;0.030000;0.030000;0.0;0.0
handler.cc;1716;0.030000;0.030000;0.0;0.0
handler.cc;8259;0.030000;0.030000;0.0;0.0
handler.cc;7981;0.030000;0.030000;0.0;0.0
handler.cc;3849;0.030000;0.030000;0.0;0.0
handler.h;5346;0.030000;0.030000;0.0;0.0
hashtable_policy.h;889;0.030000;0.030000;0.0;0.0
item.cc;4859;0.030000;0.030000;0.0;0.0
item.cc;735;0.030000;0.030000;0.0;0.0
item.cc;441;0.030000;0.030000;0.0;0.0
item.h;3187;0.030000;0.030000;0.0;0.0
item.h;2593;0.030000;0.030000;0.0;0.0
item.h;4897;0.030000;0.030000;0.0;0.0
item.h;2039;0.030000;0.030000;0.0;0.0
item_func.cc;860;0.030000;0.030000;0.0;0.0
item_func.h;162;0.030000;0.030000;0.0;0.0
lf_hash.cc;305;0.030000;0.030000;0.0;0.0
lf_hash.cc;111;0.030000;0.030000;0.0;0.0
lock0lock.cc;6632;0.030000;0.030000;0.0;0.0
lock0lock.cc;4175;0.030000;0.030000;0.0;0.0
log.cc;9204;0.030000;0.030000;0.0;0.0
malloc.c;3289;0.030000;0.030000;0.0;0.0
malloc.c;3276;0.030000;0.030000;0.0;0.0
mdl.cc;2911;0.030000;0.030000;0.0;0.0
mdl.cc;3532;0.030000;0.030000;0.0;0.0
mdl.h;357;0.030000;0.030000;0.0;0.0
memcmp-avx2-movbe.S;463;0.030000;0.030000;0.0;0.0
memmove-vec-unaligned-erms.S;401;0.030000;0.030000;0.0;0.0
memmove-vec-unaligned-erms.S;271;0.030000;0.030000;0.0;0.0
memset-vec-unaligned-erms.S;266;0.030000;0.030000;0.0;0.0
multi_range_read.cc;187;0.030000;0.030000;0.0;0.0
multi_range_read.cc;80;0.030000;0.030000;0.0;0.0
multi_range_read.cc;526;0.030000;0.030000;0.0;0.0
my_malloc.c;95;0.030000;0.030000;0.0;0.0
my_vsnprintf.c;634;0.030000;0.030000;0.0;0.0
mysql_statement.h;172;0.030000;0.030000;0.0;0.0
net_serv.cc;933;0.030000;0.030000;0.0;0.0
opt_context_store_replay.cc;2392;0.030000;0.030000;0.0;0.0
opt_context_store_replay.cc;2390;0.030000;0.030000;0.0;0.0
opt_context_store_replay.cc;1651;0.030000;0.030000;0.0;0.0
opt_hints.cc;1310;0.030000;0.030000;0.0;0.0
opt_hints.cc;1814;0.030000;0.030000;0.0;0.0
opt_range.cc;3193;0.030000;0.030000;0.0;0.0
opt_range.cc;9479;0.030000;0.030000;0.0;0.0
opt_range.cc;12580;0.030000;0.030000;0.0;0.0
opt_sargable_left.cc;131;0.030000;0.030000;0.0;0.0
opt_subselect.cc;5949;0.030000;0.030000;0.0;0.0
page0cur.cc;97;0.030000;0.030000;0.0;0.0
page0cur.cc;1823;0.030000;0.030000;0.0;0.0
page0cur.cc;244;0.030000;0.030000;0.0;0.0
page0cur.cc;923;0.030000;0.030000;0.0;0.0
protocol.cc;1204;0.030000;0.030000;0.0;0.0
protocol.cc;1350;0.030000;0.030000;0.0;0.0
psi_noop.c;509;0.030000;0.030000;0.0;0.0
psi_noop.c;849;0.030000;0.030000;0.0;0.0
pthread_mutex_lock.c;132;0.030000;0.030000;0.0;0.0
pthread_mutex_lock.c;142;0.030000;0.030000;0.0;0.0
pthread_mutex_trylock.c;67;0.030000;0.030000;0.0;0.0
pthread_mutex_trylock.c;47;0.030000;0.030000;0.0;0.0
pthread_mutex_unlock.c;358;0.030000;0.030000;0.0;0.0
records.cc;359;0.030000;0.030000;0.0;0.0
rem0rec.cc;709;0.030000;0.030000;0.0;0.0
rem0rec.cc;904;0.030000;0.030000;0.0;0.0
rem0rec.h;281;0.030000;0.030000;0.0;0.0
row0mysql.cc;570;0.030000;0.030000;0.0;0.0
row0purge.cc;1218;0.030000;0.030000;0.0;0.0
row0row.cc;303;0.030000;0.030000;0.0;0.0
row0sel.cc;3170;0.030000;0.030000;0.0;0.0
row0upd.cc;2609;0.030000;0.030000;0.0;0.0
sql_base.cc;9835;0.030000;0.030000;0.0;0.0
sql_base.cc;4371;0.030000;0.030000;0.0;0.0
sql_class.cc;3237;0.030000;0.030000;0.0;0.0
sql_class.h;5386;0.030000;0.030000;0.0;0.0
sql_cte.cc;1396;0.030000;0.030000;0.0;0.0
sql_error.cc;318;0.030000;0.030000;0.0;0.0
sql_parse.cc;7087;0.030000;0.030000;0.0;0.0
sql_prepare.cc;3333;0.030000;0.030000;0.0;0.0
sql_select.cc;29438;0.030000;0.030000;0.0;0.0
sql_select.cc;21617;0.030000;0.030000;0.0;0.0
sql_select.cc;4331;0.030000;0.030000;0.0;0.0
sql_select.cc;7941;0.030000;0.030000;0.0;0.0
sql_select.cc;13231;0.030000;0.030000;0.0;0.0
sql_select.cc;3086;0.030000;0.030000;0.0;0.0
sql_select.cc;1441;0.030000;0.030000;0.0;0.0
sql_select.cc;463;0.030000;0.030000;0.0;0.0
sql_select.cc;2496;0.030000;0.030000;0.0;0.0
sql_statistics.cc;3320;0.030000;0.030000;0.0;0.0
sql_type.cc;5943;0.030000;0.030000;0.0;0.0
srw_lock.h;295;0.030000;0.030000;0.0;0.0
sux_lock.h;452;0.030000;0.030000;0.0;0.0
table.cc;6047;0.030000;0.030000;0.0;0.0
table.cc;6044;0.030000;0.030000;0.0;0.0
table.cc;9283;0.030000;0.030000;0.0;0.0
thr_malloc.cc;63;0.030000;0.030000;0.0;0.0
thr_rwlock.c;206;0.030000;0.030000;0.0;0.0
transaction.cc;206;0.030000;0.030000;0.0;0.0
trx0rec.cc;513;0.030000;0.030000;0.0;0.0
trx0rec.cc;1534;0.030000;0.030000;0.0;0.0
ut0lst.h;347;0.030000;0.030000;0.0;0.0
ut0lst.h;166;0.030000;0.030000;0.0;0.0
viosocket.c;955;0.030000;0.030000;0.0;0.0
table.cc;11229;0.030000;0.030000;0.0;0.0
sql_class.cc;1009;0.030000;0.030000;0.0;0.0
item.h;4894;0.030000;0.030000;0.0;0.0
sql_acl.cc;10003;0.030000;0.030000;0.0;0.0
sql_class.cc;2528;0.030000;0.030000;0.0;0.0
sql_class.cc;1510;0.030000;0.030000;0.0;0.0
page0cur.cc;124;0.030000;0.030000;0.0;0.0
item.h;4626;0.030000;0.030000;0.0;0.0
row0sel.cc;5870;0.030000;0.030000;0.0;0.0
row0sel.cc;5621;0.030000;0.030000;0.0;0.0
item_cmpfunc.cc;554;0.030000;0.030000;0.0;0.0
field.h;1319;0.030000;0.030000;0.0;0.0
thr_lock.c;1157;0.030000;0.030000;0.0;0.0
dict0dict.cc;409;0.030000;0.030000;0.0;0.0
sql_parse.cc;3864;0.030000;0.030000;0.0;0.0
field.h;2700;0.030000;0.030000;0.0;0.0
item.cc;4781;0.030000;0.030000;0.0;0.0
rem0cmp.cc;367;0.030000;0.030000;0.0;0.0
sql_select.cc;31694;0.030000;0.030000;0.0;0.0
opt_range.cc;14228;0.030000;0.030000;0.0;0.0
item_cmpfunc.cc;1912;0.030000;0.030000;0.0;0.0
sql_parse.cc;7384;0.030000;0.030000;0.0;0.0
opt_range.cc;13751;0.030000;0.030000;0.0;0.0
mdl.cc;2613;0.030000;0.030000;0.0;0.0
strcoll.inl;303;0.030000;0.030000;0.0;0.0
sql_string.h;356;0.030000;0.030000;0.0;0.0
malloc.c;4280;0.030000;0.030000;0.0;0.0
opt_range.cc;7973;0.030000;0.030000;0.0;0.0
sql_select.cc;31095;0.030000;0.030000;0.0;0.0
mtr0mtr.cc;205;0.030000;0.030000;0.0;0.0
sql_class.h;6364;0.030000;0.030000;0.0;0.0
mysqld.cc;1226;0.030000;0.030000;0.0;0.0
sql_type.cc;1506;0.030000;0.030000;0.0;0.0
sql_base.cc;8361;0.030000;0.030000;0.0;0.0
sql_select.cc;1377;0.030000;0.030000;0.0;0.0
sql_lex.cc;5807;0.030000;0.030000;0.0;0.0
memcmp-avx2-movbe.S;415;0.029999;0.029999;0.0;0.0
item_cmpfunc.cc;417;0.029999;0.029999;0.0;0.0
my_alloc.c;690;0.029999;0.029999;0.0;0.0
memcmp-avx2-movbe.S;443;0.029999;0.029999;0.0;0.0
stl_map.h;410;0.029999;0.029999;0.0;0.0
ha_innodb.cc;4763;0.029999;0.029999;0.0;0.0
memmove-vec-unaligned-erms.S;323;0.029999;0.029999;0.0;0.0
multi_range_read.cc;1732;0.029999;0.029999;0.0;0.0
opt_range.cc;2315;0.029999;0.029999;0.0;0.0
sql_base.cc;2395;0.029999;0.029999;0.0;0.0
opt_range.h;1022;0.029999;0.029999;0.0;0.0
item_cmpfunc.cc;779;0.029999;0.029999;0.0;0.0
item.cc;6750;0.029999;0.029999;0.0;0.0
item_cmpfunc.cc;793;0.029999;0.029999;0.0;0.0
sql_prepare.cc;3255;0.029999;0.029999;0.0;0.0
sql_prepare.cc;419;0.029999;0.029999;0.0;0.0
item.cc;4422;0.029999;0.029999;0.0;0.0
item_cmpfunc.h;854;0.029999;0.029999;0.0;0.0
sql_view.cc;2112;0.029999;0.029999;0.0;0.0
table.h;2058;0.029999;0.029999;0.0;0.0
rem0rec.cc;635;0.029999;0.029999;0.0;0.0
opt_trace.cc;57;0.029999;0.029999;0.0;0.0
sql_bitmap.h;109;0.029999;0.029999;0.0;0.0
sql_class.cc;2554;0.029999;0.029999;0.0;0.0
rem0rec.inl;982;0.029999;0.029999;0.0;0.0
opt_range.cc;12825;0.029999;0.029999;0.0;0.0
sql_type.cc;9123;0.029999;0.029999;0.0;0.0
page0cur.cc;1520;0.029999;0.029999;0.0;0.0
sql_limit.h;54;0.029999;0.029999;0.0;0.0
sql_select.cc;1544;0.029999;0.029999;0.0;0.0
sql_select.cc;31090;0.029999;0.029999;0.0;0.0
sql_delete.cc;1372;0.029999;0.029999;0.0;0.0
malloc.c;3294;0.029999;0.029999;0.0;0.0
viosocket.c;980;0.029999;0.029999;0.0;0.0
multi_range_read.cc;1142;0.029999;0.029999;0.0;0.0
my_malloc.c;114;0.029999;0.029999;0.0;0.0
multi_range_read.cc;637;0.029999;0.029999;0.0;0.0
sql_cache.cc;1711;0.029999;0.029999;0.0;0.0
sql_select.cc;5134;0.029999;0.029999;0.0;0.0
sql_select.cc;1483;0.029999;0.029999;0.0;0.0
sql_parse.cc;6873;0.029999;0.029999;0.0;0.0
sql_select.cc;7911;0.029999;0.029999;0.0;0.0
sql_parse.cc;3500;0.029999;0.029999;0.0;0.0
sql_parse.cc;3477;0.029999;0.029999;0.0;0.0
lf_alloc-pin.c;458;0.029999;0.029999;0.0;0.0
sql_select.cc;31083;0.029999;0.029999;0.0;0.0
row0ins.cc;3842;0.029999;0.029999;0.0;0.0
sql_bitmap.h;168;0.029999;0.029999;0.0;0.0
sql_select.cc;2019;0.029999;0.029999;0.0;0.0
sql_base.cc;7008;0.029999;0.029999;0.0;0.0
ha_innodb.cc;7350;0.029999;0.029999;0.0;0.0
row0sel.cc;964;0.029999;0.029999;0.0;0.0
sql_base.cc;2435;0.029999;0.029999;0.0;0.0
sql_class.h;2040;0.029999;0.029999;0.0;0.0
mem0mem.inl;191;0.029999;0.029999;0.0;0.0
table.h;1194;0.029999;0.029999;0.0;0.0
multi_range_read.cc;86;0.029999;0.029999;0.0;0.0
sql_union.cc;2839;0.029999;0.029999;0.0;0.0
sql_class.cc;6179;0.029999;0.029999;0.0;0.0
my_alloc.c;677;0.029999;0.029999;0.0;0.0
sql_type.h;3390;0.029999;0.029999;0.0;0.0
sql_explain.cc;3040;0.029999;0.029999;0.0;0.0
sql_lex.cc;3812;0.029999;0.029999;0.0;0.0
lf_hash.cc;126;0.029999;0.029999;0.0;0.0
field.h;1404;0.029999;0.029999;0.0;0.0
my_malloc.c;204;0.029999;0.029999;0.0;0.0
m_string.h;315;0.029999;0.029999;0.0;0.0
my_malloc.c;206;0.029999;0.029999;0.0;0.0
sql_class.cc;6509;0.029999;0.029999;0.0;0.0
lock.cc;872;0.029999;0.029999;0.0;0.0
table.cc;8950;0.029998;0.029998;0.0;0.0
ha_innodb.cc;9337;0.029998;0.029998;0.0;0.0
row0sel.cc;5196;0.029998;0.029998;0.0;0.0
sql_select.cc;972;0.029998;0.029998;0.0;0.0
item_func.cc;873;0.029998;0.029998;0.0;0.0
hash.c;237;0.029998;0.029998;0.0;0.0
lf_alloc-pin.c;464;0.029998;0.029998;0.0;0.0
que0que.inl;37;0.029998;0.029998;0.0;0.0
sql_explain.h;214;0.029998;0.029998;0.0;0.0
sql_prepare.cc;3390;0.029998;0.029998;0.0;0.0
sql_parse.cc;1226;0.029998;0.029998;0.0;0.0
memmove-vec-unaligned-erms.S;368;0.029998;0.029998;0.0;0.0
ha_innodb.cc;20819;0.029998;0.029998;0.0;0.0
sql_base.cc;2157;0.029998;0.029998;0.0;0.0
lf_hash.cc;488;0.029998;0.029998;0.0;0.0
trx0rec.cc;1850;0.029998;0.029998;0.0;0.0
page0cur.cc;45;0.029998;0.029998;0.0;0.0
item.h;2857;0.029998;0.029998;0.0;0.0
malloc.c;3008;0.029998;0.029998;0.0;0.0
sql_lex.h;1452;0.029998;0.029998;0.0;0.0
item.h;2226;0.029998;0.029998;0.0;0.0
sql_base.cc;4719;0.029998;0.029998;0.0;0.0
sql_select.cc;1880;0.029998;0.029998;0.0;0.0
item.cc;1603;0.029998;0.029998;0.0;0.0
field.h;2902;0.029997;0.029997;0.0;0.0
memmove-vec-unaligned-erms.S;335;0.029997;0.029997;0.0;0.0
stl_tree.h;2754;0.029997;0.029997;0.0;0.0
sql_update.cc;2380;0.029997;0.029997;0.0;0.0
mtr0log.h;311;0.029997;0.029997;0.0;0.0
sql_delete.cc;176;0.029997;0.029997;0.0;0.0
ha_innodb.cc;7480;0.029997;0.029997;0.0;0.0
sql_statistics.cc;4146;0.029997;0.029997;0.0;0.0
row0mysql.cc;1270;0.029997;0.029997;0.0;0.0
sql_select.cc;1572;0.029997;0.029997;0.0;0.0
sql_class.cc;461;0.029996;0.029996;0.0;0.0
rem0rec.cc;332;0.029996;0.029996;0.0;0.0
handler.cc;7728;0.029996;0.029996;0.0;0.0
ha_innodb.cc;9147;0.029996;0.029996;0.0;0.0
sql_lex.cc;5009;0.029996;0.029996;0.0;0.0
sql_parse.cc;3864;0.029996;0.029996;0.0;0.0
sql_parse.cc;7384;0.029995;0.029995;0.0;0.0
table.cc;10486;0.029002;0.029002;0.0;0.0
ha_innodb.cc;8269;0.029000;0.029000;0.0;0.0
ha_innodb.cc;7706;0.029000;0.029000;0.0;0.0
memmove-vec-unaligned-erms.S;417;0.029000;0.029000;0.0;0.0
memmove-vec-unaligned-erms.S;262;0.029000;0.029000;0.0;0.0
row0sel.cc;5088;0.029000;0.029000;0.0;0.0
row0upd.cc;2775;0.029000;0.029000;0.0;0.0
protocol.cc;1036;0.029000;0.029000;0.0;0.0
my_vsnprintf.c;121;0.029000;0.029000;0.0;0.0
sql_select.cc;7597;0.029000;0.029000;0.0;0.0
sql_lex.h;1463;0.029000;0.029000;0.0;0.0
sql_select.cc;33116;0.029000;0.029000;0.0;0.0
item.h;1742;0.029000;0.029000;0.0;0.0
sql_parse.cc;937;0.029000;0.029000;0.0;0.0
item.cc;3602;0.029000;0.029000;0.0;0.0
sql_select.cc;17340;0.029000;0.029000;0.0;0.0
mtr0mtr.cc;556;0.028999;0.028999;0.0;0.0
arena.c;544;0.028999;0.028999;0.0;0.0
my_bitmap.c;193;0.028999;0.028999;0.0;0.0
rem0rec.cc;455;0.028999;0.028999;0.0;0.0
sql_type.cc;2165;0.028999;0.028999;0.0;0.0
item.h;832;0.028999;0.028999;0.0;0.0
item.cc;6629;0.028999;0.028999;0.0;0.0
page0cur.cc;508;0.028999;0.028999;0.0;0.0
ha_innodb.cc;2671;0.028999;0.028999;0.0;0.0
sql_base.cc;2451;0.028999;0.028999;0.0;0.0
table.cc;9952;0.028999;0.028999;0.0;0.0
sql_error.h;756;0.028998;0.028998;0.0;0.0
item.h;1251;0.028998;0.028998;0.0;0.0
item.h;2734;0.028998;0.028998;0.0;0.0
table.cc;9011;0.028998;0.028998;0.0;0.0
cleanup_compat.c;47;0.028997;0.028997;0.0;0.0
sql_parse.cc;5994;0.028000;0.028000;0.0;0.0
sql_prepare.cc;3401;0.022000;0.022000;0.0;0.0
item_func.cc;148;0.021001;0.021001;0.0;0.0
opt_range.cc;13016;0.021001;0.021001;0.0;0.0
buf0lru.cc;725;0.021001;0.021001;0.0;0.0
mysqld.cc;742;0.021001;0.021001;0.0;0.0
handler.cc;3880;0.021001;0.021001;0.0;0.0
handler.cc;8508;0.021001;0.021001;0.0;0.0
sql_base.cc;10213;0.021001;0.021001;0.0;0.0
btr0cur.cc;1228;0.021000;0.021000;0.0;0.0
row0upd.cc;2438;0.021000;0.021000;0.0;0.0
sql_update.cc;3359;0.021000;0.021000;0.0;0.0
sql_select.cc;1830;0.021000;0.021000;0.0;0.0
buf0buf.inl;56;0.021000;0.021000;0.0;0.0
row0ins.cc;3367;0.021000;0.021000;0.0;0.0
sql_insert.cc;1512;0.021000;0.021000;0.0;0.0
row0mysql.cc;74;0.021000;0.021000;0.0;0.0
lock.cc;781;0.021000;0.021000;0.0;0.0
opt_range.cc;9594;0.021000;0.021000;0.0;0.0
my_alloc.c;422;0.021000;0.021000;0.0;0.0
my_bitmap.c;197;0.020999;0.020999;0.0;0.0
sql_select.cc;34231;0.020999;0.020999;0.0;0.0
trx0undo.cc;1206;0.020999;0.020999;0.0;0.0
array.c;103;0.020998;0.020998;0.0;0.0
page0cur.cc;580;0.020998;0.020998;0.0;0.0
table.cc;3992;0.020997;0.020997;0.0;0.0
sql_update.cc;1704;0.020007;0.020007;0.0;0.0
mtr0mtr.cc;1221;0.020003;0.020003;0.0;0.0
row0row.cc;235;0.020003;0.020003;0.0;0.0
row0row.inl;126;0.020003;0.020003;0.0;0.0
table.cc;9943;0.020002;0.020002;0.0;0.0
sql_parse.cc;1142;0.020002;0.020002;0.0;0.0
my_malloc.c;220;0.020002;0.020002;0.0;0.0
sql_class.h;4868;0.020002;0.020002;0.0;0.0
mdl.cc;3545;0.020002;0.020002;0.0;0.0
row0sel.cc;5167;0.020002;0.020002;0.0;0.0
sql_base.cc;8608;0.020002;0.020002;0.0;0.0
row0mysql.cc;1744;0.020002;0.020002;0.0;0.0
opt_range.h;603;0.020002;0.020002;0.0;0.0
opt_range.cc;10459;0.020002;0.020002;0.0;0.0
opt_subselect.cc;4079;0.020002;0.020002;0.0;0.0
opt_hints.cc;1352;0.020001;0.020001;0.0;0.0
lf_hash.cc;125;0.020001;0.020001;0.0;0.0
memmove-vec-unaligned-erms.S;381;0.020001;0.020001;0.0;0.0
row0upd.cc;1810;0.020001;0.020001;0.0;0.0
field.h;1409;0.020001;0.020001;0.0;0.0
sql_prepare.cc;3330;0.020001;0.020001;0.0;0.0
item.cc;3605;0.020001;0.020001;0.0;0.0
sql_update.cc;3218;0.020001;0.020001;0.0;0.0
my_alloc.c;509;0.020001;0.020001;0.0;0.0
opt_range.cc;12962;0.020001;0.020001;0.0;0.0
malloc.c;3940;0.020001;0.020001;0.0;0.0
sql_lex.cc;5798;0.020001;0.020001;0.0;0.0
opt_range.cc;9450;0.020001;0.020001;0.0;0.0
page0cur.cc;437;0.020001;0.020001;0.0;0.0
sql_prepare.cc;4890;0.020001;0.020001;0.0;0.0
opt_subselect.cc;605;0.020001;0.020001;0.0;0.0
item.cc;6751;0.020001;0.020001;0.0;0.0
item.cc;584;0.020001;0.020001;0.0;0.0
table.cc;10373;0.020001;0.020001;0.0;0.0
row0mysql.cc;1750;0.020001;0.020001;0.0;0.0
sql_select.cc;1913;0.020001;0.020001;0.0;0.0
table.cc;5988;0.020001;0.020001;0.0;0.0
sql_update.cc;1464;0.020001;0.020001;0.0;0.0
mtr0mtr.h;243;0.020001;0.020001;0.0;0.0
sql_select.cc;21601;0.020001;0.020001;0.0;0.0
opt_range.cc;9456;0.020001;0.020001;0.0;0.0
item.h;4574;0.020001;0.020001;0.0;0.0
mem0mem.cc;333;0.020001;0.020001;0.0;0.0
field.h;1518;0.020001;0.020001;0.0;0.0
opt_range.cc;1339;0.020001;0.020001;0.0;0.0
sql_explain.cc;107;0.020001;0.020001;0.0;0.0
sql_select.cc;17308;0.020001;0.020001;0.0;0.0
sql_insert.cc;1250;0.020001;0.020001;0.0;0.0
page0page.h;358;0.020001;0.020001;0.0;0.0
item_cmpfunc.cc;7370;0.020001;0.020001;0.0;0.0
item.cc;642;0.020001;0.020001;0.0;0.0
sql_class.h;5904;0.020001;0.020001;0.0;0.0
sql_base.cc;9230;0.020001;0.020001;0.0;0.0
sql_update.cc;1010;0.020001;0.020001;0.0;0.0
table.cc;8219;0.020001;0.020001;0.0;0.0
sql_type.cc;1939;0.020001;0.020001;0.0;0.0
malloc.c;4417;0.020001;0.020001;0.0;0.0
cancellation.c;80;0.020001;0.020001;0.0;0.0
memcmp-avx2-movbe.S;448;0.020001;0.020001;0.0;0.0
sql_update.cc;93;0.020001;0.020001;0.0;0.0
rem0rec.cc;380;0.020001;0.020001;0.0;0.0
table.cc;9290;0.020001;0.020001;0.0;0.0
memmove-vec-unaligned-erms.S;263;0.020001;0.020001;0.0;0.0
opt_range.cc;3036;0.020001;0.020001;0.0;0.0
btr0cur.cc;2345;0.020001;0.020001;0.0;0.0
lock.cc;399;0.020001;0.020001;0.0;0.0
opt_range.cc;3028;0.020001;0.020001;0.0;0.0
sql_update.cc;523;0.020001;0.020001;0.0;0.0
row0ins.cc;3258;0.020001;0.020001;0.0;0.0
ha_innodb.cc;8871;0.020001;0.020001;0.0;0.0
dict0mem.h;2167;0.020001;0.020001;0.0;0.0
net_serv.cc;618;0.020001;0.020001;0.0;0.0
sql_insert.cc;745;0.020001;0.020001;0.0;0.0
item_func.h;1282;0.020001;0.020001;0.0;0.0
table.cc;9221;0.020001;0.020001;0.0;0.0
mtr0log.h;124;0.020001;0.020001;0.0;0.0
sql_select.cc;964;0.020001;0.020001;0.0;0.0
opt_range.cc;9471;0.020001;0.020001;0.0;0.0
item_cmpfunc.cc;398;0.020001;0.020001;0.0;0.0
sql_prepare.cc;3265;0.020001;0.020001;0.0;0.0
sql_select.cc;966;0.020001;0.020001;0.0;0.0
mysql_socket.h;304;0.020001;0.020001;0.0;0.0
item.h;768;0.020001;0.020001;0.0;0.0
sql_string.h;355;0.020001;0.020001;0.0;0.0
row0ins.cc;3208;0.020001;0.020001;0.0;0.0
sql_lex.cc;5138;0.020001;0.020001;0.0;0.0
page0page.h;229;0.020001;0.020001;0.0;0.0
sql_explain.h;91;0.020001;0.020001;0.0;0.0
row0sel.cc;5022;0.020001;0.020001;0.0;0.0
mtr0log.h;534;0.020001;0.020001;0.0;0.0
sql_parse.cc;7100;0.020001;0.020001;0.0;0.0
sql_select.cc;619;0.020001;0.020001;0.0;0.0
handler.cc;7985;0.020001;0.020001;0.0;0.0
sql_insert.cc;1917;0.020001;0.020001;0.0;0.0
btr0cur.cc;2558;0.020001;0.020001;0.0;0.0
mem_root_array.h;156;0.020001;0.020001;0.0;0.0
sql_lex.h;1764;0.020001;0.020001;0.0;0.0
item.h;6000;0.020001;0.020001;0.0;0.0
sql_select.cc;6170;0.020001;0.020001;0.0;0.0
sql_class.h;2037;0.020001;0.020001;0.0;0.0
sql_explain.cc;902;0.020001;0.020001;0.0;0.0
sql_parse.cc;5558;0.020001;0.020001;0.0;0.0
btr0cur.cc;1364;0.020001;0.020001;0.0;0.0
item.cc;589;0.020001;0.020001;0.0;0.0
trx0rec.cc;1877;0.020001;0.020001;0.0;0.0
sql_lex.cc;5668;0.020001;0.020001;0.0;0.0
item.h;2039;0.020001;0.020001;0.0;0.0
row0sel.cc;4440;0.020001;0.020001;0.0;0.0
sql_select.cc;19813;0.020001;0.020001;0.0;0.0
handler.h;3996;0.020001;0.020001;0.0;0.0
opt_range.cc;4191;0.020001;0.020001;0.0;0.0
lock.cc;912;0.020001;0.020001;0.0;0.0
handler.cc;1875;0.020001;0.020001;0.0;0.0
sql_base.cc;6609;0.020001;0.020001;0.0;0.0
my_getsystime.c;53;0.020001;0.020001;0.0;0.0
lf_hash.cc;147;0.020001;0.020001;0.0;0.0
opt_range.cc;3062;0.020001;0.020001;0.0;0.0
sql_array.h;276;0.020001;0.020001;0.0;0.0
item.h;2734;0.020001;0.020001;0.0;0.0
strings_def.h;84;0.020001;0.020001;0.0;0.0
item.cc;4754;0.020001;0.020001;0.0;0.0
sql_base.cc;4924;0.020001;0.020001;0.0;0.0
sql_prepare.cc;405;0.020001;0.020001;0.0;0.0
mtr0log.h;410;0.020001;0.020001;0.0;0.0
sql_type.cc;1810;0.020001;0.020001;0.0;0.0
ha_innodb.cc;7369;0.020001;0.020001;0.0;0.0
opt_range.cc;2993;0.020001;0.020001;0.0;0.0
my_vsnprintf.c;639;0.020001;0.020001;0.0;0.0
ctype-simple.c;1276;0.020001;0.020001;0.0;0.0
strlen-avx2.S;52;0.020000;0.020000;0.0;0.0
table.cc;6011;0.020000;0.020000;0.0;0.0
item_cmpfunc.h;153;0.020000;0.020000;0.0;0.0
sql_lex.h;1049;0.020000;0.020000;0.0;0.0
malloc.c;3942;0.020000;0.020000;0.0;0.0
sql_cache.cc;2236;0.020000;0.020000;0.0;0.0
sql_list.h;536;0.020000;0.020000;0.0;0.0
sql_lex.cc;5779;0.020000;0.020000;0.0;0.0
handler.cc;2288;0.020000;0.020000;0.0;0.0
field.h;1412;0.020000;0.020000;0.0;0.0
small_vector.h;34;0.020000;0.020000;0.0;0.0
table.cc;5375;0.020000;0.020000;0.0;0.0
sql_class.cc;1048;0.020000;0.020000;0.0;0.0
field.cc;7565;0.020000;0.020000;0.0;0.0
lf_alloc-pin.c;312;0.020000;0.020000;0.0;0.0
m_ctype.h;1536;0.020000;0.020000;0.0;0.0
sql_type.cc;1507;0.020000;0.020000;0.0;0.0
sql_select.cc;7482;0.020000;0.020000;0.0;0.0
sql_acl.cc;9966;0.020000;0.020000;0.0;0.0
table.h;3221;0.020000;0.020000;0.0;0.0
sql_select.cc;8242;0.020000;0.020000;0.0;0.0
sql_lex.cc;3098;0.020000;0.020000;0.0;0.0
ha_innodb.cc;7939;0.020000;0.020000;0.0;0.0
table.cc;7924;0.020000;0.020000;0.0;0.0
sql_base.cc;5821;0.020000;0.020000;0.0;0.0
mdl.cc;1515;0.020000;0.020000;0.0;0.0
handler.h;4155;0.020000;0.020000;0.0;0.0
row0sel.cc;4823;0.020000;0.020000;0.0;0.0
sux_lock.h;292;0.020000;0.020000;0.0;0.0
mem0mem.cc;270;0.020000;0.020000;0.0;0.0
stl_tree.h;2582;0.020000;0.020000;0.0;0.0
sql_list.h;418;0.020000;0.020000;0.0;0.0
sql_prepare.cc;4758;0.020000;0.020000;0.0;0.0
opt_range.cc;8088;0.020000;0.020000;0.0;0.0
protocol.cc;36;0.020000;0.020000;0.0;0.0
rpl_rli.h;1107;0.020000;0.020000;0.0;0.0
sql_profile.h;322;0.020000;0.020000;0.0;0.0
sql_base.cc;2129;0.020000;0.020000;0.0;0.0
my_bitmap.c;563;0.020000;0.020000;0.0;0.0
sql_plist.h;177;0.020000;0.020000;0.0;0.0
cset_narrowing.h;81;0.020000;0.020000;0.0;0.0
item.h;1855;0.020000;0.020000;0.0;0.0
sql_insert.cc;2433;0.020000;0.020000;0.0;0.0
mtr0mtr.cc;1717;0.020000;0.020000;0.0;0.0
sql_select.cc;17014;0.020000;0.020000;0.0;0.0
sql_class.cc;2523;0.020000;0.020000;0.0;0.0
dict0mem.h;2827;0.020000;0.020000;0.0;0.0
mach0data.inl;48;0.020000;0.020000;0.0;0.0
table.h;1953;0.020000;0.020000;0.0;0.0
sql_type.h;5473;0.020000;0.020000;0.0;0.0
sql_statistics.h;121;0.020000;0.020000;0.0;0.0
item.cc;736;0.020000;0.020000;0.0;0.0
rem0rec.h;796;0.020000;0.020000;0.0;0.0
sql_select.h;858;0.020000;0.020000;0.0;0.0
ha_innodb.cc;20840;0.020000;0.020000;0.0;0.0
sql_update.cc;1108;0.020000;0.020000;0.0;0.0
log0log.h;496;0.020000;0.020000;0.0;0.0
sql_select.cc;4351;0.020000;0.020000;0.0;0.0
sql_select.cc;19594;0.020000;0.020000;0.0;0.0
vio.c;327;0.020000;0.020000;0.0;0.0
sql_delete.cc;161;0.020000;0.020000;0.0;0.0
malloc.c;4268;0.020000;0.020000;0.0;0.0
opt_range.cc;8867;0.020000;0.020000;0.0;0.0
row0sel.cc;4369;0.020000;0.020000;0.0;0.0
rem0rec.inl;137;0.020000;0.020000;0.0;0.0
row0ins.cc;3806;0.020000;0.020000;0.0;0.0
field.h;1199;0.020000;0.020000;0.0;0.0
ha_innodb.cc;8204;0.020000;0.020000;0.0;0.0
row0sel.cc;5770;0.020000;0.020000;0.0;0.0
sql_class.cc;9021;0.020000;0.020000;0.0;0.0
handler.cc;3832;0.020000;0.020000;0.0;0.0
field.h;2674;0.020000;0.020000;0.0;0.0
strcmp-avx2.S;206;0.020000;0.020000;0.0;0.0
field.cc;1294;0.020000;0.020000;0.0;0.0
sql_base.cc;4930;0.020000;0.020000;0.0;0.0
arena.c;544;0.020000;0.020000;0.0;0.0
array.c;93;0.020000;0.020000;0.0;0.0
atomic_base.h;573;0.020000;0.020000;0.0;0.0
btr0cur.cc;3263;0.020000;0.020000;0.0;0.0
btr0cur.cc;2193;0.020000;0.020000;0.0;0.0
btr0cur.cc;2554;0.020000;0.020000;0.0;0.0
btr0cur.cc;1268;0.020000;0.020000;0.0;0.0
btr0cur.cc;2773;0.020000;0.020000;0.0;0.0
btr0cur.cc;2558;0.020000;0.020000;0.0;0.0
btr0cur.cc;1619;0.020000;0.020000;0.0;0.0
btr0cur.cc;1294;0.020000;0.020000;0.0;0.0
btr0sea.cc;1996;0.020000;0.020000;0.0;0.0
buf0buf.cc;330;0.020000;0.020000;0.0;0.0
buf0flu.cc;2322;0.020000;0.020000;0.0;0.0
buf0flu.cc;2438;0.020000;0.020000;0.0;0.0
buf0lru.cc;481;0.020000;0.020000;0.0;0.0
buf0types.h;148;0.020000;0.020000;0.0;0.0
clock_gettime.c;38;0.020000;0.020000;0.0;0.0
crc32c_amd64.cc;153;0.020000;0.020000;0.0;0.0
crc32c_amd64.cc;151;0.020000;0.020000;0.0;0.0
ctype-bin.c;103;0.020000;0.020000;0.0;0.0
ctype-mb.inl;185;0.020000;0.020000;0.0;0.0
ctype-utf8.c;898;0.020000;0.020000;0.0;0.0
data0data.inl;297;0.020000;0.020000;0.0;0.0
data0data.inl;294;0.020000;0.020000;0.0;0.0
dict0dict.cc;3876;0.020000;0.020000;0.0;0.0
dict0dict.inl;822;0.020000;0.020000;0.0;0.0
dict0dict.inl;65;0.020000;0.020000;0.0;0.0
dict0dict.inl;64;0.020000;0.020000;0.0;0.0
dict0dict.inl;705;0.020000;0.020000;0.0;0.0
dict0dict.inl;669;0.020000;0.020000;0.0;0.0
fast-jitter.h;35;0.020000;0.020000;0.0;0.0
field.cc;966;0.020000;0.020000;0.0;0.0
field.cc;933;0.020000;0.020000;0.0;0.0
field.cc;7797;0.020000;0.020000;0.0;0.0
field.h;2216;0.020000;0.020000;0.0;0.0
field.h;2286;0.020000;0.020000;0.0;0.0
field.h;925;0.020000;0.020000;0.0;0.0
field.h;1503;0.020000;0.020000;0.0;0.0
ha_innodb.cc;8242;0.020000;0.020000;0.0;0.0
ha_innodb.cc;16869;0.020000;0.020000;0.0;0.0
ha_innodb.cc;5204;0.020000;0.020000;0.0;0.0
ha_innodb.cc;16232;0.020000;0.020000;0.0;0.0
ha_innodb.cc;9013;0.020000;0.020000;0.0;0.0
ha_innodb.cc;8564;0.020000;0.020000;0.0;0.0
ha_innodb.cc;8573;0.020000;0.020000;0.0;0.0
ha_innodb.cc;17067;0.020000;0.020000;0.0;0.0
ha_innodb.cc;15486;0.020000;0.020000;0.0;0.0
ha_innodb.cc;7807;0.020000;0.020000;0.0;0.0
ha_innodb.cc;3843;0.020000;0.020000;0.0;0.0
ha_innodb.cc;16704;0.020000;0.020000;0.0;0.0
ha_innodb.cc;8258;0.020000;0.020000;0.0;0.0
ha_innodb.cc;8973;0.020000;0.020000;0.0;0.0
handler.cc;8264;0.020000;0.020000;0.0;0.0
handler.cc;4571;0.020000;0.020000;0.0;0.0
handler.cc;2134;0.020000;0.020000;0.0;0.0
handler.cc;4557;0.020000;0.020000;0.0;0.0
handler.cc;3728;0.020000;0.020000;0.0;0.0
handler.cc;4171;0.020000;0.020000;0.0;0.0
handler.cc;8584;0.020000;0.020000;0.0;0.0
handler.cc;3878;0.020000;0.020000;0.0;0.0
handler.cc;1897;0.020000;0.020000;0.0;0.0
handler.cc;9761;0.020000;0.020000;0.0;0.0
handler.cc;8106;0.020000;0.020000;0.0;0.0
handler.h;2144;0.020000;0.020000;0.0;0.0
hash.c;46;0.020000;0.020000;0.0;0.0
hashtable.h;2212;0.020000;0.020000;0.0;0.0
item.cc;4452;0.020000;0.020000;0.0;0.0
item.cc;4765;0.020000;0.020000;0.0;0.0
item.cc;6629;0.020000;0.020000;0.0;0.0
item.cc;3769;0.020000;0.020000;0.0;0.0
item.cc;444;0.020000;0.020000;0.0;0.0
item.cc;6562;0.020000;0.020000;0.0;0.0
item.h;1151;0.020000;0.020000;0.0;0.0
item.h;1842;0.020000;0.020000;0.0;0.0
item.h;4758;0.020000;0.020000;0.0;0.0
item.h;4628;0.020000;0.020000;0.0;0.0
item.h;309;0.020000;0.020000;0.0;0.0
item.h;779;0.020000;0.020000;0.0;0.0
item.h;4545;0.020000;0.020000;0.0;0.0
item.h;3981;0.020000;0.020000;0.0;0.0
item.h;1160;0.020000;0.020000;0.0;0.0
item.h;4083;0.020000;0.020000;0.0;0.0
item.h;3980;0.020000;0.020000;0.0;0.0
item.h;4760;0.020000;0.020000;0.0;0.0
item_cmpfunc.cc;438;0.020000;0.020000;0.0;0.0
item_cmpfunc.cc;7613;0.020000;0.020000;0.0;0.0
item_cmpfunc.cc;535;0.020000;0.020000;0.0;0.0
item_cmpfunc.cc;7441;0.020000;0.020000;0.0;0.0
item_cmpfunc.cc;430;0.020000;0.020000;0.0;0.0
item_func.cc;150;0.020000;0.020000;0.0;0.0
item_func.cc;404;0.020000;0.020000;0.0;0.0
item_func.h;984;0.020000;0.020000;0.0;0.0
lex_string.h;29;0.020000;0.020000;0.0;0.0
lf_hash.cc;472;0.020000;0.020000;0.0;0.0
lf_hash.cc;456;0.020000;0.020000;0.0;0.0
lf_hash.cc;212;0.020000;0.020000;0.0;0.0
lock0lock.cc;6631;0.020000;0.020000;0.0;0.0
lock0lock.cc;6363;0.020000;0.020000;0.0;0.0
lock0lock.cc;6136;0.020000;0.020000;0.0;0.0
lock0lock.cc;4755;0.020000;0.020000;0.0;0.0
lock0lock.cc;4205;0.020000;0.020000;0.0;0.0
lock0priv.inl;83;0.020000;0.020000;0.0;0.0
mach0data.inl;203;0.020000;0.020000;0.0;0.0
malloc.c;3932;0.020000;0.020000;0.0;0.0
malloc.c;4351;0.020000;0.020000;0.0;0.0
malloc.c;1594;0.020000;0.020000;0.0;0.0
mdl.cc;2411;0.020000;0.020000;0.0;0.0
mdl.cc;3768;0.020000;0.020000;0.0;0.0
mdl.cc;478;0.020000;0.020000;0.0;0.0
mdl.cc;3596;0.020000;0.020000;0.0;0.0
mdl.h;670;0.020000;0.020000;0.0;0.0
mdl.h;335;0.020000;0.020000;0.0;0.0
mdl.h;875;0.020000;0.020000;0.0;0.0
mem0mem.inl;179;0.020000;0.020000;0.0;0.0
mem0mem.inl;112;0.020000;0.020000;0.0;0.0
memmove-vec-unaligned-erms.S;404;0.020000;0.020000;0.0;0.0
memmove-vec-unaligned-erms.S;440;0.020000;0.020000;0.0;0.0
memmove-vec-unaligned-erms.S;395;0.020000;0.020000;0.0;0.0
memmove-vec-unaligned-erms.S;428;0.020000;0.020000;0.0;0.0
memmove-vec-unaligned-erms.S;396;0.020000;0.020000;0.0;0.0
memmove-vec-unaligned-erms.S;490;0.020000;0.020000;0.0;0.0
memmove-vec-unaligned-erms.S;660;0.020000;0.020000;0.0;0.0
memset-vec-unaligned-erms.S;384;0.020000;0.020000;0.0;0.0
memset-vec-unaligned-erms.S;297;0.020000;0.020000;0.0;0.0
mtr0log.h;124;0.020000;0.020000;0.0;0.0
multi_range_read.cc;1741;0.020000;0.020000;0.0;0.0
my_alloc.c;407;0.020000;0.020000;0.0;0.0
my_alloc.c;372;0.020000;0.020000;0.0;0.0
my_alloc.c;500;0.020000;0.020000;0.0;0.0
my_alloc.c;425;0.020000;0.020000;0.0;0.0
my_alloc.c;424;0.020000;0.020000;0.0;0.0
my_alloc.c;515;0.020000;0.020000;0.0;0.0
my_alloc.c;312;0.020000;0.020000;0.0;0.0
my_counter.h;42;0.020000;0.020000;0.0;0.0
mysql_socket.h;273;0.020000;0.020000;0.0;0.0
mysql_thread.h;785;0.020000;0.020000;0.0;0.0
net_serv.cc;1074;0.020000;0.020000;0.0;0.0
net_serv.cc;642;0.020000;0.020000;0.0;0.0
opt_hints.cc;1309;0.020000;0.020000;0.0;0.0
opt_range.cc;12789;0.020000;0.020000;0.0;0.0
opt_range.cc;12625;0.020000;0.020000;0.0;0.0
opt_range.cc;1269;0.020000;0.020000;0.0;0.0
opt_range.cc;12817;0.020000;0.020000;0.0;0.0
opt_range.cc;2735;0.020000;0.020000;0.0;0.0
opt_range.cc;13757;0.020000;0.020000;0.0;0.0
opt_range_mrr.cc;156;0.020000;0.020000;0.0;0.0
opt_range_mrr.cc;374;0.020000;0.020000;0.0;0.0
opt_range_mrr.cc;344;0.020000;0.020000;0.0;0.0
opt_sargable_left.cc;129;0.020000;0.020000;0.0;0.0
opt_subselect.cc;5948;0.020000;0.020000;0.0;0.0
opt_subselect.cc;5952;0.020000;0.020000;0.0;0.0
opt_subselect.cc;6720;0.020000;0.020000;0.0;0.0
opt_subselect.cc;4353;0.020000;0.020000;0.0;0.0
opt_trace_context.h;97;0.020000;0.020000;0.0;0.0
opt_vcol_substitution.cc;132;0.020000;0.020000;0.0;0.0
opt_vcol_substitution.cc;129;0.020000;0.020000;0.0;0.0
page0cur.cc;1824;0.020000;0.020000;0.0;0.0
page0cur.cc;148;0.020000;0.020000;0.0;0.0
page0cur.cc;1816;0.020000;0.020000;0.0;0.0
page0cur.cc;680;0.020000;0.020000;0.0;0.0
page0cur.cc;1492;0.020000;0.020000;0.0;0.0
page0cur.cc;1263;0.020000;0.020000;0.0;0.0
page0cur.cc;923;0.020000;0.020000;0.0;0.0
page0page.cc;120;0.020000;0.020000;0.0;0.0
page0page.h;264;0.020000;0.020000;0.0;0.0
page0page.inl;331;0.020000;0.020000;0.0;0.0
pfs.cc;5937;0.020000;0.020000;0.0;0.0
privilege.h;206;0.020000;0.020000;0.0;0.0
protocol.cc;1051;0.020000;0.020000;0.0;0.0
protocol.cc;266;0.020000;0.020000;0.0;0.0
pthread_mutex_lock.c;118;0.020000;0.020000;0.0;0.0
pthread_mutex_lock.c;144;0.020000;0.020000;0.0;0.0
rem0rec.cc;744;0.020000;0.020000;0.0;0.0
rem0rec.cc;1726;0.020000;0.020000;0.0;0.0
rem0rec.cc;749;0.020000;0.020000;0.0;0.0
rem0rec.h;263;0.020000;0.020000;0.0;0.0
rem0rec.inl;1054;0.020000;0.020000;0.0;0.0
row0ins.cc;2351;0.020000;0.020000;0.0;0.0
row0ins.cc;2591;0.020000;0.020000;0.0;0.0
row0mysql.cc;1317;0.020000;0.020000;0.0;0.0
row0mysql.cc;1592;0.020000;0.020000;0.0;0.0
row0mysql.cc;390;0.020000;0.020000;0.0;0.0
row0mysql.cc;1016;0.020000;0.020000;0.0;0.0
row0mysql.cc;1014;0.020000;0.020000;0.0;0.0
row0mysql.cc;383;0.020000;0.020000;0.0;0.0
row0purge.cc;1202;0.020000;0.020000;0.0;0.0
row0purge.cc;137;0.020000;0.020000;0.0;0.0
row0row.cc;526;0.020000;0.020000;0.0;0.0
row0sel.cc;1356;0.020000;0.020000;0.0;0.0
row0sel.cc;4059;0.020000;0.020000;0.0;0.0
row0upd.cc;2660;0.020000;0.020000;0.0;0.0
row0upd.cc;595;0.020000;0.020000;0.0;0.0
sp_cache.cc;258;0.020000;0.020000;0.0;0.0
sql_array.h;223;0.020000;0.020000;0.0;0.0
sql_array.h;299;0.020000;0.020000;0.0;0.0
sql_base.cc;9282;0.020000;0.020000;0.0;0.0
sql_base.cc;8313;0.020000;0.020000;0.0;0.0
sql_base.cc;6617;0.020000;0.020000;0.0;0.0
sql_base.cc;8699;0.020000;0.020000;0.0;0.0
sql_base.cc;9293;0.020000;0.020000;0.0;0.0
sql_base.cc;9038;0.020000;0.020000;0.0;0.0
sql_base.cc;5199;0.020000;0.020000;0.0;0.0
sql_base.cc;9826;0.020000;0.020000;0.0;0.0
sql_base.cc;9303;0.020000;0.020000;0.0;0.0
sql_base.cc;8366;0.020000;0.020000;0.0;0.0
sql_base.cc;8276;0.020000;0.020000;0.0;0.0
sql_base.cc;7003;0.020000;0.020000;0.0;0.0
sql_base.cc;9202;0.020000;0.020000;0.0;0.0
sql_base.cc;2416;0.020000;0.020000;0.0;0.0
sql_base.cc;9290;0.020000;0.020000;0.0;0.0
sql_base.cc;8368;0.020000;0.020000;0.0;0.0
sql_base.cc;4763;0.020000;0.020000;0.0;0.0
sql_base.h;666;0.020000;0.020000;0.0;0.0
sql_class.cc;3387;0.020000;0.020000;0.0;0.0
sql_class.cc;400;0.020000;0.020000;0.0;0.0
sql_class.cc;2368;0.020000;0.020000;0.0;0.0
sql_class.cc;1531;0.020000;0.020000;0.0;0.0
sql_class.h;8403;0.020000;0.020000;0.0;0.0
sql_class.h;5829;0.020000;0.020000;0.0;0.0
sql_class.h;5391;0.020000;0.020000;0.0;0.0
sql_class.h;6520;0.020000;0.020000;0.0;0.0
sql_delete.cc;388;0.020000;0.020000;0.0;0.0
sql_derived.cc;92;0.020000;0.020000;0.0;0.0
sql_error.cc;355;0.020000;0.020000;0.0;0.0
sql_explain.cc;3050;0.020000;0.020000;0.0;0.0
sql_explain.cc;126;0.020000;0.020000;0.0;0.0
sql_explain.h;1044;0.020000;0.020000;0.0;0.0
sql_insert.cc;1013;0.020000;0.020000;0.0;0.0
sql_insert.cc;1921;0.020000;0.020000;0.0;0.0
sql_lex.cc;5307;0.020000;0.020000;0.0;0.0
sql_lex.cc;3798;0.020000;0.020000;0.0;0.0
sql_lex.h;1452;0.020000;0.020000;0.0;0.0
sql_list.h;193;0.020000;0.020000;0.0;0.0
sql_list.h;57;0.020000;0.020000;0.0;0.0
sql_parse.cc;6866;0.020000;0.020000;0.0;0.0
sql_parse.cc;3769;0.020000;0.020000;0.0;0.0
sql_parse.cc;5951;0.020000;0.020000;0.0;0.0
sql_parse.cc;3988;0.020000;0.020000;0.0;0.0
sql_parse.cc;5948;0.020000;0.020000;0.0;0.0
sql_parse.cc;3517;0.020000;0.020000;0.0;0.0
sql_parse.cc;5936;0.020000;0.020000;0.0;0.0
sql_parse.cc;1143;0.020000;0.020000;0.0;0.0
sql_parse.cc;6878;0.020000;0.020000;0.0;0.0
sql_parse.cc;2526;0.020000;0.020000;0.0;0.0
sql_parse.cc;1275;0.020000;0.020000;0.0;0.0
sql_parse.cc;6125;0.020000;0.020000;0.0;0.0
sql_parse.cc;5935;0.020000;0.020000;0.0;0.0
sql_parse.cc;4452;0.020000;0.020000;0.0;0.0
sql_parse.cc;6260;0.020000;0.020000;0.0;0.0
sql_plist.h;129;0.020000;0.020000;0.0;0.0
sql_plist.h;194;0.020000;0.020000;0.0;0.0
sql_prepare.cc;3410;0.020000;0.020000;0.0;0.0
sql_prepare.cc;5515;0.020000;0.020000;0.0;0.0
sql_prepare.cc;5381;0.020000;0.020000;0.0;0.0
sql_prepare.cc;3324;0.020000;0.020000;0.0;0.0
sql_prepare.cc;970;0.020000;0.020000;0.0;0.0
sql_prepare.cc;3291;0.020000;0.020000;0.0;0.0
sql_prepare.cc;3224;0.020000;0.020000;0.0;0.0
sql_prepare.cc;5581;0.020000;0.020000;0.0;0.0
sql_prepare.cc;5505;0.020000;0.020000;0.0;0.0
sql_prepare.cc;4860;0.020000;0.020000;0.0;0.0
sql_select.cc;7996;0.020000;0.020000;0.0;0.0
sql_select.cc;31101;0.020000;0.020000;0.0;0.0
sql_select.cc;1908;0.020000;0.020000;0.0;0.0
sql_select.cc;31217;0.020000;0.020000;0.0;0.0
sql_select.cc;3097;0.020000;0.020000;0.0;0.0
sql_select.cc;5265;0.020000;0.020000;0.0;0.0
sql_select.cc;2854;0.020000;0.020000;0.0;0.0
sql_select.cc;2855;0.020000;0.020000;0.0;0.0
sql_select.cc;17267;0.020000;0.020000;0.0;0.0
sql_select.cc;8000;0.020000;0.020000;0.0;0.0
sql_select.cc;29156;0.020000;0.020000;0.0;0.0
sql_select.cc;2785;0.020000;0.020000;0.0;0.0
sql_select.cc;1489;0.020000;0.020000;0.0;0.0
sql_select.cc;26149;0.020000;0.020000;0.0;0.0
sql_select.cc;6444;0.020000;0.020000;0.0;0.0
sql_select.cc;30505;0.020000;0.020000;0.0;0.0
sql_select.cc;4928;0.020000;0.020000;0.0;0.0
sql_select.cc;17019;0.020000;0.020000;0.0;0.0
sql_select.cc;1930;0.020000;0.020000;0.0;0.0
sql_select.cc;1599;0.020000;0.020000;0.0;0.0
sql_select.cc;7483;0.020000;0.020000;0.0;0.0
sql_select.cc;31116;0.020000;0.020000;0.0;0.0
sql_select.cc;3070;0.020000;0.020000;0.0;0.0
sql_select.cc;6177;0.020000;0.020000;0.0;0.0
sql_select.cc;34978;0.020000;0.020000;0.0;0.0
sql_select.cc;34846;0.020000;0.020000;0.0;0.0
sql_select.cc;13726;0.020000;0.020000;0.0;0.0
sql_select.cc;7886;0.020000;0.020000;0.0;0.0
sql_select.cc;5200;0.020000;0.020000;0.0;0.0
sql_select.cc;29996;0.020000;0.020000;0.0;0.0
sql_select.cc;5437;0.020000;0.020000;0.0;0.0
sql_select.cc;18244;0.020000;0.020000;0.0;0.0
sql_select.cc;31766;0.020000;0.020000;0.0;0.0
sql_select.cc;13033;0.020000;0.020000;0.0;0.0
sql_type.cc;37;0.020000;0.020000;0.0;0.0
sql_type.cc;190;0.020000;0.020000;0.0;0.0
sql_type.cc;4491;0.020000;0.020000;0.0;0.0
sql_union.cc;2842;0.020000;0.020000;0.0;0.0
sql_update.cc;1919;0.020000;0.020000;0.0;0.0
sql_update.cc;1931;0.020000;0.020000;0.0;0.0
sql_update.cc;996;0.020000;0.020000;0.0;0.0
sql_update.cc;729;0.020000;0.020000;0.0;0.0
sql_update.cc;2380;0.020000;0.020000;0.0;0.0
sql_update.cc;927;0.020000;0.020000;0.0;0.0
sql_update.cc;1502;0.020000;0.020000;0.0;0.0
srw_lock.cc;273;0.020000;0.020000;0.0;0.0
srw_lock.cc;255;0.020000;0.020000;0.0;0.0
srw_lock.cc;327;0.020000;0.020000;0.0;0.0
srw_lock.h;167;0.020000;0.020000;0.0;0.0
srw_lock.h;254;0.020000;0.020000;0.0;0.0
stl_queue.h;360;0.020000;0.020000;0.0;0.0
strcoll.inl;246;0.020000;0.020000;0.0;0.0
strings_def.h;103;0.020000;0.020000;0.0;0.0
sux_lock.h;292;0.020000;0.020000;0.0;0.0
table.cc;7817;0.020000;0.020000;0.0;0.0
table.cc;10478;0.020000;0.020000;0.0;0.0
table.cc;8970;0.020000;0.020000;0.0;0.0
table.cc;9093;0.020000;0.020000;0.0;0.0
table.cc;9277;0.020000;0.020000;0.0;0.0
table.cc;6715;0.020000;0.020000;0.0;0.0
table.h;3069;0.020000;0.020000;0.0;0.0
table_cache.cc;418;0.020000;0.020000;0.0;0.0
table_cache.cc;861;0.020000;0.020000;0.0;0.0
transaction.cc;492;0.020000;0.020000;0.0;0.0
transaction.cc;525;0.020000;0.020000;0.0;0.0
transactional_lock_guard.h;57;0.020000;0.020000;0.0;0.0
trx0purge.cc;877;0.020000;0.020000;0.0;0.0
trx0purge.cc;1101;0.020000;0.020000;0.0;0.0
trx0rec.cc;514;0.020000;0.020000;0.0;0.0
ut0new.cc;109;0.020000;0.020000;0.0;0.0
ut0new.h;757;0.020000;0.020000;0.0;0.0
viosocket.c;287;0.020000;0.020000;0.0;0.0
sql_select.cc;29116;0.020000;0.020000;0.0;0.0
net_serv.cc;614;0.020000;0.020000;0.0;0.0
rem0rec.inl;946;0.020000;0.020000;0.0;0.0
sql_error.h;1026;0.020000;0.020000;0.0;0.0
sql_explain.cc;1488;0.020000;0.020000;0.0;0.0
item_cmpfunc.h;568;0.020000;0.020000;0.0;0.0
item.cc;3772;0.020000;0.020000;0.0;0.0
ha_innodb.cc;2666;0.020000;0.020000;0.0;0.0
opt_range.cc;9895;0.020000;0.020000;0.0;0.0
sql_list.h;298;0.020000;0.020000;0.0;0.0
item.h;1068;0.020000;0.020000;0.0;0.0
sql_delete.cc;1863;0.020000;0.020000;0.0;0.0
row0mysql.cc;1021;0.020000;0.020000;0.0;0.0
que0que.inl;48;0.020000;0.020000;0.0;0.0
sql_statistics.cc;4138;0.020000;0.020000;0.0;0.0
mdl.cc;1565;0.020000;0.020000;0.0;0.0
ha_innodb.cc;2668;0.020000;0.020000;0.0;0.0
sql_select.cc;31391;0.020000;0.020000;0.0;0.0
net_serv.cc;933;0.020000;0.020000;0.0;0.0
sql_explain.cc;79;0.020000;0.020000;0.0;0.0
item_cmpfunc.cc;526;0.020000;0.020000;0.0;0.0
sql_select.cc;17010;0.020000;0.020000;0.0;0.0
lock0priv.inl;230;0.020000;0.020000;0.0;0.0
opt_range.cc;10426;0.020000;0.020000;0.0;0.0
handler.cc;8628;0.020000;0.020000;0.0;0.0
btr0cur.cc;1380;0.020000;0.020000;0.0;0.0
sql_select.cc;21353;0.020000;0.020000;0.0;0.0
sql_window.cc;347;0.020000;0.020000;0.0;0.0
page0cur.cc;886;0.020000;0.020000;0.0;0.0
table.cc;5992;0.020000;0.020000;0.0;0.0
btr0pcur.cc;80;0.020000;0.020000;0.0;0.0
opt_subselect.cc;2548;0.020000;0.020000;0.0;0.0
net_serv.cc;1231;0.020000;0.020000;0.0;0.0
handler.h;3764;0.020000;0.020000;0.0;0.0
sql_select.cc;8254;0.020000;0.020000;0.0;0.0
item_cmpfunc.cc;7434;0.020000;0.020000;0.0;0.0
sql_base.cc;9191;0.020000;0.020000;0.0;0.0
sql_string.h;255;0.020000;0.020000;0.0;0.0
sql_union.cc;2919;0.020000;0.020000;0.0;0.0
my_bitmap.h;116;0.020000;0.020000;0.0;0.0
trx0rec.cc;488;0.020000;0.020000;0.0;0.0
row0sel.cc;5947;0.020000;0.020000;0.0;0.0
ha_innodb.cc;7878;0.020000;0.020000;0.0;0.0
transaction.cc;498;0.020000;0.020000;0.0;0.0
ilist.h;181;0.020000;0.020000;0.0;0.0
sql_type.cc;1700;0.020000;0.020000;0.0;0.0
opt_range.cc;2893;0.020000;0.020000;0.0;0.0
item_func.cc;1205;0.020000;0.020000;0.0;0.0
sql_select.cc;486;0.020000;0.020000;0.0;0.0
sql_statistics.cc;3264;0.020000;0.020000;0.0;0.0
sql_select.cc;5760;0.020000;0.020000;0.0;0.0
opt_range.cc;8863;0.020000;0.020000;0.0;0.0
trx0rec.cc;2048;0.020000;0.020000;0.0;0.0
sql_delete.cc;1187;0.020000;0.020000;0.0;0.0
opt_range.cc;12605;0.020000;0.020000;0.0;0.0
data0data.h;585;0.020000;0.020000;0.0;0.0
my_alloc.c;465;0.020000;0.020000;0.0;0.0
trx0trx.cc;2230;0.020000;0.020000;0.0;0.0
row0mysql.cc;1590;0.020000;0.020000;0.0;0.0
opt_vcol_substitution.cc;289;0.020000;0.020000;0.0;0.0
sql_select.cc;31769;0.020000;0.020000;0.0;0.0
ha_innodb.cc;7240;0.020000;0.020000;0.0;0.0
opt_range.cc;7994;0.020000;0.020000;0.0;0.0
btr0pcur.h;428;0.020000;0.020000;0.0;0.0
my_byteorder.h;74;0.020000;0.020000;0.0;0.0
sql_select.cc;14509;0.020000;0.020000;0.0;0.0
sql_select.cc;21330;0.020000;0.020000;0.0;0.0
net_serv.cc;382;0.020000;0.020000;0.0;0.0
malloc.c;3350;0.020000;0.020000;0.0;0.0
row0row.cc;1274;0.020000;0.020000;0.0;0.0
sql_string.h;297;0.020000;0.020000;0.0;0.0
sql_select.cc;5146;0.020000;0.020000;0.0;0.0
strcoll.inl;237;0.020000;0.020000;0.0;0.0
item.cc;8129;0.020000;0.020000;0.0;0.0
row0mysql.cc;1688;0.020000;0.020000;0.0;0.0
sql_lex.h;1657;0.020000;0.020000;0.0;0.0
int2str.c;144;0.020000;0.020000;0.0;0.0
ha_innodb.cc;17030;0.020000;0.020000;0.0;0.0
handler.cc;8051;0.020000;0.020000;0.0;0.0
table_cache.cc;870;0.020000;0.020000;0.0;0.0
memset-vec-unaligned-erms.S;230;0.020000;0.020000;0.0;0.0
sql_acl.cc;9981;0.020000;0.020000;0.0;0.0
item.cc;3399;0.020000;0.020000;0.0;0.0
handler.cc;3787;0.020000;0.020000;0.0;0.0
sql_type.cc;2171;0.020000;0.020000;0.0;0.0
item_func.cc;7492;0.020000;0.020000;0.0;0.0
handler.cc;2254;0.020000;0.020000;0.0;0.0
sql_type.h;3199;0.019999;0.019999;0.0;0.0
row0row.cc;540;0.019999;0.019999;0.0;0.0
lf_alloc-pin.c;293;0.019999;0.019999;0.0;0.0
sql_select.cc;7599;0.019999;0.019999;0.0;0.0
my_json_writer.h;454;0.019999;0.019999;0.0;0.0
ha_innodb.cc;8368;0.019999;0.019999;0.0;0.0
temporary_tables.cc;523;0.019999;0.019999;0.0;0.0
item_func.cc;161;0.019999;0.019999;0.0;0.0
lock0lock.h;908;0.019999;0.019999;0.0;0.0
sql_select.cc;3342;0.019999;0.019999;0.0;0.0
transaction.cc;76;0.019999;0.019999;0.0;0.0
item_cmpfunc.cc;396;0.019999;0.019999;0.0;0.0
trx0trx.cc;2177;0.019999;0.019999;0.0;0.0
sql_prepare.cc;5600;0.019999;0.019999;0.0;0.0
lf_hash.cc;459;0.019999;0.019999;0.0;0.0
field.h;1710;0.019999;0.019999;0.0;0.0
sql_select.cc;2408;0.019999;0.019999;0.0;0.0
sql_lex.h;4966;0.019999;0.019999;0.0;0.0
my_vsnprintf.c;643;0.019999;0.019999;0.0;0.0
handler.cc;1467;0.019999;0.019999;0.0;0.0
sql_select.cc;25343;0.019999;0.019999;0.0;0.0
sql_select.cc;972;0.019999;0.019999;0.0;0.0
item.cc;3764;0.019999;0.019999;0.0;0.0
sql_lex.cc;3645;0.019999;0.019999;0.0;0.0
sql_select.cc;17591;0.019999;0.019999;0.0;0.0
ilist.h;145;0.019999;0.019999;0.0;0.0
field.cc;2246;0.019999;0.019999;0.0;0.0
row0ins.cc;3515;0.019999;0.019999;0.0;0.0
sql_update.cc;3293;0.019999;0.019999;0.0;0.0
sql_array.h;221;0.019999;0.019999;0.0;0.0
net_serv.cc;1102;0.019999;0.019999;0.0;0.0
table_cache.cc;455;0.019999;0.019999;0.0;0.0
dict0dict.inl;64;0.019999;0.019999;0.0;0.0
mdl.cc;2751;0.019999;0.019999;0.0;0.0
mdl.cc;2548;0.019999;0.019999;0.0;0.0
sql_select.cc;26162;0.019999;0.019999;0.0;0.0
sql_select.h;1149;0.019999;0.019999;0.0;0.0
sql_select.cc;17472;0.019999;0.019999;0.0;0.0
sql_select.cc;29083;0.019999;0.019999;0.0;0.0
buf0lru.cc;496;0.019999;0.019999;0.0;0.0
multi_range_read.cc;1472;0.019999;0.019999;0.0;0.0
opt_subselect.cc;2332;0.019999;0.019999;0.0;0.0
field.h;929;0.019999;0.019999;0.0;0.0
ha_innodb.cc;4835;0.019999;0.019999;0.0;0.0
row0row.cc;424;0.019999;0.019999;0.0;0.0
sql_base.cc;7003;0.019999;0.019999;0.0;0.0
sql_update.cc;3319;0.019999;0.019999;0.0;0.0
sql_base.cc;7203;0.019999;0.019999;0.0;0.0
rem0rec.cc;709;0.019999;0.019999;0.0;0.0
opt_range.cc;3140;0.019999;0.019999;0.0;0.0
ha_innodb.cc;5338;0.019999;0.019999;0.0;0.0
lf_hash.cc;412;0.019999;0.019999;0.0;0.0
ha_innodb.cc;8836;0.019999;0.019999;0.0;0.0
hash.c;269;0.019999;0.019999;0.0;0.0
small_vector.h;60;0.019999;0.019999;0.0;0.0
sql_base.cc;2353;0.019999;0.019999;0.0;0.0
stl_function.h;457;0.019999;0.019999;0.0;0.0
ha_innodb.cc;15114;0.019999;0.019999;0.0;0.0
row0sel.cc;2816;0.019999;0.019999;0.0;0.0
sql_prepare.cc;5599;0.019999;0.019999;0.0;0.0
trx0trx.h;1177;0.019999;0.019999;0.0;0.0
row0ins.cc;3327;0.019999;0.019999;0.0;0.0
field.h;442;0.019999;0.019999;0.0;0.0
item_cmpfunc.cc;423;0.019999;0.019999;0.0;0.0
btr0cur.cc;2521;0.019999;0.019999;0.0;0.0
sql_class.cc;2329;0.019999;0.019999;0.0;0.0
trx0trx.h;1160;0.019999;0.019999;0.0;0.0
my_bit.h;161;0.019999;0.019999;0.0;0.0
ha_innodb.cc;8260;0.019999;0.019999;0.0;0.0
sql_acl.cc;9966;0.019999;0.019999;0.0;0.0
trx0trx.cc;2201;0.019999;0.019999;0.0;0.0
sql_prepare.cc;4758;0.019999;0.019999;0.0;0.0
sql_select.cc;13134;0.019999;0.019999;0.0;0.0
opt_subselect.cc;999;0.019999;0.019999;0.0;0.0
sql_select.cc;26126;0.019999;0.019999;0.0;0.0
page0cur.cc;614;0.019999;0.019999;0.0;0.0
sql_string.h;112;0.019999;0.019999;0.0;0.0
sql_class.cc;3421;0.019999;0.019999;0.0;0.0
field.cc;961;0.019999;0.019999;0.0;0.0
sql_parse.cc;2459;0.019999;0.019999;0.0;0.0
sql_string.h;111;0.019999;0.019999;0.0;0.0
memmove-vec-unaligned-erms.S;275;0.019999;0.019999;0.0;0.0
ha_innodb.cc;9292;0.019999;0.019999;0.0;0.0
pthread_mutex_unlock.c;60;0.019999;0.019999;0.0;0.0
sql_class.h;1918;0.019999;0.019999;0.0;0.0
rem0rec.inl;652;0.019999;0.019999;0.0;0.0
sql_prepare.cc;5490;0.019999;0.019999;0.0;0.0
table.cc;6436;0.019999;0.019999;0.0;0.0
item.cc;3386;0.019999;0.019999;0.0;0.0
strcoll.inl;149;0.019999;0.019999;0.0;0.0
row0mysql.cc;1029;0.019999;0.019999;0.0;0.0
malloc.c;4550;0.019999;0.019999;0.0;0.0
rem0cmp.cc;414;0.019999;0.019999;0.0;0.0
sql_select.cc;29601;0.019999;0.019999;0.0;0.0
sql_select.h;968;0.019999;0.019999;0.0;0.0
handler.cc;7234;0.019999;0.019999;0.0;0.0
ha_innodb.cc;8717;0.019999;0.019999;0.0;0.0
sql_lex.cc;3102;0.019999;0.019999;0.0;0.0
item_cmpfunc.cc;448;0.019999;0.019999;0.0;0.0
sql_update.cc;1872;0.019999;0.019999;0.0;0.0
item.h;1742;0.019999;0.019999;0.0;0.0
protocol.cc;1251;0.019999;0.019999;0.0;0.0
sql_parse.cc;6136;0.019999;0.019999;0.0;0.0
item_cmpfunc.h;3622;0.019999;0.019999;0.0;0.0
memmove-vec-unaligned-erms.S;462;0.019999;0.019999;0.0;0.0
lock0lock.cc;4687;0.019999;0.019999;0.0;0.0
opt_subselect.cc;6710;0.019999;0.019999;0.0;0.0
sql_lex.cc;6327;0.019999;0.019999;0.0;0.0
sql_class.h;4239;0.019999;0.019999;0.0;0.0
malloc.c;1288;0.019999;0.019999;0.0;0.0
sql_parse.cc;6152;0.019999;0.019999;0.0;0.0
protocol.cc;289;0.019999;0.019999;0.0;0.0
memmove-vec-unaligned-erms.S;541;0.019999;0.019999;0.0;0.0
sql_prepare.cc;5631;0.019999;0.019999;0.0;0.0
btr0cur.cc;3040;0.019999;0.019999;0.0;0.0
handler.cc;2155;0.019999;0.019999;0.0;0.0
my_bitmap.h;96;0.019999;0.019999;0.0;0.0
item.h;2314;0.019999;0.019999;0.0;0.0
btr0cur.cc;1194;0.019999;0.019999;0.0;0.0
sql_select.cc;7456;0.019999;0.019999;0.0;0.0
item.h;1160;0.019999;0.019999;0.0;0.0
ha_innodb.cc;9385;0.019999;0.019999;0.0;0.0
sql_array.h;122;0.019999;0.019999;0.0;0.0
sql_base.cc;8275;0.019999;0.019999;0.0;0.0
table.cc;7794;0.019999;0.019999;0.0;0.0
sql_select.h;858;0.019999;0.019999;0.0;0.0
ut0byte.h;74;0.019999;0.019999;0.0;0.0
temporary_tables.cc;791;0.019999;0.019999;0.0;0.0
sql_update.cc;3364;0.019998;0.019998;0.0;0.0
row0sel.cc;4164;0.019998;0.019998;0.0;0.0
sql_select.cc;2030;0.019998;0.019998;0.0;0.0
sql_prepare.cc;5420;0.019998;0.019998;0.0;0.0
sql_select.cc;6872;0.019998;0.019998;0.0;0.0
lf_hash.cc;473;0.019998;0.019998;0.0;0.0
opt_range.cc;14779;0.019998;0.019998;0.0;0.0
key.cc;518;0.019998;0.019998;0.0;0.0
sql_select.cc;24316;0.019998;0.019998;0.0;0.0
mdl.cc;874;0.019998;0.019998;0.0;0.0
field.cc;2657;0.019998;0.019998;0.0;0.0
my_json_writer.h;646;0.019998;0.019998;0.0;0.0
strcmp-avx2.S;303;0.019998;0.019998;0.0;0.0
opt_range.cc;17221;0.019998;0.019998;0.0;0.0
item.h;6000;0.019998;0.019998;0.0;0.0
page0page.h;217;0.019998;0.019998;0.0;0.0
field.cc;11690;0.019998;0.019998;0.0;0.0
ha_innodb.cc;8883;0.019998;0.019998;0.0;0.0
my_bit.h;138;0.019998;0.019998;0.0;0.0
records.cc;373;0.019998;0.019998;0.0;0.0
handler.cc;7607;0.019998;0.019998;0.0;0.0
net_serv.cc;694;0.019998;0.019998;0.0;0.0
sql_parse.cc;2528;0.019998;0.019998;0.0;0.0
opt_range.cc;12436;0.019998;0.019998;0.0;0.0
ha_innodb.cc;16775;0.019998;0.019998;0.0;0.0
btr0cur.cc;1483;0.019998;0.019998;0.0;0.0
my_alloc.c;53;0.019998;0.019998;0.0;0.0
btr0cur.cc;1471;0.019998;0.019998;0.0;0.0
malloc.c;3272;0.019998;0.019998;0.0;0.0
sql_base.cc;8169;0.019998;0.019998;0.0;0.0
opt_subselect.cc;2551;0.019998;0.019998;0.0;0.0
trx0rec.cc;1273;0.019998;0.019998;0.0;0.0
sql_class.h;1388;0.019998;0.019998;0.0;0.0
opt_range_mrr.cc;247;0.019998;0.019998;0.0;0.0
page0cur.cc;450;0.019998;0.019998;0.0;0.0
sql_class.cc;4925;0.019998;0.019998;0.0;0.0
unique_lock.h;113;0.019998;0.019998;0.0;0.0
row0upd.cc;1169;0.019998;0.019998;0.0;0.0
handler.h;5343;0.019998;0.019998;0.0;0.0
sql_explain.cc;185;0.019998;0.019998;0.0;0.0
sql_type.h;7951;0.019998;0.019998;0.0;0.0
ha_innodb.cc;16463;0.019998;0.019998;0.0;0.0
net_serv.cc;1069;0.019998;0.019998;0.0;0.0
ha_innodb.cc;7662;0.019998;0.019998;0.0;0.0
table.cc;8973;0.019997;0.019997;0.0;0.0
records.cc;364;0.019997;0.019997;0.0;0.0
my_bit.h;160;0.019997;0.019997;0.0;0.0
protocol.cc;46;0.019997;0.019997;0.0;0.0
sql_parse.cc;3905;0.019997;0.019997;0.0;0.0
lf_hash.cc;456;0.019997;0.019997;0.0;0.0
sql_type.cc;8203;0.019997;0.019997;0.0;0.0
sql_parse.cc;4508;0.019997;0.019997;0.0;0.0
opt_subselect.cc;5570;0.019997;0.019997;0.0;0.0
item_func.cc;450;0.019997;0.019997;0.0;0.0
lex_string.h;32;0.019997;0.019997;0.0;0.0
sql_class.cc;4913;0.019996;0.019996;0.0;0.0
crc32c_amd64.cc;224;0.019996;0.019996;0.0;0.0
item_cmpfunc.cc;514;0.019995;0.019995;0.0;0.0
row0ins.cc;2500;0.019994;0.019994;0.0;0.0
field.cc;985;0.019988;0.019988;0.0;0.0
pthread_mutex_unlock.c;83;0.019965;0.019965;0.0;0.0
sql_select.cc;2457;0.019001;0.019001;0.0;0.0
row0upd.cc;2684;0.019001;0.019001;0.0;0.0
sql_lex.cc;5616;0.019001;0.019001;0.0;0.0
data0data.h;609;0.019000;0.019000;0.0;0.0
handler.cc;6527;0.019000;0.019000;0.0;0.0
sql_select.cc;15456;0.019000;0.019000;0.0;0.0
sql_class.h;5865;0.019000;0.019000;0.0;0.0
opt_range.cc;8868;0.019000;0.019000;0.0;0.0
item_cmpfunc.cc;690;0.019000;0.019000;0.0;0.0
sql_prepare.cc;3260;0.019000;0.019000;0.0;0.0
sql_base.cc;4672;0.019000;0.019000;0.0;0.0
sql_type_json.cc;117;0.019000;0.019000;0.0;0.0
item_cmpfunc.cc;7464;0.018999;0.018999;0.0;0.0
sql_base.cc;9403;0.018999;0.018999;0.0;0.0
sql_base.cc;2496;0.018999;0.018999;0.0;0.0
lock.cc;204;0.018999;0.018999;0.0;0.0
sql_list.h;148;0.018999;0.018999;0.0;0.0
btr0cur.cc;3493;0.018999;0.018999;0.0;0.0
ha_innodb.cc;8836;0.018999;0.018999;0.0;0.0
strings_def.h;221;0.018998;0.018998;0.0;0.0
table.cc;6426;0.018998;0.018998;0.0;0.0
row0row.cc;279;0.018998;0.018998;0.0;0.0
memset-vec-unaligned-erms.S;394;0.018998;0.018998;0.0;0.0
page0page.h;782;0.018997;0.018997;0.0;0.0
sql_acl.cc;10315;0.018997;0.018997;0.0;0.0
sql_parse.cc;7063;0.018997;0.018997;0.0;0.0
sql_base.cc;8696;0.018997;0.018997;0.0;0.0
my_bitmap.c;510;0.018997;0.018997;0.0;0.0
page0cur.inl;157;0.018000;0.018000;0.0;0.0
ilist.h;130;0.018000;0.018000;0.0;0.0
memcmp-avx2-movbe.S;402;0.018000;0.018000;0.0;0.0
sql_select.cc;6090;0.017999;0.017999;0.0;0.0
sql_base.cc;2363;0.017999;0.017999;0.0;0.0
small_vector.h;40;0.017999;0.017999;0.0;0.0
sql_base.cc;6346;0.015999;0.015999;0.0;0.0
field.cc;7466;0.012002;0.012002;0.0;0.0
memset-vec-unaligned-erms.S;237;0.012000;0.012000;0.0;0.0
opt_range_mrr.cc;83;0.012000;0.012000;0.0;0.0
sql_select.cc;5158;0.012000;0.012000;0.0;0.0
sql_explain.cc;76;0.011003;0.011003;0.0;0.0
malloc.c;3930;0.011002;0.011002;0.0;0.0
sql_type.h;4186;0.011001;0.011001;0.0;0.0
row0sel.cc;6118;0.011001;0.011001;0.0;0.0
net_serv.cc;832;0.011001;0.011001;0.0;0.0
memmove-vec-unaligned-erms.S;407;0.011001;0.011001;0.0;0.0
sql_delete.cc;2189;0.011001;0.011001;0.0;0.0
sql_lex.cc;4514;0.011001;0.011001;0.0;0.0
sql_update.cc;1924;0.011001;0.011001;0.0;0.0
sql_update.cc;437;0.011001;0.011001;0.0;0.0
sql_insert.cc;1809;0.011001;0.011001;0.0;0.0
sql_select.cc;21545;0.011001;0.011001;0.0;0.0
sql_select.cc;31103;0.011001;0.011001;0.0;0.0
sql_delete.cc;624;0.011001;0.011001;0.0;0.0
page0page.inl;409;0.011001;0.011001;0.0;0.0
mach0data.inl;465;0.011001;0.011001;0.0;0.0
sql_base.cc;2352;0.011001;0.011001;0.0;0.0
handler.h;2046;0.011001;0.011001;0.0;0.0
row0sel.cc;5167;0.011001;0.011001;0.0;0.0
rem0rec.inl;1113;0.011001;0.011001;0.0;0.0
rem0rec.cc;441;0.011000;0.011000;0.0;0.0
lock0lock.cc;1924;0.011000;0.011000;0.0;0.0
malloc.c;4438;0.011000;0.011000;0.0;0.0
sql_insert.cc;1857;0.011000;0.011000;0.0;0.0
field.h;1956;0.011000;0.011000;0.0;0.0
trx0rec.cc;1928;0.011000;0.011000;0.0;0.0
sql_select.cc;13137;0.011000;0.011000;0.0;0.0
opt_range_mrr.cc;98;0.011000;0.011000;0.0;0.0
transaction.cc;257;0.011000;0.011000;0.0;0.0
item_cmpfunc.h;646;0.011000;0.011000;0.0;0.0
item_func.cc;401;0.011000;0.011000;0.0;0.0
lock.cc;157;0.011000;0.011000;0.0;0.0
records.cc;390;0.011000;0.011000;0.0;0.0
item.cc;6635;0.011000;0.011000;0.0;0.0
lock0lock.cc;6324;0.011000;0.011000;0.0;0.0
mdl.cc;2709;0.011000;0.011000;0.0;0.0
mtr0log.h;56;0.011000;0.011000;0.0;0.0
ctype-utf8.h;142;0.011000;0.011000;0.0;0.0
field.cc;4688;0.011000;0.011000;0.0;0.0
memset-vec-unaligned-erms.S;399;0.011000;0.011000;0.0;0.0
item.cc;6886;0.011000;0.011000;0.0;0.0
handler.h;3756;0.011000;0.011000;0.0;0.0
handler.cc;1875;0.011000;0.011000;0.0;0.0
btr0cur.cc;3217;0.011000;0.011000;0.0;0.0
sql_cte.cc;1397;0.011000;0.011000;0.0;0.0
mtr0log.h;425;0.011000;0.011000;0.0;0.0
sql_explain.h;1044;0.011000;0.011000;0.0;0.0
sql_union.cc;2835;0.010999;0.010999;0.0;0.0
sql_select.cc;2180;0.010999;0.010999;0.0;0.0
opt_range_mrr.cc;170;0.010999;0.010999;0.0;0.0
sql_insert.cc;291;0.010999;0.010999;0.0;0.0
item.cc;7427;0.010999;0.010999;0.0;0.0
item.cc;3776;0.010999;0.010999;0.0;0.0
sql_update.cc;1087;0.010999;0.010999;0.0;0.0
sql_type.cc;4511;0.010999;0.010999;0.0;0.0
page0cur.cc;1460;0.010999;0.010999;0.0;0.0
sql_insert.cc;2580;0.010998;0.010998;0.0;0.0
sql_statistics.cc;3217;0.010998;0.010998;0.0;0.0
sql_class.cc;3300;0.010005;0.010005;0.0;0.0
data0data.inl;295;0.010004;0.010004;0.0;0.0
field.cc;4646;0.010004;0.010004;0.0;0.0
sql_select.cc;29115;0.010004;0.010004;0.0;0.0
wait_notification.cc;23;0.010004;0.010004;0.0;0.0
fut0lst.cc;66;0.010003;0.010003;0.0;0.0
page0cur.cc;504;0.010003;0.010003;0.0;0.0
mem0mem.cc;305;0.010003;0.010003;0.0;0.0
btr0cur.cc;2354;0.010002;0.010002;0.0;0.0
sql_update.cc;2052;0.010002;0.010002;0.0;0.0
handler.cc;4320;0.010002;0.010002;0.0;0.0
handler.cc;8262;0.010002;0.010002;0.0;0.0
sql_select.cc;18098;0.010002;0.010002;0.0;0.0
memmove-vec-unaligned-erms.S;379;0.010002;0.010002;0.0;0.0
opt_subselect.cc;5573;0.010002;0.010002;0.0;0.0
sql_class.h;1362;0.010002;0.010002;0.0;0.0
ha_innodb.cc;8057;0.010001;0.010001;0.0;0.0
page0page.cc;182;0.010001;0.010001;0.0;0.0
item.cc;4584;0.010001;0.010001;0.0;0.0
sql_parse.cc;6015;0.010001;0.010001;0.0;0.0
sql_select.h;2290;0.010001;0.010001;0.0;0.0
field.cc;2247;0.010001;0.010001;0.0;0.0
sql_select.cc;1831;0.010001;0.010001;0.0;0.0
ha_innodb.cc;16708;0.010001;0.010001;0.0;0.0
rem0rec.cc;1587;0.010001;0.010001;0.0;0.0
sql_plist.h;91;0.010001;0.010001;0.0;0.0
handler.cc;3820;0.010001;0.010001;0.0;0.0
sql_base.cc;8354;0.010001;0.010001;0.0;0.0
sql_update.cc;3349;0.010001;0.010001;0.0;0.0
sql_class.cc;6164;0.010001;0.010001;0.0;0.0
my_json_writer.h;645;0.010001;0.010001;0.0;0.0
sql_plist.h;86;0.010001;0.010001;0.0;0.0
page0cur.cc;1442;0.010001;0.010001;0.0;0.0
opt_range.cc;2741;0.010001;0.010001;0.0;0.0
item.h;3977;0.010001;0.010001;0.0;0.0
sql_base.cc;5831;0.010001;0.010001;0.0;0.0
ctype-bin.c;95;0.010001;0.010001;0.0;0.0
sql_select.h;1062;0.010001;0.010001;0.0;0.0
table.cc;9289;0.010001;0.010001;0.0;0.0
sql_update.cc;523;0.010001;0.010001;0.0;0.0
item.h;4523;0.010001;0.010001;0.0;0.0
sql_insert.cc;820;0.010001;0.010001;0.0;0.0
row0mysql.cc;1652;0.010001;0.010001;0.0;0.0
sql_select.cc;511;0.010001;0.010001;0.0;0.0
multi_range_read.cc;233;0.010001;0.010001;0.0;0.0
row0mysql.cc;602;0.010001;0.010001;0.0;0.0
sql_base.cc;1728;0.010001;0.010001;0.0;0.0
my_bitmap.c;510;0.010001;0.010001;0.0;0.0
row0upd.cc;1481;0.010001;0.010001;0.0;0.0
sql_base.cc;1179;0.010001;0.010001;0.0;0.0
sql_class.cc;3463;0.010001;0.010001;0.0;0.0
trx0undo.cc;1429;0.010001;0.010001;0.0;0.0
page0page.h;229;0.010001;0.010001;0.0;0.0
hasher-mysql5x.c;24;0.010001;0.010001;0.0;0.0
dict0dict.cc;2183;0.010001;0.010001;0.0;0.0
item_cmpfunc.cc;698;0.010001;0.010001;0.0;0.0
stl_tree.h;3001;0.010001;0.010001;0.0;0.0
row0ins.cc;3517;0.010001;0.010001;0.0;0.0
send.c;24;0.010001;0.010001;0.0;0.0
item_cmpfunc.h;664;0.010001;0.010001;0.0;0.0
item_cmpfunc.cc;430;0.010001;0.010001;0.0;0.0
hash.c;295;0.010001;0.010001;0.0;0.0
sql_select.h;951;0.010001;0.010001;0.0;0.0
sql_lex.cc;3814;0.010001;0.010001;0.0;0.0
sql_list.h;240;0.010001;0.010001;0.0;0.0
sql_class.h;1369;0.010001;0.010001;0.0;0.0
row0sel.cc;4476;0.010001;0.010001;0.0;0.0
sql_lex.cc;3631;0.010001;0.010001;0.0;0.0
row0ins.cc;3854;0.010001;0.010001;0.0;0.0
row0upd.cc;2475;0.010001;0.010001;0.0;0.0
sql_explain.cc;1502;0.010001;0.010001;0.0;0.0
table.cc;6767;0.010001;0.010001;0.0;0.0
table.cc;9292;0.010001;0.010001;0.0;0.0
sql_update.cc;1014;0.010001;0.010001;0.0;0.0
protocol.cc;242;0.010001;0.010001;0.0;0.0
handler.h;2142;0.010001;0.010001;0.0;0.0
sql_select.cc;17484;0.010001;0.010001;0.0;0.0
sql_base.cc;2016;0.010001;0.010001;0.0;0.0
trx0rec.cc;1189;0.010001;0.010001;0.0;0.0
opt_range.cc;8007;0.010001;0.010001;0.0;0.0
field.h;1198;0.010001;0.010001;0.0;0.0
sql_select.cc;5918;0.010001;0.010001;0.0;0.0
opt_range.cc;1227;0.010001;0.010001;0.0;0.0
row0row.cc;667;0.010001;0.010001;0.0;0.0
sql_select.cc;13776;0.010001;0.010001;0.0;0.0
lock0lock.cc;6204;0.010001;0.010001;0.0;0.0
opt_range_mrr.cc;336;0.010001;0.010001;0.0;0.0
sql_base.cc;7003;0.010001;0.010001;0.0;0.0
handler.cc;2222;0.010001;0.010001;0.0;0.0
sql_base.cc;6634;0.010001;0.010001;0.0;0.0
sql_select.cc;7931;0.010001;0.010001;0.0;0.0
row0sel.cc;5357;0.010001;0.010001;0.0;0.0
temporary_tables.cc;523;0.010001;0.010001;0.0;0.0
btr0cur.cc;5676;0.010001;0.010001;0.0;0.0
sql_parse.cc;3992;0.010001;0.010001;0.0;0.0
opt_range_mrr.cc;273;0.010001;0.010001;0.0;0.0
sql_update.cc;482;0.010001;0.010001;0.0;0.0
row0sel.cc;5337;0.010001;0.010001;0.0;0.0
sql_type.cc;1527;0.010001;0.010001;0.0;0.0
sql_select.cc;21575;0.010001;0.010001;0.0;0.0
sql_select.cc;6070;0.010001;0.010001;0.0;0.0
ha_innodb.cc;3851;0.010001;0.010001;0.0;0.0
sql_explain.h;214;0.010001;0.010001;0.0;0.0
field.h;2672;0.010001;0.010001;0.0;0.0
opt_trace.cc;520;0.010001;0.010001;0.0;0.0
pthread_mutex_lock.c;113;0.010001;0.010001;0.0;0.0
lf_hash.cc;435;0.010001;0.010001;0.0;0.0
sql_prepare.cc;5629;0.010001;0.010001;0.0;0.0
sql_update.cc;674;0.010001;0.010001;0.0;0.0
sql_select.cc;6058;0.010001;0.010001;0.0;0.0
sql_prepare.cc;415;0.010001;0.010001;0.0;0.0
sql_error.cc;597;0.010001;0.010001;0.0;0.0
table.cc;8033;0.010001;0.010001;0.0;0.0
sql_update.cc;522;0.010001;0.010001;0.0;0.0
sql_explain.cc;904;0.010001;0.010001;0.0;0.0
sql_type.cc;2180;0.010001;0.010001;0.0;0.0
sql_type.cc;8235;0.010001;0.010001;0.0;0.0
dict0dict.cc;436;0.010001;0.010001;0.0;0.0
sql_type_json.cc;111;0.010001;0.010001;0.0;0.0
sql_select.cc;5715;0.010001;0.010001;0.0;0.0
row0mysql.cc;547;0.010001;0.010001;0.0;0.0
sql_select.cc;5420;0.010001;0.010001;0.0;0.0
sql_list.h;148;0.010001;0.010001;0.0;0.0
sql_base.cc;4570;0.010001;0.010001;0.0;0.0
item.h;2731;0.010001;0.010001;0.0;0.0
thr_rwlock.c;171;0.010001;0.010001;0.0;0.0
opt_subselect.cc;6725;0.010001;0.010001;0.0;0.0
trx0rec.cc;1432;0.010001;0.010001;0.0;0.0
sql_prepare.cc;3339;0.010001;0.010001;0.0;0.0
malloc.c;4222;0.010001;0.010001;0.0;0.0
row0sel.cc;4486;0.010001;0.010001;0.0;0.0
lock0lock.cc;4143;0.010001;0.010001;0.0;0.0
sql_parse.cc;6873;0.010001;0.010001;0.0;0.0
sql_base.cc;5956;0.010001;0.010001;0.0;0.0
sql_select.cc;6476;0.010001;0.010001;0.0;0.0
dict0dict.inl;707;0.010001;0.010001;0.0;0.0
sql_select.cc;5678;0.010001;0.010001;0.0;0.0
sql_base.cc;4199;0.010001;0.010001;0.0;0.0
ha_innodb.cc;4768;0.010001;0.010001;0.0;0.0
sql_update.h;70;0.010001;0.010001;0.0;0.0
sql_prepare.cc;3503;0.010001;0.010001;0.0;0.0
mdl.cc;2550;0.010001;0.010001;0.0;0.0
memmove-vec-unaligned-erms.S;498;0.010001;0.010001;0.0;0.0
sql_prepare.cc;5436;0.010001;0.010001;0.0;0.0
item.cc;4616;0.010001;0.010001;0.0;0.0
mysql_thread.h;999;0.010001;0.010001;0.0;0.0
sql_select.cc;29403;0.010001;0.010001;0.0;0.0
opt_range_mrr.cc;242;0.010001;0.010001;0.0;0.0
sql_select.cc;1958;0.010001;0.010001;0.0;0.0
records.cc;398;0.010001;0.010001;0.0;0.0
handler.cc;1462;0.010001;0.010001;0.0;0.0
item.cc;6912;0.010001;0.010001;0.0;0.0
my_alloc.c;422;0.010001;0.010001;0.0;0.0
sql_insert.cc;988;0.010001;0.010001;0.0;0.0
sql_type.cc;1605;0.010001;0.010001;0.0;0.0
sql_select.cc;13809;0.010001;0.010001;0.0;0.0
ha_innodb.cc;7233;0.010001;0.010001;0.0;0.0
sql_delete.cc;1051;0.010001;0.010001;0.0;0.0
ha_innodb.cc;5209;0.010001;0.010001;0.0;0.0
fut0lst.cc;226;0.010001;0.010001;0.0;0.0
net_serv.cc;1101;0.010001;0.010001;0.0;0.0
handler.cc;7577;0.010001;0.010001;0.0;0.0
sql_insert.cc;1715;0.010001;0.010001;0.0;0.0
sql_cache.cc;1173;0.010001;0.010001;0.0;0.0
sql_parse.cc;2623;0.010001;0.010001;0.0;0.0
btr0cur.cc;2463;0.010001;0.010001;0.0;0.0
sql_select.cc;1599;0.010001;0.010001;0.0;0.0
sql_insert.cc;1130;0.010001;0.010001;0.0;0.0
handler.cc;1470;0.010001;0.010001;0.0;0.0
sql_select.cc;21542;0.010001;0.010001;0.0;0.0
rem0rec.h;252;0.010001;0.010001;0.0;0.0
opt_range.cc;12540;0.010001;0.010001;0.0;0.0
btr0cur.cc;2885;0.010001;0.010001;0.0;0.0
sql_select.cc;16645;0.010001;0.010001;0.0;0.0
trx0rseg.cc;306;0.010001;0.010001;0.0;0.0
opt_range.cc;8065;0.010001;0.010001;0.0;0.0
item.cc;3389;0.010001;0.010001;0.0;0.0
srw_lock.cc;257;0.010001;0.010001;0.0;0.0
array.c;106;0.010001;0.010001;0.0;0.0
sql_select.cc;2089;0.010001;0.010001;0.0;0.0
data0data.inl;94;0.010001;0.010001;0.0;0.0
sql_class.cc;3331;0.010001;0.010001;0.0;0.0
sql_parse.cc;1267;0.010001;0.010001;0.0;0.0
sql_class.h;4233;0.010000;0.010000;0.0;0.0
sql_select.cc;7738;0.010000;0.010000;0.0;0.0
sql_select.cc;6082;0.010000;0.010000;0.0;0.0
sql_select.cc;24170;0.010000;0.010000;0.0;0.0
opt_range.cc;1355;0.010000;0.010000;0.0;0.0
sql_base.cc;8643;0.010000;0.010000;0.0;0.0
sql_base.cc;9394;0.010000;0.010000;0.0;0.0
ctype-utf8.c;2828;0.010000;0.010000;0.0;0.0
sql_select.cc;16799;0.010000;0.010000;0.0;0.0
sql_lex.cc;5627;0.010000;0.010000;0.0;0.0
ha_innodb.cc;7438;0.010000;0.010000;0.0;0.0
fut0lst.cc;40;0.010000;0.010000;0.0;0.0
item.cc;432;0.010000;0.010000;0.0;0.0
sql_delete.cc;161;0.010000;0.010000;0.0;0.0
sql_select.cc;34830;0.010000;0.010000;0.0;0.0
field.h;2675;0.010000;0.010000;0.0;0.0
my_json_writer.h;395;0.010000;0.010000;0.0;0.0
ha_innodb.cc;9155;0.010000;0.010000;0.0;0.0
sql_parse.cc;1654;0.010000;0.010000;0.0;0.0
opt_range_mrr.cc;105;0.010000;0.010000;0.0;0.0
row0upd.cc;1794;0.010000;0.010000;0.0;0.0
sql_update.cc;3119;0.010000;0.010000;0.0;0.0
sql_parse.cc;6143;0.010000;0.010000;0.0;0.0
item.h;1093;0.010000;0.010000;0.0;0.0
sql_explain.h;660;0.010000;0.010000;0.0;0.0
sql_select.cc;6834;0.010000;0.010000;0.0;0.0
sql_select.cc;21527;0.010000;0.010000;0.0;0.0
btr0cur.cc;1468;0.010000;0.010000;0.0;0.0
multi_range_read.h;562;0.010000;0.010000;0.0;0.0
table.cc;8062;0.010000;0.010000;0.0;0.0
lock0lock.cc;1526;0.010000;0.010000;0.0;0.0
lf_hash.cc;114;0.010000;0.010000;0.0;0.0
sql_lex.cc;4776;0.010000;0.010000;0.0;0.0
sql_class.h;3255;0.010000;0.010000;0.0;0.0
item.h;1895;0.010000;0.010000;0.0;0.0
sql_update.cc;2390;0.010000;0.010000;0.0;0.0
read0types.h;252;0.010000;0.010000;0.0;0.0
sql_select.cc;17444;0.010000;0.010000;0.0;0.0
array.c;239;0.010000;0.010000;0.0;0.0
opt_range.cc;2632;0.010000;0.010000;0.0;0.0
table.cc;8952;0.010000;0.010000;0.0;0.0
sql_base.cc;8099;0.010000;0.010000;0.0;0.0
pwrite64.c;26;0.010000;0.010000;0.0;0.0
sql_select.cc;13801;0.010000;0.010000;0.0;0.0
sql_base.cc;8360;0.010000;0.010000;0.0;0.0
ha_innodb.cc;9033;0.010000;0.010000;0.0;0.0
sql_select.cc;3262;0.010000;0.010000;0.0;0.0
page0cur.cc;492;0.010000;0.010000;0.0;0.0
sql_select.cc;5718;0.010000;0.010000;0.0;0.0
sql_select.cc;2464;0.010000;0.010000;0.0;0.0
sql_prepare.cc;4856;0.010000;0.010000;0.0;0.0
lock0lock.h;970;0.010000;0.010000;0.0;0.0
dict0dict.inl;66;0.010000;0.010000;0.0;0.0
row0upd.cc;1826;0.010000;0.010000;0.0;0.0
mtr0log.h;351;0.010000;0.010000;0.0;0.0
opt_range.cc;9628;0.010000;0.010000;0.0;0.0
ha_innodb.cc;8447;0.010000;0.010000;0.0;0.0
sql_plist.h;126;0.010000;0.010000;0.0;0.0
sql_select.cc;16227;0.010000;0.010000;0.0;0.0
page0page.cc;1227;0.010000;0.010000;0.0;0.0
ha_innodb.cc;7991;0.010000;0.010000;0.0;0.0
ha_innodb.cc;7149;0.010000;0.010000;0.0;0.0
sql_class.h;3281;0.010000;0.010000;0.0;0.0
my_bit.h;160;0.010000;0.010000;0.0;0.0
handler.cc;3831;0.010000;0.010000;0.0;0.0
lock0lock.cc;4188;0.010000;0.010000;0.0;0.0
sql_base.h;663;0.010000;0.010000;0.0;0.0
opt_vcol_substitution.cc;331;0.010000;0.010000;0.0;0.0
sql_base.cc;9152;0.010000;0.010000;0.0;0.0
ilist.h;97;0.010000;0.010000;0.0;0.0
sql_type.h;3221;0.010000;0.010000;0.0;0.0
trx0trx.cc;936;0.010000;0.010000;0.0;0.0
handler.h;2178;0.010000;0.010000;0.0;0.0
my_alloc.c;532;0.010000;0.010000;0.0;0.0
sql_base.cc;8609;0.010000;0.010000;0.0;0.0
sql_union.cc;2772;0.010000;0.010000;0.0;0.0
ha_innodb.cc;7869;0.010000;0.010000;0.0;0.0
table.cc;8989;0.010000;0.010000;0.0;0.0
table.cc;3947;0.010000;0.010000;0.0;0.0
m_ctype.h;1039;0.010000;0.010000;0.0;0.0
opt_range.cc;14748;0.010000;0.010000;0.0;0.0
btr0pcur.cc;189;0.010000;0.010000;0.0;0.0
rem0rec.cc;1200;0.010000;0.010000;0.0;0.0
sql_update.cc;3123;0.010000;0.010000;0.0;0.0
btr0cur.cc;3220;0.010000;0.010000;0.0;0.0
sql_class.h;2037;0.010000;0.010000;0.0;0.0
sql_lex.cc;5671;0.010000;0.010000;0.0;0.0
sql_base.cc;9565;0.010000;0.010000;0.0;0.0
memmove-vec-unaligned-erms.S;403;0.010000;0.010000;0.0;0.0
mdl.cc;1399;0.010000;0.010000;0.0;0.0
opt_range.cc;1350;0.010000;0.010000;0.0;0.0
opt_range.cc;1342;0.010000;0.010000;0.0;0.0
multi_range_read.cc;619;0.010000;0.010000;0.0;0.0
handler.cc;1757;0.010000;0.010000;0.0;0.0
sql_type.h;4058;0.010000;0.010000;0.0;0.0
sql_cte.cc;1408;0.010000;0.010000;0.0;0.0
mdl.cc;2550;0.010000;0.010000;0.0;0.0
sql_prepare.cc;386;0.010000;0.010000;0.0;0.0
opt_range_mrr.cc;86;0.010000;0.010000;0.0;0.0
sql_select.cc;7812;0.010000;0.010000;0.0;0.0
item_cmpfunc.cc;7393;0.010000;0.010000;0.0;0.0
malloc.c;1611;0.010000;0.010000;0.0;0.0
my_alloc.c;509;0.010000;0.010000;0.0;0.0
sql_select.cc;21596;0.010000;0.010000;0.0;0.0
row0upd.cc;417;0.010000;0.010000;0.0;0.0
memcmp-avx2-movbe.S;102;0.010000;0.010000;0.0;0.0
sql_class.h;4821;0.010000;0.010000;0.0;0.0
item.h;3985;0.010000;0.010000;0.0;0.0
sql_select.cc;21541;0.010000;0.010000;0.0;0.0
table.cc;9010;0.010000;0.010000;0.0;0.0
rem0cmp.h;172;0.010000;0.010000;0.0;0.0
mem_root_array.h;183;0.010000;0.010000;0.0;0.0
lf_alloc-pin.c;290;0.010000;0.010000;0.0;0.0
field.cc;11688;0.010000;0.010000;0.0;0.0
opt_range.cc;2889;0.010000;0.010000;0.0;0.0
viosocket.c;199;0.010000;0.010000;0.0;0.0
sql_select.cc;7997;0.010000;0.010000;0.0;0.0
opt_range.cc;9632;0.010000;0.010000;0.0;0.0
page0page.cc;103;0.010000;0.010000;0.0;0.0
my_byteorder.h;155;0.010000;0.010000;0.0;0.0
sql_parse.cc;3788;0.010000;0.010000;0.0;0.0
sql_select.cc;35057;0.010000;0.010000;0.0;0.0
page0page.cc;209;0.010000;0.010000;0.0;0.0
table_cache.cc;465;0.010000;0.010000;0.0;0.0
opt_range.cc;1916;0.010000;0.010000;0.0;0.0
sql_error.cc;551;0.010000;0.010000;0.0;0.0
opt_subselect.cc;613;0.010000;0.010000;0.0;0.0
row0row.cc;669;0.010000;0.010000;0.0;0.0
sql_select.cc;31159;0.010000;0.010000;0.0;0.0
mdl.cc;2715;0.010000;0.010000;0.0;0.0
trx0trx.cc;1613;0.010000;0.010000;0.0;0.0
sql_type.cc;1784;0.010000;0.010000;0.0;0.0
trx0rec.cc;1171;0.010000;0.010000;0.0;0.0
opt_vcol_substitution.cc;154;0.010000;0.010000;0.0;0.0
sql_connect.cc;1512;0.010000;0.010000;0.0;0.0
aio_libaio.cc;63;0.010000;0.010000;0.0;0.0
array.c;214;0.010000;0.010000;0.0;0.0
array.c;344;0.010000;0.010000;0.0;0.0
array.c;73;0.010000;0.010000;0.0;0.0
array.c;240;0.010000;0.010000;0.0;0.0
atomic;312;0.010000;0.010000;0.0;0.0
atomic_base.h;631;0.010000;0.010000;0.0;0.0
atomic_base.h;501;0.010000;0.010000;0.0;0.0
btr0btr.cc;514;0.010000;0.010000;0.0;0.0
btr0btr.cc;3633;0.010000;0.010000;0.0;0.0
btr0cur.cc;4263;0.010000;0.010000;0.0;0.0
btr0cur.cc;2566;0.010000;0.010000;0.0;0.0
btr0cur.cc;1373;0.010000;0.010000;0.0;0.0
btr0cur.cc;2444;0.010000;0.010000;0.0;0.0
btr0cur.cc;1454;0.010000;0.010000;0.0;0.0
btr0cur.cc;3087;0.010000;0.010000;0.0;0.0
btr0cur.cc;3321;0.010000;0.010000;0.0;0.0
btr0cur.cc;1365;0.010000;0.010000;0.0;0.0
btr0cur.cc;1276;0.010000;0.010000;0.0;0.0
btr0cur.cc;957;0.010000;0.010000;0.0;0.0
btr0cur.cc;1002;0.010000;0.010000;0.0;0.0
btr0cur.cc;2487;0.010000;0.010000;0.0;0.0
btr0cur.cc;2388;0.010000;0.010000;0.0;0.0
btr0cur.cc;2527;0.010000;0.010000;0.0;0.0
btr0cur.cc;2404;0.010000;0.010000;0.0;0.0
btr0cur.cc;1161;0.010000;0.010000;0.0;0.0
btr0cur.cc;2427;0.010000;0.010000;0.0;0.0
btr0cur.cc;3536;0.010000;0.010000;0.0;0.0
btr0cur.cc;3527;0.010000;0.010000;0.0;0.0
btr0cur.cc;3034;0.010000;0.010000;0.0;0.0
btr0cur.cc;2995;0.010000;0.010000;0.0;0.0
btr0cur.cc;2483;0.010000;0.010000;0.0;0.0
btr0cur.cc;2310;0.010000;0.010000;0.0;0.0
btr0cur.cc;1217;0.010000;0.010000;0.0;0.0
btr0cur.cc;1488;0.010000;0.010000;0.0;0.0
btr0cur.cc;1724;0.010000;0.010000;0.0;0.0
btr0cur.cc;588;0.010000;0.010000;0.0;0.0
btr0cur.cc;1407;0.010000;0.010000;0.0;0.0
btr0pcur.cc;440;0.010000;0.010000;0.0;0.0
btr0pcur.cc;400;0.010000;0.010000;0.0;0.0
btr0pcur.h;429;0.010000;0.010000;0.0;0.0
btr0pcur.inl;318;0.010000;0.010000;0.0;0.0
btr0sea.cc;1502;0.010000;0.010000;0.0;0.0
btr0sea.cc;1702;0.010000;0.010000;0.0;0.0
btr0sea.h;436;0.010000;0.010000;0.0;0.0
buf0buf.cc;2780;0.010000;0.010000;0.0;0.0
buf0buf.cc;2926;0.010000;0.010000;0.0;0.0
buf0buf.cc;2704;0.010000;0.010000;0.0;0.0
buf0buf.cc;2965;0.010000;0.010000;0.0;0.0
buf0buf.cc;2682;0.010000;0.010000;0.0;0.0
buf0buf.inl;51;0.010000;0.010000;0.0;0.0
buf0buf.inl;66;0.010000;0.010000;0.0;0.0
buf0flu.cc;1507;0.010000;0.010000;0.0;0.0
buf0flu.cc;1500;0.010000;0.010000;0.0;0.0
buf0flu.cc;330;0.010000;0.010000;0.0;0.0
buf0lru.cc;499;0.010000;0.010000;0.0;0.0
buf0lru.cc;679;0.010000;0.010000;0.0;0.0
buf0lru.cc;479;0.010000;0.010000;0.0;0.0
cancellation.c;38;0.010000;0.010000;0.0;0.0
cancellation.c;54;0.010000;0.010000;0.0;0.0
clock_gettime.c;42;0.010000;0.010000;0.0;0.0
crc32c.cc;532;0.010000;0.010000;0.0;0.0
crc32c_amd64.cc;180;0.010000;0.010000;0.0;0.0
crc32c_amd64.cc;617;0.010000;0.010000;0.0;0.0
crc32c_amd64.cc;628;0.010000;0.010000;0.0;0.0
ctype-ascii.h;110;0.010000;0.010000;0.0;0.0
ctype-bin.c;93;0.010000;0.010000;0.0;0.0
ctype-mb.c;337;0.010000;0.010000;0.0;0.0
ctype-mb.inl;191;0.010000;0.010000;0.0;0.0
ctype.c;885;0.010000;0.010000;0.0;0.0
data0data.h;609;0.010000;0.010000;0.0;0.0
data0data.h;599;0.010000;0.010000;0.0;0.0
data0data.inl;404;0.010000;0.010000;0.0;0.0
data0data.inl;241;0.010000;0.010000;0.0;0.0
data0data.inl;293;0.010000;0.010000;0.0;0.0
dict0dict.cc;446;0.010000;0.010000;0.0;0.0
dict0dict.cc;2230;0.010000;0.010000;0.0;0.0
dict0dict.cc;2176;0.010000;0.010000;0.0;0.0
dict0dict.cc;3871;0.010000;0.010000;0.0;0.0
dict0dict.inl;167;0.010000;0.010000;0.0;0.0
dict0mem.h;1431;0.010000;0.010000;0.0;0.0
dict0mem.h;1426;0.010000;0.010000;0.0;0.0
dict0mem.h;2171;0.010000;0.010000;0.0;0.0
dict0mem.h;1392;0.010000;0.010000;0.0;0.0
dict0stats_bg.cc;132;0.010000;0.010000;0.0;0.0
dyn0buf.h;126;0.010000;0.010000;0.0;0.0
field.cc;11417;0.010000;0.010000;0.0;0.0
field.cc;2628;0.010000;0.010000;0.0;0.0
field.cc;2619;0.010000;0.010000;0.0;0.0
field.cc;7551;0.010000;0.010000;0.0;0.0
field.cc;7554;0.010000;0.010000;0.0;0.0
field.cc;2251;0.010000;0.010000;0.0;0.0
field.cc;1011;0.010000;0.010000;0.0;0.0
field.cc;1385;0.010000;0.010000;0.0;0.0
field.cc;7522;0.010000;0.010000;0.0;0.0
field.cc;7562;0.010000;0.010000;0.0;0.0
field.cc;7523;0.010000;0.010000;0.0;0.0
field.cc;964;0.010000;0.010000;0.0;0.0
field.cc;1391;0.010000;0.010000;0.0;0.0
field.cc;7542;0.010000;0.010000;0.0;0.0
field.cc;2250;0.010000;0.010000;0.0;0.0
field.cc;7814;0.010000;0.010000;0.0;0.0
field.cc;4626;0.010000;0.010000;0.0;0.0
field.cc;11805;0.010000;0.010000;0.0;0.0
field.cc;7570;0.010000;0.010000;0.0;0.0
field.h;1405;0.010000;0.010000;0.0;0.0
field.h;2904;0.010000;0.010000;0.0;0.0
field.h;2901;0.010000;0.010000;0.0;0.0
field.h;1669;0.010000;0.010000;0.0;0.0
field.h;2692;0.010000;0.010000;0.0;0.0
field.h;2674;0.010000;0.010000;0.0;0.0
field.h;2869;0.010000;0.010000;0.0;0.0
fil0fil.h;755;0.010000;0.010000;0.0;0.0
fsp0fsp.cc;1717;0.010000;0.010000;0.0;0.0
fsp0fsp.cc;1627;0.010000;0.010000;0.0;0.0
fsp0fsp.cc;3046;0.010000;0.010000;0.0;0.0
fut0lst.cc;318;0.010000;0.010000;0.0;0.0
ha_innodb.cc;7473;0.010000;0.010000;0.0;0.0
ha_innodb.cc;7365;0.010000;0.010000;0.0;0.0
ha_innodb.cc;9256;0.010000;0.010000;0.0;0.0
ha_innodb.cc;3161;0.010000;0.010000;0.0;0.0
ha_innodb.cc;7918;0.010000;0.010000;0.0;0.0
ha_innodb.cc;16462;0.010000;0.010000;0.0;0.0
ha_innodb.cc;7403;0.010000;0.010000;0.0;0.0
ha_innodb.cc;4715;0.010000;0.010000;0.0;0.0
ha_innodb.cc;16624;0.010000;0.010000;0.0;0.0
ha_innodb.cc;8258;0.010000;0.010000;0.0;0.0
ha_innodb.cc;17211;0.010000;0.010000;0.0;0.0
ha_innodb.cc;9177;0.010000;0.010000;0.0;0.0
ha_innodb.cc;9171;0.010000;0.010000;0.0;0.0
ha_innodb.cc;15122;0.010000;0.010000;0.0;0.0
ha_innodb.cc;8449;0.010000;0.010000;0.0;0.0
ha_innodb.cc;8571;0.010000;0.010000;0.0;0.0
ha_innodb.cc;5209;0.010000;0.010000;0.0;0.0
ha_innodb.cc;4658;0.010000;0.010000;0.0;0.0
ha_innodb.cc;7335;0.010000;0.010000;0.0;0.0
ha_innodb.cc;16811;0.010000;0.010000;0.0;0.0
ha_innodb.cc;8980;0.010000;0.010000;0.0;0.0
ha_innodb.cc;7311;0.010000;0.010000;0.0;0.0
ha_innodb.cc;8260;0.010000;0.010000;0.0;0.0
ha_innodb.cc;7297;0.010000;0.010000;0.0;0.0
ha_innodb.cc;8381;0.010000;0.010000;0.0;0.0
ha_innodb.cc;7747;0.010000;0.010000;0.0;0.0
ha_innodb.cc;9285;0.010000;0.010000;0.0;0.0
ha_innodb.cc;17208;0.010000;0.010000;0.0;0.0
ha_innodb.cc;17159;0.010000;0.010000;0.0;0.0
ha_innodb.cc;8993;0.010000;0.010000;0.0;0.0
ha_innodb.cc;17060;0.010000;0.010000;0.0;0.0
ha_innodb.cc;16721;0.010000;0.010000;0.0;0.0
ha_innodb.cc;7231;0.010000;0.010000;0.0;0.0
ha_innodb.cc;8967;0.010000;0.010000;0.0;0.0
ha_innodb.cc;16465;0.010000;0.010000;0.0;0.0
ha_innodb.cc;7815;0.010000;0.010000;0.0;0.0
ha_innodb.cc;20852;0.010000;0.010000;0.0;0.0
ha_innodb.cc;9197;0.010000;0.010000;0.0;0.0
ha_innodb.cc;15276;0.010000;0.010000;0.0;0.0
ha_innodb.cc;7904;0.010000;0.010000;0.0;0.0
ha_innodb.cc;4732;0.010000;0.010000;0.0;0.0
ha_innodb.cc;8391;0.010000;0.010000;0.0;0.0
ha_innodb.cc;7187;0.010000;0.010000;0.0;0.0
ha_innodb.cc;7239;0.010000;0.010000;0.0;0.0
ha_innodb.cc;8052;0.010000;0.010000;0.0;0.0
ha_innodb.cc;7709;0.010000;0.010000;0.0;0.0
ha_innodb.cc;7157;0.010000;0.010000;0.0;0.0
ha_innodb.cc;16261;0.010000;0.010000;0.0;0.0
ha_innodb.cc;8367;0.010000;0.010000;0.0;0.0
ha_innodb.cc;8835;0.010000;0.010000;0.0;0.0
ha_innodb.cc;16797;0.010000;0.010000;0.0;0.0
ha_innodb.cc;2707;0.010000;0.010000;0.0;0.0
ha_innodb.cc;2661;0.010000;0.010000;0.0;0.0
ha_innodb.cc;9006;0.010000;0.010000;0.0;0.0
ha_innodb.cc;3643;0.010000;0.010000;0.0;0.0
ha_innodb.cc;8275;0.010000;0.010000;0.0;0.0
handler.cc;9763;0.010000;0.010000;0.0;0.0
handler.cc;6452;0.010000;0.010000;0.0;0.0
handler.cc;7236;0.010000;0.010000;0.0;0.0
handler.cc;3824;0.010000;0.010000;0.0;0.0
handler.cc;8082;0.010000;0.010000;0.0;0.0
handler.cc;7996;0.010000;0.010000;0.0;0.0
handler.cc;8116;0.010000;0.010000;0.0;0.0
handler.cc;4137;0.010000;0.010000;0.0;0.0
handler.cc;2083;0.010000;0.010000;0.0;0.0
handler.cc;8262;0.010000;0.010000;0.0;0.0
handler.cc;9196;0.010000;0.010000;0.0;0.0
handler.cc;1493;0.010000;0.010000;0.0;0.0
handler.cc;7484;0.010000;0.010000;0.0;0.0
handler.cc;3831;0.010000;0.010000;0.0;0.0
handler.cc;8602;0.010000;0.010000;0.0;0.0
handler.cc;5747;0.010000;0.010000;0.0;0.0
handler.cc;2251;0.010000;0.010000;0.0;0.0
handler.cc;8687;0.010000;0.010000;0.0;0.0
handler.cc;7488;0.010000;0.010000;0.0;0.0
handler.cc;3831;0.010000;0.010000;0.0;0.0
handler.cc;9763;0.010000;0.010000;0.0;0.0
handler.cc;8257;0.010000;0.010000;0.0;0.0
handler.cc;4421;0.010000;0.010000;0.0;0.0
handler.cc;1665;0.010000;0.010000;0.0;0.0
handler.cc;4560;0.010000;0.010000;0.0;0.0
handler.cc;2254;0.010000;0.010000;0.0;0.0
handler.cc;1983;0.010000;0.010000;0.0;0.0
handler.cc;7990;0.010000;0.010000;0.0;0.0
handler.cc;8500;0.010000;0.010000;0.0;0.0
handler.cc;8267;0.010000;0.010000;0.0;0.0
handler.cc;3829;0.010000;0.010000;0.0;0.0
handler.cc;8037;0.010000;0.010000;0.0;0.0
handler.h;4968;0.010000;0.010000;0.0;0.0
handler.h;3071;0.010000;0.010000;0.0;0.0
handler.h;3773;0.010000;0.010000;0.0;0.0
handler.h;4966;0.010000;0.010000;0.0;0.0
handler.h;4434;0.010000;0.010000;0.0;0.0
handler.h;3984;0.010000;0.010000;0.0;0.0
handler.h;4969;0.010000;0.010000;0.0;0.0
handler.h;5282;0.010000;0.010000;0.0;0.0
handler.h;2161;0.010000;0.010000;0.0;0.0
handler.h;6003;0.010000;0.010000;0.0;0.0
hash.c;196;0.010000;0.010000;0.0;0.0
hash.c;263;0.010000;0.010000;0.0;0.0
hash0hash.h;101;0.010000;0.010000;0.0;0.0
hasher-mysql5x.c;20;0.010000;0.010000;0.0;0.0
hashtable.h;2466;0.010000;0.010000;0.0;0.0
hashtable.h;948;0.010000;0.010000;0.0;0.0
hashtable.h;2209;0.010000;0.010000;0.0;0.0
hashtable.h;2205;0.010000;0.010000;0.0;0.0
hashtable_policy.h;901;0.010000;0.010000;0.0;0.0
item.cc;4784;0.010000;0.010000;0.0;0.0
item.cc;747;0.010000;0.010000;0.0;0.0
item.cc;4820;0.010000;0.010000;0.0;0.0
item.cc;6785;0.010000;0.010000;0.0;0.0
item.cc;4841;0.010000;0.010000;0.0;0.0
item.cc;6814;0.010000;0.010000;0.0;0.0
item.cc;431;0.010000;0.010000;0.0;0.0
item.cc;3740;0.010000;0.010000;0.0;0.0
item.cc;4452;0.010000;0.010000;0.0;0.0
item.cc;11836;0.010000;0.010000;0.0;0.0
item.cc;4394;0.010000;0.010000;0.0;0.0
item.cc;3605;0.010000;0.010000;0.0;0.0
item.cc;738;0.010000;0.010000;0.0;0.0
item.cc;4751;0.010000;0.010000;0.0;0.0
item.cc;4932;0.010000;0.010000;0.0;0.0
item.cc;6913;0.010000;0.010000;0.0;0.0
item.cc;3386;0.010000;0.010000;0.0;0.0
item.h;1981;0.010000;0.010000;0.0;0.0
item.h;6157;0.010000;0.010000;0.0;0.0
item.h;1064;0.010000;0.010000;0.0;0.0
item.h;1983;0.010000;0.010000;0.0;0.0
item.h;2223;0.010000;0.010000;0.0;0.0
item.h;4065;0.010000;0.010000;0.0;0.0
item.h;4762;0.010000;0.010000;0.0;0.0
item.h;3657;0.010000;0.010000;0.0;0.0
item.h;1983;0.010000;0.010000;0.0;0.0
item.h;3139;0.010000;0.010000;0.0;0.0
item.h;350;0.010000;0.010000;0.0;0.0
item.h;5995;0.010000;0.010000;0.0;0.0
item.h;2559;0.010000;0.010000;0.0;0.0
item.h;4634;0.010000;0.010000;0.0;0.0
item.h;4449;0.010000;0.010000;0.0;0.0
item.h;4058;0.010000;0.010000;0.0;0.0
item.h;3162;0.010000;0.010000;0.0;0.0
item.h;4086;0.010000;0.010000;0.0;0.0
item.h;1086;0.010000;0.010000;0.0;0.0
item.h;4452;0.010000;0.010000;0.0;0.0
item.h;3186;0.010000;0.010000;0.0;0.0
item.h;6200;0.010000;0.010000;0.0;0.0
item.h;3936;0.010000;0.010000;0.0;0.0
item.h;1271;0.010000;0.010000;0.0;0.0
item_cmpfunc.cc;7609;0.010000;0.010000;0.0;0.0
item_cmpfunc.cc;1028;0.010000;0.010000;0.0;0.0
item_cmpfunc.cc;526;0.010000;0.010000;0.0;0.0
item_cmpfunc.cc;7024;0.010000;0.010000;0.0;0.0
item_cmpfunc.cc;7477;0.010000;0.010000;0.0;0.0
item_cmpfunc.cc;7146;0.010000;0.010000;0.0;0.0
item_cmpfunc.cc;7569;0.010000;0.010000;0.0;0.0
item_cmpfunc.cc;7445;0.010000;0.010000;0.0;0.0
item_cmpfunc.cc;7451;0.010000;0.010000;0.0;0.0
item_cmpfunc.cc;107;0.010000;0.010000;0.0;0.0
item_cmpfunc.cc;7391;0.010000;0.010000;0.0;0.0
item_cmpfunc.cc;7609;0.010000;0.010000;0.0;0.0
item_cmpfunc.h;614;0.010000;0.010000;0.0;0.0
item_cmpfunc.h;3620;0.010000;0.010000;0.0;0.0
item_cmpfunc.h;3636;0.010000;0.010000;0.0;0.0
item_func.cc;7486;0.010000;0.010000;0.0;0.0
item_func.cc;1301;0.010000;0.010000;0.0;0.0
item_func.cc;1204;0.010000;0.010000;0.0;0.0
item_func.cc;387;0.010000;0.010000;0.0;0.0
item_func.cc;1303;0.010000;0.010000;0.0;0.0
item_func.cc;568;0.010000;0.010000;0.0;0.0
item_func.cc;387;0.010000;0.010000;0.0;0.0
item_func.cc;448;0.010000;0.010000;0.0;0.0
item_func.cc;529;0.010000;0.010000;0.0;0.0
item_func.cc;532;0.010000;0.010000;0.0;0.0
item_func.h;150;0.010000;0.010000;0.0;0.0
key.cc;494;0.010000;0.010000;0.0;0.0
key.cc;494;0.010000;0.010000;0.0;0.0
key.cc;516;0.010000;0.010000;0.0;0.0
key.cc;522;0.010000;0.010000;0.0;0.0
lf_alloc-pin.c;444;0.010000;0.010000;0.0;0.0
lf_alloc-pin.c;259;0.010000;0.010000;0.0;0.0
lf_dynarray.c;143;0.010000;0.010000;0.0;0.0
lf_hash.cc;303;0.010000;0.010000;0.0;0.0
lf_hash.cc;106;0.010000;0.010000;0.0;0.0
lf_hash.cc;276;0.010000;0.010000;0.0;0.0
lf_hash.cc;137;0.010000;0.010000;0.0;0.0
lf_hash.cc;220;0.010000;0.010000;0.0;0.0
lf_hash.cc;435;0.010000;0.010000;0.0;0.0
lf_hash.cc;92;0.010000;0.010000;0.0;0.0
lf_hash.cc;438;0.010000;0.010000;0.0;0.0
lf_hash.cc;423;0.010000;0.010000;0.0;0.0
lf_hash.cc;496;0.010000;0.010000;0.0;0.0
lock.cc;438;0.010000;0.010000;0.0;0.0
lock.cc;849;0.010000;0.010000;0.0;0.0
lock.cc;344;0.010000;0.010000;0.0;0.0
lock.cc;338;0.010000;0.010000;0.0;0.0
lock.cc;828;0.010000;0.010000;0.0;0.0
lock.cc;872;0.010000;0.010000;0.0;0.0
lock.cc;424;0.010000;0.010000;0.0;0.0
lock.cc;856;0.010000;0.010000;0.0;0.0
lock.cc;832;0.010000;0.010000;0.0;0.0
lock0lock.cc;4594;0.010000;0.010000;0.0;0.0
lock0lock.cc;1961;0.010000;0.010000;0.0;0.0
lock0lock.cc;6321;0.010000;0.010000;0.0;0.0
lock0lock.cc;6610;0.010000;0.010000;0.0;0.0
lock0lock.cc;1963;0.010000;0.010000;0.0;0.0
lock0lock.cc;4171;0.010000;0.010000;0.0;0.0
lock0lock.cc;6136;0.010000;0.010000;0.0;0.0
lock0lock.cc;3944;0.010000;0.010000;0.0;0.0
lock0lock.cc;6299;0.010000;0.010000;0.0;0.0
lock0lock.cc;6489;0.010000;0.010000;0.0;0.0
lock0lock.cc;1556;0.010000;0.010000;0.0;0.0
lock0lock.cc;3808;0.010000;0.010000;0.0;0.0
lock0priv.inl;90;0.010000;0.010000;0.0;0.0
log.cc;9206;0.010000;0.010000;0.0;0.0
log.cc;14736;0.010000;0.010000;0.0;0.0
log0log.cc;2019;0.010000;0.010000;0.0;0.0
log0log.cc;1701;0.010000;0.010000;0.0;0.0
log0log.cc;2033;0.010000;0.010000;0.0;0.0
log0log.cc;1716;0.010000;0.010000;0.0;0.0
log0log.cc;1161;0.010000;0.010000;0.0;0.0
log0log.cc;2065;0.010000;0.010000;0.0;0.0
log0log.h;714;0.010000;0.010000;0.0;0.0
lowlevellock.c;45;0.010000;0.010000;0.0;0.0
lowlevellock.c;64;0.010000;0.010000;0.0;0.0
m_ctype.h;937;0.010000;0.010000;0.0;0.0
m_string.h;318;0.010000;0.010000;0.0;0.0
mach0data.inl;300;0.010000;0.010000;0.0;0.0
mach0data.inl;214;0.010000;0.010000;0.0;0.0
mach0data.inl;767;0.010000;0.010000;0.0;0.0
mach0data.inl;448;0.010000;0.010000;0.0;0.0
malloc.c;4371;0.010000;0.010000;0.0;0.0
malloc.c;3942;0.010000;0.010000;0.0;0.0
malloc.c;3276;0.010000;0.010000;0.0;0.0
malloc.c;4246;0.010000;0.010000;0.0;0.0
malloc.c;3370;0.010000;0.010000;0.0;0.0
malloc.c;4270;0.010000;0.010000;0.0;0.0
malloc.c;4226;0.010000;0.010000;0.0;0.0
malloc.c;4445;0.010000;0.010000;0.0;0.0
malloc.c;4275;0.010000;0.010000;0.0;0.0
malloc.c;3341;0.010000;0.010000;0.0;0.0
malloc.c;4366;0.010000;0.010000;0.0;0.0
malloc.c;4143;0.010000;0.010000;0.0;0.0
malloc.c;4241;0.010000;0.010000;0.0;0.0
malloc.c;4088;0.010000;0.010000;0.0;0.0
malloc.c;4195;0.010000;0.010000;0.0;0.0
malloc.c;1888;0.010000;0.010000;0.0;0.0
malloc.c;4087;0.010000;0.010000;0.0;0.0
malloc.c;3293;0.010000;0.010000;0.0;0.0
malloc.c;4204;0.010000;0.010000;0.0;0.0
malloc.c;1605;0.010000;0.010000;0.0;0.0
malloc.c;4283;0.010000;0.010000;0.0;0.0
malloc.c;1603;0.010000;0.010000;0.0;0.0
malloc.c;4492;0.010000;0.010000;0.0;0.0
malloc.c;1629;0.010000;0.010000;0.0;0.0
malloc.c;4089;0.010000;0.010000;0.0;0.0
malloc.c;3958;0.010000;0.010000;0.0;0.0
malloc.c;3944;0.010000;0.010000;0.0;0.0
malloc.c;3374;0.010000;0.010000;0.0;0.0
mdl.cc;1729;0.010000;0.010000;0.0;0.0
mdl.cc;1582;0.010000;0.010000;0.0;0.0
mdl.cc;3769;0.010000;0.010000;0.0;0.0
mdl.cc;2757;0.010000;0.010000;0.0;0.0
mdl.cc;2632;0.010000;0.010000;0.0;0.0
mdl.cc;2757;0.010000;0.010000;0.0;0.0
mdl.cc;3091;0.010000;0.010000;0.0;0.0
mdl.cc;2613;0.010000;0.010000;0.0;0.0
mdl.cc;1746;0.010000;0.010000;0.0;0.0
mdl.cc;2493;0.010000;0.010000;0.0;0.0
mdl.cc;3592;0.010000;0.010000;0.0;0.0
mdl.cc;1056;0.010000;0.010000;0.0;0.0
mdl.h;875;0.010000;0.010000;0.0;0.0
mdl.h;344;0.010000;0.010000;0.0;0.0
mdl.h;389;0.010000;0.010000;0.0;0.0
mem0mem.cc;353;0.010000;0.010000;0.0;0.0
mem0mem.inl;177;0.010000;0.010000;0.0;0.0
mem0mem.inl;247;0.010000;0.010000;0.0;0.0
mem0mem.inl;306;0.010000;0.010000;0.0;0.0
mem0mem.inl;189;0.010000;0.010000;0.0;0.0
mem0mem.inl;176;0.010000;0.010000;0.0;0.0
mem0mem.inl;119;0.010000;0.010000;0.0;0.0
mem0mem.inl;234;0.010000;0.010000;0.0;0.0
mem0mem.inl;177;0.010000;0.010000;0.0;0.0
mem_root_array.h;188;0.010000;0.010000;0.0;0.0
mem_root_array.h;187;0.010000;0.010000;0.0;0.0
memcmp-avx2-movbe.S;73;0.010000;0.010000;0.0;0.0
memcmp-avx2-movbe.S;99;0.010000;0.010000;0.0;0.0
memcmp-avx2-movbe.S;440;0.010000;0.010000;0.0;0.0
memcmp-avx2-movbe.S;90;0.010000;0.010000;0.0;0.0
memcmp-avx2-movbe.S;514;0.010000;0.010000;0.0;0.0
memcmp-avx2-movbe.S;423;0.010000;0.010000;0.0;0.0
memcmp-avx2-movbe.S;513;0.010000;0.010000;0.0;0.0
memcmp-avx2-movbe.S;131;0.010000;0.010000;0.0;0.0
memcmp-avx2-movbe.S;81;0.010000;0.010000;0.0;0.0
memcmp-avx2-movbe.S;446;0.010000;0.010000;0.0;0.0
memmove-vec-unaligned-erms.S;488;0.010000;0.010000;0.0;0.0
memmove-vec-unaligned-erms.S;402;0.010000;0.010000;0.0;0.0
memmove-vec-unaligned-erms.S;499;0.010000;0.010000;0.0;0.0
memmove-vec-unaligned-erms.S;405;0.010000;0.010000;0.0;0.0
memmove-vec-unaligned-erms.S;492;0.010000;0.010000;0.0;0.0
memmove-vec-unaligned-erms.S;364;0.010000;0.010000;0.0;0.0
memmove-vec-unaligned-erms.S;305;0.010000;0.010000;0.0;0.0
memmove-vec-unaligned-erms.S;485;0.010000;0.010000;0.0;0.0
memmove-vec-unaligned-erms.S;343;0.010000;0.010000;0.0;0.0
memmove-vec-unaligned-erms.S;486;0.010000;0.010000;0.0;0.0
memmove-vec-unaligned-erms.S;471;0.010000;0.010000;0.0;0.0
memset-vec-unaligned-erms.S;302;0.010000;0.010000;0.0;0.0
memset-vec-unaligned-erms.S;294;0.010000;0.010000;0.0;0.0
memset-vec-unaligned-erms.S;252;0.010000;0.010000;0.0;0.0
memset-vec-unaligned-erms.S;301;0.010000;0.010000;0.0;0.0
memset-vec-unaligned-erms.S;292;0.010000;0.010000;0.0;0.0
mf_qsort.c;197;0.010000;0.010000;0.0;0.0
mf_qsort.c;131;0.010000;0.010000;0.0;0.0
mtr0log.h;442;0.010000;0.010000;0.0;0.0
mtr0log.h;358;0.010000;0.010000;0.0;0.0
mtr0log.h;262;0.010000;0.010000;0.0;0.0
mtr0log.h;340;0.010000;0.010000;0.0;0.0
mtr0log.h;442;0.010000;0.010000;0.0;0.0
mtr0log.h;119;0.010000;0.010000;0.0;0.0
mtr0log.h;536;0.010000;0.010000;0.0;0.0
mtr0log.h;160;0.010000;0.010000;0.0;0.0
mtr0log.h;343;0.010000;0.010000;0.0;0.0
mtr0log.h;87;0.010000;0.010000;0.0;0.0
mtr0log.h;368;0.010000;0.010000;0.0;0.0
mtr0log.h;138;0.010000;0.010000;0.0;0.0
mtr0log.h;341;0.010000;0.010000;0.0;0.0
mtr0log.h;353;0.010000;0.010000;0.0;0.0
mtr0log.h;363;0.010000;0.010000;0.0;0.0
mtr0log.h;505;0.010000;0.010000;0.0;0.0
mtr0mtr.cc;468;0.010000;0.010000;0.0;0.0
mtr0mtr.cc;185;0.010000;0.010000;0.0;0.0
mtr0mtr.cc;1423;0.010000;0.010000;0.0;0.0
mtr0mtr.cc;1203;0.010000;0.010000;0.0;0.0
mtr0mtr.cc;592;0.010000;0.010000;0.0;0.0
mtr0mtr.cc;487;0.010000;0.010000;0.0;0.0
mtr0mtr.cc;523;0.010000;0.010000;0.0;0.0
mtr0mtr.cc;553;0.010000;0.010000;0.0;0.0
mtr0mtr.cc;190;0.010000;0.010000;0.0;0.0
mtr0mtr.cc;414;0.010000;0.010000;0.0;0.0
mtr0mtr.cc;1734;0.010000;0.010000;0.0;0.0
mtr0mtr.cc;543;0.010000;0.010000;0.0;0.0
mtr0mtr.cc;1334;0.010000;0.010000;0.0;0.0
mtr0mtr.cc;131;0.010000;0.010000;0.0;0.0
mtr0mtr.cc;1729;0.010000;0.010000;0.0;0.0
mtr0mtr.cc;504;0.010000;0.010000;0.0;0.0
mtr0mtr.h;242;0.010000;0.010000;0.0;0.0
multi_range_read.cc;1468;0.010000;0.010000;0.0;0.0
multi_range_read.cc;1737;0.010000;0.010000;0.0;0.0
multi_range_read.cc;630;0.010000;0.010000;0.0;0.0
multi_range_read.cc;587;0.010000;0.010000;0.0;0.0
multi_range_read.cc;1478;0.010000;0.010000;0.0;0.0
multi_range_read.cc;185;0.010000;0.010000;0.0;0.0
multi_range_read.cc;404;0.010000;0.010000;0.0;0.0
multi_range_read.cc;215;0.010000;0.010000;0.0;0.0
multi_range_read.cc;1475;0.010000;0.010000;0.0;0.0
multi_range_read.cc;587;0.010000;0.010000;0.0;0.0
multi_range_read.cc;1353;0.010000;0.010000;0.0;0.0
my_alloc.c;410;0.010000;0.010000;0.0;0.0
my_alloc.c;417;0.010000;0.010000;0.0;0.0
my_alloc.c;672;0.010000;0.010000;0.0;0.0
my_alloc.c;517;0.010000;0.010000;0.0;0.0
my_alloc.c;172;0.010000;0.010000;0.0;0.0
my_alloc.c;54;0.010000;0.010000;0.0;0.0
my_alloc.c;409;0.010000;0.010000;0.0;0.0
my_alloc.c;405;0.010000;0.010000;0.0;0.0
my_alloc.c;434;0.010000;0.010000;0.0;0.0
my_bit.h;102;0.010000;0.010000;0.0;0.0
my_bit.h;139;0.010000;0.010000;0.0;0.0
my_bitmap.c;161;0.010000;0.010000;0.0;0.0
my_bitmap.c;575;0.010000;0.010000;0.0;0.0
my_bitmap.c;511;0.010000;0.010000;0.0;0.0
my_bitmap.c;574;0.010000;0.010000;0.0;0.0
my_bitmap.h;109;0.010000;0.010000;0.0;0.0
my_byteorder.h;174;0.010000;0.010000;0.0;0.0
my_byteorder.h;149;0.010000;0.010000;0.0;0.0
my_cpu.h;154;0.010000;0.010000;0.0;0.0
my_decimal.h;307;0.010000;0.010000;0.0;0.0
my_getsystime.c;84;0.010000;0.010000;0.0;0.0
my_json_writer.h;656;0.010000;0.010000;0.0;0.0
my_json_writer.h;469;0.010000;0.010000;0.0;0.0
my_malloc.c;200;0.010000;0.010000;0.0;0.0
my_malloc.c;203;0.010000;0.010000;0.0;0.0
my_stack_alloc.h;44;0.010000;0.010000;0.0;0.0
my_sys.h;543;0.010000;0.010000;0.0;0.0
my_vsnprintf.c;325;0.010000;0.010000;0.0;0.0
my_vsnprintf.c;806;0.010000;0.010000;0.0;0.0
mysql_statement.h;214;0.010000;0.010000;0.0;0.0
mysql_statement.h;235;0.010000;0.010000;0.0;0.0
mysql_thread.h;737;0.010000;0.010000;0.0;0.0
mysql_thread.h;764;0.010000;0.010000;0.0;0.0
mysql_thread.h;745;0.010000;0.010000;0.0;0.0
mysql_thread.h;792;0.010000;0.010000;0.0;0.0
mysql_transaction.h;134;0.010000;0.010000;0.0;0.0
mysqld.cc;3847;0.010000;0.010000;0.0;0.0
net_serv.cc;387;0.010000;0.010000;0.0;0.0
net_serv.cc;1104;0.010000;0.010000;0.0;0.0
net_serv.cc;819;0.010000;0.010000;0.0;0.0
net_serv.cc;385;0.010000;0.010000;0.0;0.0
net_serv.cc;1067;0.010000;0.010000;0.0;0.0
net_serv.cc;997;0.010000;0.010000;0.0;0.0
net_serv.cc;970;0.010000;0.010000;0.0;0.0
net_serv.cc;957;0.010000;0.010000;0.0;0.0
net_serv.cc;842;0.010000;0.010000;0.0;0.0
net_serv.cc;442;0.010000;0.010000;0.0;0.0
net_serv.cc;824;0.010000;0.010000;0.0;0.0
net_serv.cc;392;0.010000;0.010000;0.0;0.0
net_serv.cc;1228;0.010000;0.010000;0.0;0.0
opt_context_store_replay.cc;1674;0.010000;0.010000;0.0;0.0
opt_context_store_replay.cc;1698;0.010000;0.010000;0.0;0.0
opt_context_store_replay.cc;2391;0.010000;0.010000;0.0;0.0
opt_context_store_replay.cc;666;0.010000;0.010000;0.0;0.0
opt_context_store_replay.cc;1682;0.010000;0.010000;0.0;0.0
opt_hints.cc;1289;0.010000;0.010000;0.0;0.0
opt_hints.cc;1834;0.010000;0.010000;0.0;0.0
opt_range.cc;3062;0.010000;0.010000;0.0;0.0
opt_range.cc;2865;0.010000;0.010000;0.0;0.0
opt_range.cc;9482;0.010000;0.010000;0.0;0.0
opt_range.cc;7480;0.010000;0.010000;0.0;0.0
opt_range.cc;1245;0.010000;0.010000;0.0;0.0
opt_range.cc;8853;0.010000;0.010000;0.0;0.0
opt_range.cc;12883;0.010000;0.010000;0.0;0.0
opt_range.cc;9585;0.010000;0.010000;0.0;0.0
opt_range.cc;12442;0.010000;0.010000;0.0;0.0
opt_range.cc;1212;0.010000;0.010000;0.0;0.0
opt_range.cc;8057;0.010000;0.010000;0.0;0.0
opt_range.cc;7466;0.010000;0.010000;0.0;0.0
opt_range.cc;13724;0.010000;0.010000;0.0;0.0
opt_range.cc;3051;0.010000;0.010000;0.0;0.0
opt_range.cc;12710;0.010000;0.010000;0.0;0.0
opt_range.cc;2636;0.010000;0.010000;0.0;0.0
opt_range.cc;9640;0.010000;0.010000;0.0;0.0
opt_range.cc;2840;0.010000;0.010000;0.0;0.0
opt_range.cc;17226;0.010000;0.010000;0.0;0.0
opt_range.cc;8861;0.010000;0.010000;0.0;0.0
opt_range.cc;7986;0.010000;0.010000;0.0;0.0
opt_range.cc;2890;0.010000;0.010000;0.0;0.0
opt_range.cc;12876;0.010000;0.010000;0.0;0.0
opt_range.cc;12654;0.010000;0.010000;0.0;0.0
opt_range.cc;2315;0.010000;0.010000;0.0;0.0
opt_range.cc;2310;0.010000;0.010000;0.0;0.0
opt_range.cc;13729;0.010000;0.010000;0.0;0.0
opt_range.cc;8868;0.010000;0.010000;0.0;0.0
opt_range.cc;9448;0.010000;0.010000;0.0;0.0
opt_range.cc;9783;0.010000;0.010000;0.0;0.0
opt_range.cc;2828;0.010000;0.010000;0.0;0.0
opt_range.cc;12710;0.010000;0.010000;0.0;0.0
opt_range.cc;8026;0.010000;0.010000;0.0;0.0
opt_range.cc;12540;0.010000;0.010000;0.0;0.0
opt_range.cc;1306;0.010000;0.010000;0.0;0.0
opt_range.cc;7986;0.010000;0.010000;0.0;0.0
opt_range.cc;8004;0.010000;0.010000;0.0;0.0
opt_range.cc;2814;0.010000;0.010000;0.0;0.0
opt_range.cc;2755;0.010000;0.010000;0.0;0.0
opt_range.cc;9636;0.010000;0.010000;0.0;0.0
opt_range.cc;1915;0.010000;0.010000;0.0;0.0
opt_range.cc;7975;0.010000;0.010000;0.0;0.0
opt_range.cc;12992;0.010000;0.010000;0.0;0.0
opt_range.h;585;0.010000;0.010000;0.0;0.0
opt_range.h;1064;0.010000;0.010000;0.0;0.0
opt_range.h;1971;0.010000;0.010000;0.0;0.0
opt_range.h;540;0.010000;0.010000;0.0;0.0
opt_range_mrr.cc;247;0.010000;0.010000;0.0;0.0
opt_range_mrr.cc;297;0.010000;0.010000;0.0;0.0
opt_range_mrr.cc;258;0.010000;0.010000;0.0;0.0
opt_sargable_left.cc;122;0.010000;0.010000;0.0;0.0
opt_sargable_left.cc;131;0.010000;0.010000;0.0;0.0
opt_split.cc;1469;0.010000;0.010000;0.0;0.0
opt_split.cc;1500;0.010000;0.010000;0.0;0.0
opt_split.cc;343;0.010000;0.010000;0.0;0.0
opt_split.cc;1551;0.010000;0.010000;0.0;0.0
opt_subselect.cc;2516;0.010000;0.010000;0.0;0.0
opt_subselect.cc;632;0.010000;0.010000;0.0;0.0
opt_subselect.cc;1002;0.010000;0.010000;0.0;0.0
opt_subselect.cc;6712;0.010000;0.010000;0.0;0.0
opt_subselect.cc;6720;0.010000;0.010000;0.0;0.0
opt_subselect.cc;6773;0.010000;0.010000;0.0;0.0
opt_subselect.cc;1007;0.010000;0.010000;0.0;0.0
opt_subselect.cc;4347;0.010000;0.010000;0.0;0.0
opt_subselect.cc;6540;0.010000;0.010000;0.0;0.0
opt_trace.h;78;0.010000;0.010000;0.0;0.0
opt_trace_context.h;108;0.010000;0.010000;0.0;0.0
opt_vcol_substitution.cc;129;0.010000;0.010000;0.0;0.0
opt_vcol_substitution.cc;332;0.010000;0.010000;0.0;0.0
page0cur.cc;577;0.010000;0.010000;0.0;0.0
page0cur.cc;222;0.010000;0.010000;0.0;0.0
page0cur.cc;101;0.010000;0.010000;0.0;0.0
page0cur.cc;1468;0.010000;0.010000;0.0;0.0
page0cur.cc;1629;0.010000;0.010000;0.0;0.0
page0cur.cc;1401;0.010000;0.010000;0.0;0.0
page0cur.cc;680;0.010000;0.010000;0.0;0.0
page0cur.cc;91;0.010000;0.010000;0.0;0.0
page0cur.cc;590;0.010000;0.010000;0.0;0.0
page0cur.cc;1721;0.010000;0.010000;0.0;0.0
page0cur.cc;516;0.010000;0.010000;0.0;0.0
page0cur.cc;924;0.010000;0.010000;0.0;0.0
page0cur.cc;134;0.010000;0.010000;0.0;0.0
page0cur.cc;1732;0.010000;0.010000;0.0;0.0
page0cur.cc;940;0.010000;0.010000;0.0;0.0
page0cur.cc;556;0.010000;0.010000;0.0;0.0
page0cur.cc;781;0.010000;0.010000;0.0;0.0
page0cur.cc;437;0.010000;0.010000;0.0;0.0
page0cur.cc;507;0.010000;0.010000;0.0;0.0
page0cur.cc;643;0.010000;0.010000;0.0;0.0
page0cur.cc;870;0.010000;0.010000;0.0;0.0
page0cur.cc;966;0.010000;0.010000;0.0;0.0
page0cur.cc;1815;0.010000;0.010000;0.0;0.0
page0cur.cc;1027;0.010000;0.010000;0.0;0.0
page0cur.cc;1195;0.010000;0.010000;0.0;0.0
page0cur.cc;2447;0.010000;0.010000;0.0;0.0
page0cur.cc;508;0.010000;0.010000;0.0;0.0
page0cur.cc;1258;0.010000;0.010000;0.0;0.0
page0cur.cc;1729;0.010000;0.010000;0.0;0.0
page0cur.cc;428;0.010000;0.010000;0.0;0.0
page0cur.cc;965;0.010000;0.010000;0.0;0.0
page0cur.cc;1451;0.010000;0.010000;0.0;0.0
page0cur.cc;236;0.010000;0.010000;0.0;0.0
page0cur.cc;1457;0.010000;0.010000;0.0;0.0
page0cur.cc;438;0.010000;0.010000;0.0;0.0
page0cur.cc;1723;0.010000;0.010000;0.0;0.0
page0cur.inl;171;0.010000;0.010000;0.0;0.0
page0cur.inl;136;0.010000;0.010000;0.0;0.0
page0page.cc;750;0.010000;0.010000;0.0;0.0
page0page.cc;101;0.010000;0.010000;0.0;0.0
page0page.h;622;0.010000;0.010000;0.0;0.0
page0page.h;787;0.010000;0.010000;0.0;0.0
page0page.inl;366;0.010000;0.010000;0.0;0.0
page0page.inl;411;0.010000;0.010000;0.0;0.0
page0page.inl;472;0.010000;0.010000;0.0;0.0
page0page.inl;371;0.010000;0.010000;0.0;0.0
page0page.inl;463;0.010000;0.010000;0.0;0.0
pfs.cc;2520;0.010000;0.010000;0.0;0.0
pfs.cc;6795;0.010000;0.010000;0.0;0.0
privilege.h;140;0.010000;0.010000;0.0;0.0
privilege.h;212;0.010000;0.010000;0.0;0.0
protocol.cc;1077;0.010000;0.010000;0.0;0.0
protocol.cc;1842;0.010000;0.010000;0.0;0.0
protocol.cc;391;0.010000;0.010000;0.0;0.0
protocol.cc;1743;0.010000;0.010000;0.0;0.0
protocol.cc;266;0.010000;0.010000;0.0;0.0
protocol.cc;1263;0.010000;0.010000;0.0;0.0
protocol.cc;1735;0.010000;0.010000;0.0;0.0
protocol.cc;663;0.010000;0.010000;0.0;0.0
protocol.cc;1247;0.010000;0.010000;0.0;0.0
protocol.cc;676;0.010000;0.010000;0.0;0.0
protocol.cc;1100;0.010000;0.010000;0.0;0.0
psi_noop.c;527;0.010000;0.010000;0.0;0.0
psi_noop.c;344;0.010000;0.010000;0.0;0.0
pthread_cond_broadcast.c;39;0.010000;0.010000;0.0;0.0
pthread_cond_signal.c;89;0.010000;0.010000;0.0;0.0
pthread_cond_wait.c;384;0.010000;0.010000;0.0;0.0
pthread_cond_wait.c;508;0.010000;0.010000;0.0;0.0
pthread_getattr_np.c;207;0.010000;0.010000;0.0;0.0
pthread_getattr_np.c;66;0.010000;0.010000;0.0;0.0
pthread_getattr_np.c;59;0.010000;0.010000;0.0;0.0
pthread_getspecific.c;29;0.010000;0.010000;0.0;0.0
pthread_getspecific.c;64;0.010000;0.010000;0.0;0.0
pthread_getspecific.c;54;0.010000;0.010000;0.0;0.0
pthread_mutex_lock.c;74;0.010000;0.010000;0.0;0.0
pthread_mutex_lock.c;144;0.010000;0.010000;0.0;0.0
pthread_mutex_lock.c;146;0.010000;0.010000;0.0;0.0
pthread_mutex_lock.c;48;0.010000;0.010000;0.0;0.0
pthread_mutex_lock.c;83;0.010000;0.010000;0.0;0.0
pthread_mutex_lock.c;163;0.010000;0.010000;0.0;0.0
pthread_mutex_trylock.c;67;0.010000;0.010000;0.0;0.0
pthread_mutex_unlock.c;52;0.010000;0.010000;0.0;0.0
que0que.cc;415;0.010000;0.010000;0.0;0.0
read0read.cc;230;0.010000;0.010000;0.0;0.0
records.cc;398;0.010000;0.010000;0.0;0.0
records.cc;196;0.010000;0.010000;0.0;0.0
records.cc;206;0.010000;0.010000;0.0;0.0
records.cc;374;0.010000;0.010000;0.0;0.0
records.cc;350;0.010000;0.010000;0.0;0.0
recv.c;24;0.010000;0.010000;0.0;0.0
rem0cmp.cc;407;0.010000;0.010000;0.0;0.0
rem0cmp.cc;412;0.010000;0.010000;0.0;0.0
rem0cmp.cc;616;0.010000;0.010000;0.0;0.0
rem0cmp.h;171;0.010000;0.010000;0.0;0.0
rem0rec.cc;841;0.010000;0.010000;0.0;0.0
rem0rec.cc;1213;0.010000;0.010000;0.0;0.0
rem0rec.cc;1694;0.010000;0.010000;0.0;0.0
rem0rec.cc;465;0.010000;0.010000;0.0;0.0
rem0rec.cc;1652;0.010000;0.010000;0.0;0.0
rem0rec.cc;1169;0.010000;0.010000;0.0;0.0
rem0rec.cc;2122;0.010000;0.010000;0.0;0.0
rem0rec.cc;1990;0.010000;0.010000;0.0;0.0
rem0rec.cc;627;0.010000;0.010000;0.0;0.0
rem0rec.cc;1742;0.010000;0.010000;0.0;0.0
rem0rec.cc;364;0.010000;0.010000;0.0;0.0
rem0rec.cc;2120;0.010000;0.010000;0.0;0.0
rem0rec.cc;1261;0.010000;0.010000;0.0;0.0
rem0rec.cc;275;0.010000;0.010000;0.0;0.0
rem0rec.cc;1159;0.010000;0.010000;0.0;0.0
rem0rec.cc;1564;0.010000;0.010000;0.0;0.0
rem0rec.cc;830;0.010000;0.010000;0.0;0.0
rem0rec.cc;1211;0.010000;0.010000;0.0;0.0
rem0rec.cc;1296;0.010000;0.010000;0.0;0.0
rem0rec.cc;1532;0.010000;0.010000;0.0;0.0
rem0rec.cc;1266;0.010000;0.010000;0.0;0.0
rem0rec.cc;2092;0.010000;0.010000;0.0;0.0
rem0rec.cc;646;0.010000;0.010000;0.0;0.0
rem0rec.cc;841;0.010000;0.010000;0.0;0.0
rem0rec.cc;745;0.010000;0.010000;0.0;0.0
rem0rec.inl;251;0.010000;0.010000;0.0;0.0
rem0rec.inl;159;0.010000;0.010000;0.0;0.0
rem0rec.inl;137;0.010000;0.010000;0.0;0.0
rem0rec.inl;489;0.010000;0.010000;0.0;0.0
rem0rec.inl;651;0.010000;0.010000;0.0;0.0
row0ins.cc;3466;0.010000;0.010000;0.0;0.0
row0ins.cc;3750;0.010000;0.010000;0.0;0.0
row0ins.cc;3042;0.010000;0.010000;0.0;0.0
row0ins.cc;3351;0.010000;0.010000;0.0;0.0
row0ins.cc;3395;0.010000;0.010000;0.0;0.0
row0ins.cc;3078;0.010000;0.010000;0.0;0.0
row0ins.cc;3825;0.010000;0.010000;0.0;0.0
row0ins.cc;2710;0.010000;0.010000;0.0;0.0
row0merge.cc;4590;0.010000;0.010000;0.0;0.0
row0mysql.cc;511;0.010000;0.010000;0.0;0.0
row0mysql.cc;1274;0.010000;0.010000;0.0;0.0
row0mysql.cc;374;0.010000;0.010000;0.0;0.0
row0mysql.cc;1616;0.010000;0.010000;0.0;0.0
row0mysql.cc;1592;0.010000;0.010000;0.0;0.0
row0mysql.cc;1724;0.010000;0.010000;0.0;0.0
row0mysql.cc;383;0.010000;0.010000;0.0;0.0
row0mysql.cc;1243;0.010000;0.010000;0.0;0.0
row0mysql.cc;1664;0.010000;0.010000;0.0;0.0
row0mysql.cc;382;0.010000;0.010000;0.0;0.0
row0mysql.cc;387;0.010000;0.010000;0.0;0.0
row0mysql.cc;1693;0.010000;0.010000;0.0;0.0
row0mysql.cc;1025;0.010000;0.010000;0.0;0.0
row0purge.cc;522;0.010000;0.010000;0.0;0.0
row0purge.cc;1290;0.010000;0.010000;0.0;0.0
row0purge.cc;754;0.010000;0.010000;0.0;0.0
row0purge.cc;1198;0.010000;0.010000;0.0;0.0
row0purge.cc;884;0.010000;0.010000;0.0;0.0
row0purge.cc;518;0.010000;0.010000;0.0;0.0
row0purge.cc;1196;0.010000;0.010000;0.0;0.0
row0purge.cc;487;0.010000;0.010000;0.0;0.0
row0purge.cc;918;0.010000;0.010000;0.0;0.0
row0purge.cc;908;0.010000;0.010000;0.0;0.0
row0purge.cc;1353;0.010000;0.010000;0.0;0.0
row0row.cc;292;0.010000;0.010000;0.0;0.0
row0row.cc;524;0.010000;0.010000;0.0;0.0
row0row.cc;534;0.010000;0.010000;0.0;0.0
row0row.cc;386;0.010000;0.010000;0.0;0.0
row0row.cc;1195;0.010000;0.010000;0.0;0.0
row0sel.cc;3168;0.010000;0.010000;0.0;0.0
row0sel.cc;5509;0.010000;0.010000;0.0;0.0
row0sel.cc;4820;0.010000;0.010000;0.0;0.0
row0sel.cc;5506;0.010000;0.010000;0.0;0.0
row0sel.cc;5793;0.010000;0.010000;0.0;0.0
row0sel.cc;5808;0.010000;0.010000;0.0;0.0
row0sel.cc;5494;0.010000;0.010000;0.0;0.0
row0sel.cc;5811;0.010000;0.010000;0.0;0.0
row0sel.cc;5965;0.010000;0.010000;0.0;0.0
row0sel.cc;5357;0.010000;0.010000;0.0;0.0
row0sel.cc;5587;0.010000;0.010000;0.0;0.0
row0sel.cc;5786;0.010000;0.010000;0.0;0.0
row0sel.cc;2956;0.010000;0.010000;0.0;0.0
row0sel.cc;4885;0.010000;0.010000;0.0;0.0
row0sel.cc;5008;0.010000;0.010000;0.0;0.0
row0sel.cc;3103;0.010000;0.010000;0.0;0.0
row0sel.cc;5274;0.010000;0.010000;0.0;0.0
row0upd.cc;2684;0.010000;0.010000;0.0;0.0
row0upd.cc;609;0.010000;0.010000;0.0;0.0
row0upd.cc;1915;0.010000;0.010000;0.0;0.0
row0upd.cc;1923;0.010000;0.010000;0.0;0.0
row0upd.cc;1451;0.010000;0.010000;0.0;0.0
row0upd.cc;2612;0.010000;0.010000;0.0;0.0
row0upd.cc;2368;0.010000;0.010000;0.0;0.0
row0upd.cc;1218;0.010000;0.010000;0.0;0.0
row0upd.cc;1149;0.010000;0.010000;0.0;0.0
row0upd.cc;2731;0.010000;0.010000;0.0;0.0
row0upd.cc;2745;0.010000;0.010000;0.0;0.0
row0upd.cc;2829;0.010000;0.010000;0.0;0.0
row0upd.cc;2028;0.010000;0.010000;0.0;0.0
row0upd.cc;2603;0.010000;0.010000;0.0;0.0
row0upd.cc;417;0.010000;0.010000;0.0;0.0
row0upd.cc;2486;0.010000;0.010000;0.0;0.0
row0upd.cc;423;0.010000;0.010000;0.0;0.0
row0upd.cc;463;0.010000;0.010000;0.0;0.0
row0upd.cc;1772;0.010000;0.010000;0.0;0.0
row0upd.cc;428;0.010000;0.010000;0.0;0.0
row0upd.cc;1179;0.010000;0.010000;0.0;0.0
row0upd.cc;2469;0.010000;0.010000;0.0;0.0
row0upd.cc;405;0.010000;0.010000;0.0;0.0
row0upd.inl;142;0.010000;0.010000;0.0;0.0
row0upd.inl;68;0.010000;0.010000;0.0;0.0
scheduler.cc;52;0.010000;0.010000;0.0;0.0
select_result.h;89;0.010000;0.010000;0.0;0.0
select_result.h;145;0.010000;0.010000;0.0;0.0
semisync_master.cc;760;0.010000;0.010000;0.0;0.0
small_vector.h;39;0.010000;0.010000;0.0;0.0
smmintrin.h;824;0.010000;0.010000;0.0;0.0
sp_cache.cc;261;0.010000;0.010000;0.0;0.0
sql_acl.cc;15402;0.010000;0.010000;0.0;0.0
sql_acl.cc;10137;0.010000;0.010000;0.0;0.0
sql_acl.cc;10313;0.010000;0.010000;0.0;0.0
sql_acl.cc;10315;0.010000;0.010000;0.0;0.0
sql_acl.cc;10315;0.010000;0.010000;0.0;0.0
sql_analyze_stmt.cc;117;0.010000;0.010000;0.0;0.0
sql_base.cc;10241;0.010000;0.010000;0.0;0.0
sql_base.cc;8313;0.010000;0.010000;0.0;0.0
sql_base.cc;2362;0.010000;0.010000;0.0;0.0
sql_base.cc;9380;0.010000;0.010000;0.0;0.0
sql_base.cc;9860;0.010000;0.010000;0.0;0.0
sql_base.cc;2126;0.010000;0.010000;0.0;0.0
sql_base.cc;8252;0.010000;0.010000;0.0;0.0
sql_base.cc;6079;0.010000;0.010000;0.0;0.0
sql_base.cc;9135;0.010000;0.010000;0.0;0.0
sql_base.cc;8567;0.010000;0.010000;0.0;0.0
sql_base.cc;1721;0.010000;0.010000;0.0;0.0
sql_base.cc;8609;0.010000;0.010000;0.0;0.0
sql_base.cc;6204;0.010000;0.010000;0.0;0.0
sql_base.cc;6065;0.010000;0.010000;0.0;0.0
sql_base.cc;8717;0.010000;0.010000;0.0;0.0
sql_base.cc;2305;0.010000;0.010000;0.0;0.0
sql_base.cc;9534;0.010000;0.010000;0.0;0.0
sql_base.cc;2353;0.010000;0.010000;0.0;0.0
sql_base.cc;9073;0.010000;0.010000;0.0;0.0
sql_base.cc;9368;0.010000;0.010000;0.0;0.0
sql_base.cc;4691;0.010000;0.010000;0.0;0.0
sql_base.cc;9309;0.010000;0.010000;0.0;0.0
sql_base.cc;2130;0.010000;0.010000;0.0;0.0
sql_base.cc;5323;0.010000;0.010000;0.0;0.0
sql_base.cc;6620;0.010000;0.010000;0.0;0.0
sql_base.cc;9042;0.010000;0.010000;0.0;0.0
sql_base.cc;5961;0.010000;0.010000;0.0;0.0
sql_base.cc;4700;0.010000;0.010000;0.0;0.0
sql_base.cc;10219;0.010000;0.010000;0.0;0.0
sql_base.cc;1720;0.010000;0.010000;0.0;0.0
sql_base.cc;8273;0.010000;0.010000;0.0;0.0
sql_base.cc;9283;0.010000;0.010000;0.0;0.0
sql_base.cc;2025;0.010000;0.010000;0.0;0.0
sql_base.cc;6071;0.010000;0.010000;0.0;0.0
sql_base.cc;805;0.010000;0.010000;0.0;0.0
sql_base.cc;6208;0.010000;0.010000;0.0;0.0
sql_base.cc;8385;0.010000;0.010000;0.0;0.0
sql_base.cc;6639;0.010000;0.010000;0.0;0.0
sql_base.cc;6349;0.010000;0.010000;0.0;0.0
sql_base.cc;6656;0.010000;0.010000;0.0;0.0
sql_base.cc;8360;0.010000;0.010000;0.0;0.0
sql_base.cc;9178;0.010000;0.010000;0.0;0.0
sql_base.cc;1001;0.010000;0.010000;0.0;0.0
sql_base.cc;8631;0.010000;0.010000;0.0;0.0
sql_base.cc;806;0.010000;0.010000;0.0;0.0
sql_base.cc;6040;0.010000;0.010000;0.0;0.0
sql_base.cc;4777;0.010000;0.010000;0.0;0.0
sql_base.cc;9317;0.010000;0.010000;0.0;0.0
sql_base.cc;9070;0.010000;0.010000;0.0;0.0
sql_base.cc;1162;0.010000;0.010000;0.0;0.0
sql_base.cc;6611;0.010000;0.010000;0.0;0.0
sql_base.cc;2417;0.010000;0.010000;0.0;0.0
sql_base.cc;3167;0.010000;0.010000;0.0;0.0
sql_base.cc;1059;0.010000;0.010000;0.0;0.0
sql_base.cc;8274;0.010000;0.010000;0.0;0.0
sql_base.cc;4735;0.010000;0.010000;0.0;0.0
sql_base.cc;9061;0.010000;0.010000;0.0;0.0
sql_base.cc;860;0.010000;0.010000;0.0;0.0
sql_base.cc;4764;0.010000;0.010000;0.0;0.0
sql_base.cc;7012;0.010000;0.010000;0.0;0.0
sql_base.cc;10243;0.010000;0.010000;0.0;0.0
sql_base.cc;4381;0.010000;0.010000;0.0;0.0
sql_base.cc;4717;0.010000;0.010000;0.0;0.0
sql_base.h;597;0.010000;0.010000;0.0;0.0
sql_base.h;362;0.010000;0.010000;0.0;0.0
sql_base.h;613;0.010000;0.010000;0.0;0.0
sql_base.h;275;0.010000;0.010000;0.0;0.0
sql_bitmap.h;113;0.010000;0.010000;0.0;0.0
sql_bitmap.h;173;0.010000;0.010000;0.0;0.0
sql_bitmap.h;173;0.010000;0.010000;0.0;0.0
sql_bitmap.h;206;0.010000;0.010000;0.0;0.0
sql_cache.cc;2225;0.010000;0.010000;0.0;0.0
sql_cache.cc;1070;0.010000;0.010000;0.0;0.0
sql_class.cc;4901;0.010000;0.010000;0.0;0.0
sql_class.cc;5640;0.010000;0.010000;0.0;0.0
sql_class.cc;3328;0.010000;0.010000;0.0;0.0
sql_class.cc;4400;0.010000;0.010000;0.0;0.0
sql_class.cc;4889;0.010000;0.010000;0.0;0.0
sql_class.cc;4443;0.010000;0.010000;0.0;0.0
sql_class.cc;3257;0.010000;0.010000;0.0;0.0
sql_class.cc;9022;0.010000;0.010000;0.0;0.0
sql_class.cc;4403;0.010000;0.010000;0.0;0.0
sql_class.cc;6508;0.010000;0.010000;0.0;0.0
sql_class.cc;2579;0.010000;0.010000;0.0;0.0
sql_class.cc;6437;0.010000;0.010000;0.0;0.0
sql_class.cc;4306;0.010000;0.010000;0.0;0.0
sql_class.cc;2329;0.010000;0.010000;0.0;0.0
sql_class.cc;7570;0.010000;0.010000;0.0;0.0
sql_class.cc;6186;0.010000;0.010000;0.0;0.0
sql_class.cc;1519;0.010000;0.010000;0.0;0.0
sql_class.cc;3333;0.010000;0.010000;0.0;0.0
sql_class.cc;7572;0.010000;0.010000;0.0;0.0
sql_class.cc;4537;0.010000;0.010000;0.0;0.0
sql_class.cc;4894;0.010000;0.010000;0.0;0.0
sql_class.cc;423;0.010000;0.010000;0.0;0.0
sql_class.cc;6434;0.010000;0.010000;0.0;0.0
sql_class.cc;1054;0.010000;0.010000;0.0;0.0
sql_class.cc;4923;0.010000;0.010000;0.0;0.0
sql_class.cc;4401;0.010000;0.010000;0.0;0.0
sql_class.h;8414;0.010000;0.010000;0.0;0.0
sql_class.h;3527;0.010000;0.010000;0.0;0.0
sql_class.h;8397;0.010000;0.010000;0.0;0.0
sql_class.h;6644;0.010000;0.010000;0.0;0.0
sql_class.h;6416;0.010000;0.010000;0.0;0.0
sql_class.h;7048;0.010000;0.010000;0.0;0.0
sql_class.h;5876;0.010000;0.010000;0.0;0.0
sql_class.h;6635;0.010000;0.010000;0.0;0.0
sql_class.h;1905;0.010000;0.010000;0.0;0.0
sql_class.h;3527;0.010000;0.010000;0.0;0.0
sql_class.h;7929;0.010000;0.010000;0.0;0.0
sql_class.h;6416;0.010000;0.010000;0.0;0.0
sql_class.h;1362;0.010000;0.010000;0.0;0.0
sql_class.h;1368;0.010000;0.010000;0.0;0.0
sql_class.h;7045;0.010000;0.010000;0.0;0.0
sql_class.h;3526;0.010000;0.010000;0.0;0.0
sql_class.h;8399;0.010000;0.010000;0.0;0.0
sql_class.h;6096;0.010000;0.010000;0.0;0.0
sql_class.h;4823;0.010000;0.010000;0.0;0.0
sql_class.h;5828;0.010000;0.010000;0.0;0.0
sql_connect.cc;1463;0.010000;0.010000;0.0;0.0
sql_connect.cc;1514;0.010000;0.010000;0.0;0.0
sql_connect.cc;1512;0.010000;0.010000;0.0;0.0
sql_db.cc;1897;0.010000;0.010000;0.0;0.0
sql_db.cc;1888;0.010000;0.010000;0.0;0.0
sql_delete.cc;445;0.010000;0.010000;0.0;0.0
sql_delete.cc;184;0.010000;0.010000;0.0;0.0
sql_delete.cc;412;0.010000;0.010000;0.0;0.0
sql_delete.cc;177;0.010000;0.010000;0.0;0.0
sql_delete.cc;1907;0.010000;0.010000;0.0;0.0
sql_delete.cc;2024;0.010000;0.010000;0.0;0.0
sql_delete.cc;161;0.010000;0.010000;0.0;0.0
sql_delete.cc;926;0.010000;0.010000;0.0;0.0
sql_delete.cc;1178;0.010000;0.010000;0.0;0.0
sql_delete.cc;2224;0.010000;0.010000;0.0;0.0
sql_delete.cc;204;0.010000;0.010000;0.0;0.0
sql_delete.cc;576;0.010000;0.010000;0.0;0.0
sql_delete.cc;369;0.010000;0.010000;0.0;0.0
sql_delete.cc;714;0.010000;0.010000;0.0;0.0
sql_delete.cc;2047;0.010000;0.010000;0.0;0.0
sql_delete.cc;110;0.010000;0.010000;0.0;0.0
sql_delete.cc;1956;0.010000;0.010000;0.0;0.0
sql_delete.cc;1191;0.010000;0.010000;0.0;0.0
sql_delete.cc;724;0.010000;0.010000;0.0;0.0
sql_delete.cc;1062;0.010000;0.010000;0.0;0.0
sql_delete.cc;1922;0.010000;0.010000;0.0;0.0
sql_error.cc;377;0.010000;0.010000;0.0;0.0
sql_error.cc;588;0.010000;0.010000;0.0;0.0
sql_error.cc;549;0.010000;0.010000;0.0;0.0
sql_error.cc;402;0.010000;0.010000;0.0;0.0
sql_error.cc;362;0.010000;0.010000;0.0;0.0
sql_error.h;1026;0.010000;0.010000;0.0;0.0
sql_error.h;830;0.010000;0.010000;0.0;0.0
sql_explain.cc;1770;0.010000;0.010000;0.0;0.0
sql_explain.cc;101;0.010000;0.010000;0.0;0.0
sql_explain.cc;144;0.010000;0.010000;0.0;0.0
sql_explain.cc;110;0.010000;0.010000;0.0;0.0
sql_explain.cc;82;0.010000;0.010000;0.0;0.0
sql_explain.cc;156;0.010000;0.010000;0.0;0.0
sql_explain.cc;50;0.010000;0.010000;0.0;0.0
sql_explain.h;790;0.010000;0.010000;0.0;0.0
sql_explain.h;90;0.010000;0.010000;0.0;0.0
sql_insert.cc;1503;0.010000;0.010000;0.0;0.0
sql_insert.cc;1432;0.010000;0.010000;0.0;0.0
sql_insert.cc;886;0.010000;0.010000;0.0;0.0
sql_insert.cc;1253;0.010000;0.010000;0.0;0.0
sql_insert.cc;826;0.010000;0.010000;0.0;0.0
sql_insert.cc;1890;0.010000;0.010000;0.0;0.0
sql_insert.cc;1002;0.010000;0.010000;0.0;0.0
sql_insert.cc;1835;0.010000;0.010000;0.0;0.0
sql_insert.cc;702;0.010000;0.010000;0.0;0.0
sql_insert.cc;1017;0.010000;0.010000;0.0;0.0
sql_insert.cc;1935;0.010000;0.010000;0.0;0.0
sql_insert.cc;1503;0.010000;0.010000;0.0;0.0
sql_insert.cc;1325;0.010000;0.010000;0.0;0.0
sql_insert.cc;1246;0.010000;0.010000;0.0;0.0
sql_insert.cc;1835;0.010000;0.010000;0.0;0.0
sql_insert.cc;1011;0.010000;0.010000;0.0;0.0
sql_lex.cc;4513;0.010000;0.010000;0.0;0.0
sql_lex.cc;5807;0.010000;0.010000;0.0;0.0
sql_lex.cc;5306;0.010000;0.010000;0.0;0.0
sql_lex.cc;5583;0.010000;0.010000;0.0;0.0
sql_lex.cc;5004;0.010000;0.010000;0.0;0.0
sql_lex.cc;3721;0.010000;0.010000;0.0;0.0
sql_lex.cc;5141;0.010000;0.010000;0.0;0.0
sql_lex.cc;4418;0.010000;0.010000;0.0;0.0
sql_lex.cc;4417;0.010000;0.010000;0.0;0.0
sql_lex.cc;5579;0.010000;0.010000;0.0;0.0
sql_lex.h;4964;0.010000;0.010000;0.0;0.0
sql_lex.h;3765;0.010000;0.010000;0.0;0.0
sql_lex.h;1002;0.010000;0.010000;0.0;0.0
sql_lex.h;4964;0.010000;0.010000;0.0;0.0
sql_lex.h;1467;0.010000;0.010000;0.0;0.0
sql_lex.h;1017;0.010000;0.010000;0.0;0.0
sql_lex.h;1647;0.010000;0.010000;0.0;0.0
sql_list.h;119;0.010000;0.010000;0.0;0.0
sql_list.h;762;0.010000;0.010000;0.0;0.0
sql_list.h;536;0.010000;0.010000;0.0;0.0
sql_list.h;242;0.010000;0.010000;0.0;0.0
sql_list.h;67;0.010000;0.010000;0.0;0.0
sql_list.h;753;0.010000;0.010000;0.0;0.0
sql_parse.cc;4480;0.010000;0.010000;0.0;0.0
sql_parse.cc;1496;0.010000;0.010000;0.0;0.0
sql_parse.cc;7479;0.010000;0.010000;0.0;0.0
sql_parse.cc;5941;0.010000;0.010000;0.0;0.0
sql_parse.cc;6643;0.010000;0.010000;0.0;0.0
sql_parse.cc;6137;0.010000;0.010000;0.0;0.0
sql_parse.cc;1474;0.010000;0.010000;0.0;0.0
sql_parse.cc;2454;0.010000;0.010000;0.0;0.0
sql_parse.cc;5938;0.010000;0.010000;0.0;0.0
sql_parse.cc;1142;0.010000;0.010000;0.0;0.0
sql_parse.cc;432;0.010000;0.010000;0.0;0.0
sql_parse.cc;7085;0.010000;0.010000;0.0;0.0
sql_parse.cc;7516;0.010000;0.010000;0.0;0.0
sql_parse.cc;3749;0.010000;0.010000;0.0;0.0
sql_parse.cc;7386;0.010000;0.010000;0.0;0.0
sql_parse.cc;6845;0.010000;0.010000;0.0;0.0
sql_parse.cc;1658;0.010000;0.010000;0.0;0.0
sql_parse.cc;1646;0.010000;0.010000;0.0;0.0
sql_parse.cc;5561;0.010000;0.010000;0.0;0.0
sql_parse.cc;1293;0.010000;0.010000;0.0;0.0
sql_parse.cc;6146;0.010000;0.010000;0.0;0.0
sql_parse.cc;4473;0.010000;0.010000;0.0;0.0
sql_parse.cc;1186;0.010000;0.010000;0.0;0.0
sql_parse.cc;5924;0.010000;0.010000;0.0;0.0
sql_parse.cc;2551;0.010000;0.010000;0.0;0.0
sql_partition_auto_interval.cc;93;0.010000;0.010000;0.0;0.0
sql_plist.h;99;0.010000;0.010000;0.0;0.0
sql_plist.h;124;0.010000;0.010000;0.0;0.0
sql_plist.h;195;0.010000;0.010000;0.0;0.0
sql_plist.h;133;0.010000;0.010000;0.0;0.0
sql_plist.h;125;0.010000;0.010000;0.0;0.0
sql_plugin.cc;3238;0.010000;0.010000;0.0;0.0
sql_prepare.cc;5579;0.010000;0.010000;0.0;0.0
sql_prepare.cc;3316;0.010000;0.010000;0.0;0.0
sql_prepare.cc;987;0.010000;0.010000;0.0;0.0
sql_prepare.cc;4918;0.010000;0.010000;0.0;0.0
sql_prepare.cc;3203;0.010000;0.010000;0.0;0.0
sql_prepare.cc;3325;0.010000;0.010000;0.0;0.0
sql_prepare.cc;5628;0.010000;0.010000;0.0;0.0
sql_prepare.cc;5372;0.010000;0.010000;0.0;0.0
sql_prepare.cc;3407;0.010000;0.010000;0.0;0.0
sql_prepare.cc;3403;0.010000;0.010000;0.0;0.0
sql_prepare.cc;4800;0.010000;0.010000;0.0;0.0
sql_prepare.cc;3240;0.010000;0.010000;0.0;0.0
sql_prepare.cc;3333;0.010000;0.010000;0.0;0.0
sql_prepare.cc;4364;0.010000;0.010000;0.0;0.0
sql_prepare.cc;419;0.010000;0.010000;0.0;0.0
sql_prepare.cc;3497;0.010000;0.010000;0.0;0.0
sql_prepare.cc;5589;0.010000;0.010000;0.0;0.0
sql_prepare.cc;3585;0.010000;0.010000;0.0;0.0
sql_profile.h;287;0.010000;0.010000;0.0;0.0
sql_select.cc;3587;0.010000;0.010000;0.0;0.0
sql_select.cc;25343;0.010000;0.010000;0.0;0.0
sql_select.cc;5126;0.010000;0.010000;0.0;0.0
sql_select.cc;16812;0.010000;0.010000;0.0;0.0
sql_select.cc;6928;0.010000;0.010000;0.0;0.0
sql_select.cc;13803;0.010000;0.010000;0.0;0.0
sql_select.cc;6012;0.010000;0.010000;0.0;0.0
sql_select.cc;5709;0.010000;0.010000;0.0;0.0
sql_select.cc;13872;0.010000;0.010000;0.0;0.0
sql_select.cc;16828;0.010000;0.010000;0.0;0.0
sql_select.cc;5459;0.010000;0.010000;0.0;0.0
sql_select.cc;18116;0.010000;0.010000;0.0;0.0
sql_select.cc;21522;0.010000;0.010000;0.0;0.0
sql_select.cc;18943;0.010000;0.010000;0.0;0.0
sql_select.cc;2830;0.010000;0.010000;0.0;0.0
sql_select.cc;6796;0.010000;0.010000;0.0;0.0
sql_select.cc;1604;0.010000;0.010000;0.0;0.0
sql_select.cc;1497;0.010000;0.010000;0.0;0.0
sql_select.cc;13222;0.010000;0.010000;0.0;0.0
sql_select.cc;2279;0.010000;0.010000;0.0;0.0
sql_select.cc;5705;0.010000;0.010000;0.0;0.0
sql_select.cc;16403;0.010000;0.010000;0.0;0.0
sql_select.cc;7402;0.010000;0.010000;0.0;0.0
sql_select.cc;1825;0.010000;0.010000;0.0;0.0
sql_select.cc;5251;0.010000;0.010000;0.0;0.0
sql_select.cc;17884;0.010000;0.010000;0.0;0.0
sql_select.cc;1933;0.010000;0.010000;0.0;0.0
sql_select.cc;7996;0.010000;0.010000;0.0;0.0
sql_select.cc;25193;0.010000;0.010000;0.0;0.0
sql_select.cc;31158;0.010000;0.010000;0.0;0.0
sql_select.cc;5093;0.010000;0.010000;0.0;0.0
sql_select.cc;6113;0.010000;0.010000;0.0;0.0
sql_select.cc;6060;0.010000;0.010000;0.0;0.0
sql_select.cc;16403;0.010000;0.010000;0.0;0.0
sql_select.cc;668;0.010000;0.010000;0.0;0.0
sql_select.cc;2219;0.010000;0.010000;0.0;0.0
sql_select.cc;31103;0.010000;0.010000;0.0;0.0
sql_select.cc;6344;0.010000;0.010000;0.0;0.0
sql_select.cc;5126;0.010000;0.010000;0.0;0.0
sql_select.cc;6868;0.010000;0.010000;0.0;0.0
sql_select.cc;35079;0.010000;0.010000;0.0;0.0
sql_select.cc;5409;0.010000;0.010000;0.0;0.0
sql_select.cc;17475;0.010000;0.010000;0.0;0.0
sql_select.cc;25357;0.010000;0.010000;0.0;0.0
sql_select.cc;21596;0.010000;0.010000;0.0;0.0
sql_select.cc;13061;0.010000;0.010000;0.0;0.0
sql_select.cc;5808;0.010000;0.010000;0.0;0.0
sql_select.cc;34970;0.010000;0.010000;0.0;0.0
sql_select.cc;2482;0.010000;0.010000;0.0;0.0
sql_select.cc;7460;0.010000;0.010000;0.0;0.0
sql_select.cc;31861;0.010000;0.010000;0.0;0.0
sql_select.cc;21342;0.010000;0.010000;0.0;0.0
sql_select.cc;6063;0.010000;0.010000;0.0;0.0
sql_select.cc;17274;0.010000;0.010000;0.0;0.0
sql_select.cc;31402;0.010000;0.010000;0.0;0.0
sql_select.cc;12735;0.010000;0.010000;0.0;0.0
sql_select.cc;1956;0.010000;0.010000;0.0;0.0
sql_select.cc;6423;0.010000;0.010000;0.0;0.0
sql_select.cc;2514;0.010000;0.010000;0.0;0.0
sql_select.cc;2077;0.010000;0.010000;0.0;0.0
sql_select.cc;31556;0.010000;0.010000;0.0;0.0
sql_select.cc;4370;0.010000;0.010000;0.0;0.0
sql_select.cc;18425;0.010000;0.010000;0.0;0.0
sql_select.cc;35025;0.010000;0.010000;0.0;0.0
sql_select.cc;11749;0.010000;0.010000;0.0;0.0
sql_select.cc;6082;0.010000;0.010000;0.0;0.0
sql_select.cc;1964;0.010000;0.010000;0.0;0.0
sql_select.cc;24185;0.010000;0.010000;0.0;0.0
sql_select.cc;7459;0.010000;0.010000;0.0;0.0
sql_select.cc;3582;0.010000;0.010000;0.0;0.0
sql_select.cc;1647;0.010000;0.010000;0.0;0.0
sql_select.cc;6394;0.010000;0.010000;0.0;0.0
sql_select.cc;20311;0.010000;0.010000;0.0;0.0
sql_select.cc;15325;0.010000;0.010000;0.0;0.0
sql_select.cc;1211;0.010000;0.010000;0.0;0.0
sql_select.cc;5808;0.010000;0.010000;0.0;0.0
sql_select.cc;16806;0.010000;0.010000;0.0;0.0
sql_select.cc;31814;0.010000;0.010000;0.0;0.0
sql_select.cc;35021;0.010000;0.010000;0.0;0.0
sql_select.cc;21536;0.010000;0.010000;0.0;0.0
sql_select.cc;2499;0.010000;0.010000;0.0;0.0
sql_select.cc;1767;0.010000;0.010000;0.0;0.0
sql_select.cc;1220;0.010000;0.010000;0.0;0.0
sql_select.cc;14522;0.010000;0.010000;0.0;0.0
sql_select.cc;4241;0.010000;0.010000;0.0;0.0
sql_select.cc;6180;0.010000;0.010000;0.0;0.0
sql_select.cc;31465;0.010000;0.010000;0.0;0.0
sql_select.cc;5184;0.010000;0.010000;0.0;0.0
sql_select.cc;7862;0.010000;0.010000;0.0;0.0
sql_select.cc;566;0.010000;0.010000;0.0;0.0
sql_select.cc;3268;0.010000;0.010000;0.0;0.0
sql_select.cc;7597;0.010000;0.010000;0.0;0.0
sql_select.cc;6932;0.010000;0.010000;0.0;0.0
sql_select.cc;17485;0.010000;0.010000;0.0;0.0
sql_select.cc;4947;0.010000;0.010000;0.0;0.0
sql_select.cc;20868;0.010000;0.010000;0.0;0.0
sql_select.cc;5702;0.010000;0.010000;0.0;0.0
sql_select.cc;2499;0.010000;0.010000;0.0;0.0
sql_select.cc;2764;0.010000;0.010000;0.0;0.0
sql_select.cc;11742;0.010000;0.010000;0.0;0.0
sql_select.cc;25340;0.010000;0.010000;0.0;0.0
sql_select.cc;6337;0.010000;0.010000;0.0;0.0
sql_select.cc;625;0.010000;0.010000;0.0;0.0
sql_select.cc;4581;0.010000;0.010000;0.0;0.0
sql_select.cc;955;0.010000;0.010000;0.0;0.0
sql_select.cc;18560;0.010000;0.010000;0.0;0.0
sql_select.cc;7808;0.010000;0.010000;0.0;0.0
sql_select.cc;7934;0.010000;0.010000;0.0;0.0
sql_select.cc;33117;0.010000;0.010000;0.0;0.0
sql_select.cc;7855;0.010000;0.010000;0.0;0.0
sql_select.cc;14067;0.010000;0.010000;0.0;0.0
sql_select.cc;19593;0.010000;0.010000;0.0;0.0
sql_select.cc;6928;0.010000;0.010000;0.0;0.0
sql_select.cc;34978;0.010000;0.010000;0.0;0.0
sql_select.cc;18781;0.010000;0.010000;0.0;0.0
sql_select.cc;17435;0.010000;0.010000;0.0;0.0
sql_select.cc;1622;0.010000;0.010000;0.0;0.0
sql_select.cc;13820;0.010000;0.010000;0.0;0.0
sql_select.cc;35073;0.010000;0.010000;0.0;0.0
sql_select.cc;2184;0.010000;0.010000;0.0;0.0
sql_select.cc;6502;0.010000;0.010000;0.0;0.0
sql_select.cc;5707;0.010000;0.010000;0.0;0.0
sql_select.cc;6051;0.010000;0.010000;0.0;0.0
sql_select.cc;34834;0.010000;0.010000;0.0;0.0
sql_select.cc;16833;0.010000;0.010000;0.0;0.0
sql_select.cc;4946;0.010000;0.010000;0.0;0.0
sql_select.cc;21325;0.010000;0.010000;0.0;0.0
sql_select.cc;7482;0.010000;0.010000;0.0;0.0
sql_select.cc;5664;0.010000;0.010000;0.0;0.0
sql_select.cc;28841;0.010000;0.010000;0.0;0.0
sql_select.cc;1833;0.010000;0.010000;0.0;0.0
sql_select.cc;3087;0.010000;0.010000;0.0;0.0
sql_select.cc;4342;0.010000;0.010000;0.0;0.0
sql_select.cc;3549;0.010000;0.010000;0.0;0.0
sql_select.cc;4913;0.010000;0.010000;0.0;0.0
sql_select.cc;13799;0.010000;0.010000;0.0;0.0
sql_select.cc;3805;0.010000;0.010000;0.0;0.0
sql_select.cc;6503;0.010000;0.010000;0.0;0.0
sql_select.cc;31586;0.010000;0.010000;0.0;0.0
sql_select.cc;5875;0.010000;0.010000;0.0;0.0
sql_select.cc;18386;0.010000;0.010000;0.0;0.0
sql_select.cc;1783;0.010000;0.010000;0.0;0.0
sql_select.cc;13845;0.010000;0.010000;0.0;0.0
sql_select.cc;1586;0.010000;0.010000;0.0;0.0
sql_select.cc;2794;0.010000;0.010000;0.0;0.0
sql_select.cc;6839;0.010000;0.010000;0.0;0.0
sql_select.cc;21600;0.010000;0.010000;0.0;0.0
sql_select.cc;15400;0.010000;0.010000;0.0;0.0
sql_select.cc;24316;0.010000;0.010000;0.0;0.0
sql_select.cc;503;0.010000;0.010000;0.0;0.0
sql_select.cc;26117;0.010000;0.010000;0.0;0.0
sql_select.cc;5832;0.010000;0.010000;0.0;0.0
sql_select.cc;2531;0.010000;0.010000;0.0;0.0
sql_select.cc;2945;0.010000;0.010000;0.0;0.0
sql_select.cc;30510;0.010000;0.010000;0.0;0.0
sql_select.cc;5841;0.010000;0.010000;0.0;0.0
sql_select.cc;5622;0.010000;0.010000;0.0;0.0
sql_select.cc;2634;0.010000;0.010000;0.0;0.0
sql_select.cc;2021;0.010000;0.010000;0.0;0.0
sql_select.cc;14509;0.010000;0.010000;0.0;0.0
sql_select.cc;6340;0.010000;0.010000;0.0;0.0
sql_select.cc;17415;0.010000;0.010000;0.0;0.0
sql_select.cc;7798;0.010000;0.010000;0.0;0.0
sql_select.cc;21329;0.010000;0.010000;0.0;0.0
sql_select.cc;13033;0.010000;0.010000;0.0;0.0
sql_select.cc;14517;0.010000;0.010000;0.0;0.0
sql_select.cc;2559;0.010000;0.010000;0.0;0.0
sql_select.cc;7454;0.010000;0.010000;0.0;0.0
sql_select.cc;18565;0.010000;0.010000;0.0;0.0
sql_select.cc;4866;0.010000;0.010000;0.0;0.0
sql_select.cc;34827;0.010000;0.010000;0.0;0.0
sql_select.cc;16828;0.010000;0.010000;0.0;0.0
sql_select.cc;5844;0.010000;0.010000;0.0;0.0
sql_select.cc;500;0.010000;0.010000;0.0;0.0
sql_select.cc;30003;0.010000;0.010000;0.0;0.0
sql_select.cc;13836;0.010000;0.010000;0.0;0.0
sql_select.cc;31407;0.010000;0.010000;0.0;0.0
sql_select.cc;2469;0.010000;0.010000;0.0;0.0
sql_select.cc;29150;0.010000;0.010000;0.0;0.0
sql_select.cc;13522;0.010000;0.010000;0.0;0.0
sql_select.cc;13028;0.010000;0.010000;0.0;0.0
sql_select.cc;19579;0.010000;0.010000;0.0;0.0
sql_select.cc;4961;0.010000;0.010000;0.0;0.0
sql_select.cc;21322;0.010000;0.010000;0.0;0.0
sql_select.cc;1953;0.010000;0.010000;0.0;0.0
sql_select.cc;1602;0.010000;0.010000;0.0;0.0
sql_select.cc;24233;0.010000;0.010000;0.0;0.0
sql_select.cc;17487;0.010000;0.010000;0.0;0.0
sql_select.cc;509;0.010000;0.010000;0.0;0.0
sql_select.cc;6063;0.010000;0.010000;0.0;0.0
sql_select.cc;13951;0.010000;0.010000;0.0;0.0
sql_select.cc;28840;0.010000;0.010000;0.0;0.0
sql_select.cc;1501;0.010000;0.010000;0.0;0.0
sql_select.cc;3641;0.010000;0.010000;0.0;0.0
sql_select.cc;13094;0.010000;0.010000;0.0;0.0
sql_select.cc;5177;0.010000;0.010000;0.0;0.0
sql_select.cc;13777;0.010000;0.010000;0.0;0.0
sql_select.cc;576;0.010000;0.010000;0.0;0.0
sql_select.cc;1956;0.010000;0.010000;0.0;0.0
sql_select.cc;25166;0.010000;0.010000;0.0;0.0
sql_select.cc;26102;0.010000;0.010000;0.0;0.0
sql_select.cc;30018;0.010000;0.010000;0.0;0.0
sql_select.cc;17592;0.010000;0.010000;0.0;0.0
sql_select.cc;6354;0.010000;0.010000;0.0;0.0
sql_select.cc;13408;0.010000;0.010000;0.0;0.0
sql_select.cc;5851;0.010000;0.010000;0.0;0.0
sql_select.cc;26104;0.010000;0.010000;0.0;0.0
sql_select.cc;31810;0.010000;0.010000;0.0;0.0
sql_select.cc;29975;0.010000;0.010000;0.0;0.0
sql_select.h;1997;0.010000;0.010000;0.0;0.0
sql_select.h;2167;0.010000;0.010000;0.0;0.0
sql_select.h;82;0.010000;0.010000;0.0;0.0
sql_select.h;2008;0.010000;0.010000;0.0;0.0
sql_select.h;2150;0.010000;0.010000;0.0;0.0
sql_select.h;1125;0.010000;0.010000;0.0;0.0
sql_select.h;2008;0.010000;0.010000;0.0;0.0
sql_select.h;2874;0.010000;0.010000;0.0;0.0
sql_select.h;1172;0.010000;0.010000;0.0;0.0
sql_statistics.cc;3270;0.010000;0.010000;0.0;0.0
sql_statistics.cc;3267;0.010000;0.010000;0.0;0.0
sql_statistics.cc;3303;0.010000;0.010000;0.0;0.0
sql_statistics.cc;3203;0.010000;0.010000;0.0;0.0
sql_statistics.cc;3263;0.010000;0.010000;0.0;0.0
sql_string.cc;479;0.010000;0.010000;0.0;0.0
sql_string.cc;276;0.010000;0.010000;0.0;0.0
sql_string.cc;1145;0.010000;0.010000;0.0;0.0
sql_string.h;934;0.010000;0.010000;0.0;0.0
sql_string.h;317;0.010000;0.010000;0.0;0.0
sql_string.h;687;0.010000;0.010000;0.0;0.0
sql_string.h;609;0.010000;0.010000;0.0;0.0
sql_string.h;402;0.010000;0.010000;0.0;0.0
sql_string.h;508;0.010000;0.010000;0.0;0.0
sql_string.h;820;0.010000;0.010000;0.0;0.0
sql_string.h;111;0.010000;0.010000;0.0;0.0
sql_string.h;935;0.010000;0.010000;0.0;0.0
sql_type.cc;9125;0.010000;0.010000;0.0;0.0
sql_type.cc;209;0.010000;0.010000;0.0;0.0
sql_type.cc;6015;0.010000;0.010000;0.0;0.0
sql_type.cc;34;0.010000;0.010000;0.0;0.0
sql_type.cc;1785;0.010000;0.010000;0.0;0.0
sql_type.cc;9127;0.010000;0.010000;0.0;0.0
sql_type.h;5474;0.010000;0.010000;0.0;0.0
sql_type.h;3172;0.010000;0.010000;0.0;0.0
sql_type.h;4061;0.010000;0.010000;0.0;0.0
sql_type.h;5724;0.010000;0.010000;0.0;0.0
sql_union.cc;2992;0.010000;0.010000;0.0;0.0
sql_union.cc;2969;0.010000;0.010000;0.0;0.0
sql_union.cc;2742;0.010000;0.010000;0.0;0.0
sql_update.cc;1307;0.010000;0.010000;0.0;0.0
sql_update.cc;1843;0.010000;0.010000;0.0;0.0
sql_update.cc;1932;0.010000;0.010000;0.0;0.0
sql_update.cc;1799;0.010000;0.010000;0.0;0.0
sql_update.cc;411;0.010000;0.010000;0.0;0.0
sql_update.cc;2386;0.010000;0.010000;0.0;0.0
sql_update.cc;2059;0.010000;0.010000;0.0;0.0
sql_update.cc;1687;0.010000;0.010000;0.0;0.0
sql_update.cc;413;0.010000;0.010000;0.0;0.0
sql_update.cc;478;0.010000;0.010000;0.0;0.0
sql_update.cc;77;0.010000;0.010000;0.0;0.0
sql_update.cc;3276;0.010000;0.010000;0.0;0.0
sql_update.cc;194;0.010000;0.010000;0.0;0.0
sql_update.cc;925;0.010000;0.010000;0.0;0.0
sql_update.cc;957;0.010000;0.010000;0.0;0.0
sql_update.cc;999;0.010000;0.010000;0.0;0.0
sql_update.cc;1304;0.010000;0.010000;0.0;0.0
sql_update.cc;476;0.010000;0.010000;0.0;0.0
sql_update.cc;61;0.010000;0.010000;0.0;0.0
sql_update.cc;1994;0.010000;0.010000;0.0;0.0
sql_update.cc;1823;0.010000;0.010000;0.0;0.0
sql_update.cc;993;0.010000;0.010000;0.0;0.0
sql_update.cc;1285;0.010000;0.010000;0.0;0.0
sql_update.cc;1083;0.010000;0.010000;0.0;0.0
sql_update.cc;993;0.010000;0.010000;0.0;0.0
sql_update.cc;1967;0.010000;0.010000;0.0;0.0
sql_update.cc;1880;0.010000;0.010000;0.0;0.0
sql_update.cc;1227;0.010000;0.010000;0.0;0.0
sql_update.cc;1384;0.010000;0.010000;0.0;0.0
sql_update.cc;1425;0.010000;0.010000;0.0;0.0
sql_update.cc;1679;0.010000;0.010000;0.0;0.0
sql_update.cc;1368;0.010000;0.010000;0.0;0.0
sql_update.cc;1750;0.010000;0.010000;0.0;0.0
sql_update.cc;3260;0.010000;0.010000;0.0;0.0
sql_update.cc;524;0.010000;0.010000;0.0;0.0
sql_update.cc;1826;0.010000;0.010000;0.0;0.0
sql_update.h;73;0.010000;0.010000;0.0;0.0
sql_view.cc;2115;0.010000;0.010000;0.0;0.0
sql_window.cc;341;0.010000;0.010000;0.0;0.0
srw_lock.h;162;0.010000;0.010000;0.0;0.0
srw_lock.h;282;0.010000;0.010000;0.0;0.0
srw_lock.h;554;0.010000;0.010000;0.0;0.0
stl_algo.h;1771;0.010000;0.010000;0.0;0.0
stl_algobase.h;674;0.010000;0.010000;0.0;0.0
stl_iterator.h;281;0.010000;0.010000;0.0;0.0
stl_tree.h;3057;0.010000;0.010000;0.0;0.0
stl_tree.h;2997;0.010000;0.010000;0.0;0.0
stl_tree.h;2743;0.010000;0.010000;0.0;0.0
stl_vector.h;1864;0.010000;0.010000;0.0;0.0
strcmp-avx2.S;287;0.010000;0.010000;0.0;0.0
strcmp-avx2.S;319;0.010000;0.010000;0.0;0.0
strcmp-avx2.S;294;0.010000;0.010000;0.0;0.0
strcoll.inl;142;0.010000;0.010000;0.0;0.0
strings_def.h;99;0.010000;0.010000;0.0;0.0
strings_def.h;98;0.010000;0.010000;0.0;0.0
strlen-avx2.S;243;0.010000;0.010000;0.0;0.0
strmake.c;34;0.010000;0.010000;0.0;0.0
structs.h;465;0.010000;0.010000;0.0;0.0
syscall_cancel.S;50;0.010000;0.010000;0.0;0.0
table.cc;9285;0.010000;0.010000;0.0;0.0
table.cc;7873;0.010000;0.010000;0.0;0.0
table.cc;8312;0.010000;0.010000;0.0;0.0
table.cc;8932;0.010000;0.010000;0.0;0.0
table.cc;5388;0.010000;0.010000;0.0;0.0
table.cc;9086;0.010000;0.010000;0.0;0.0
table.cc;7820;0.010000;0.010000;0.0;0.0
table.cc;8134;0.010000;0.010000;0.0;0.0
table.cc;8972;0.010000;0.010000;0.0;0.0
table.cc;7882;0.010000;0.010000;0.0;0.0
table.cc;6043;0.010000;0.010000;0.0;0.0
table.cc;3981;0.010000;0.010000;0.0;0.0
table.cc;8134;0.010000;0.010000;0.0;0.0
table.cc;9818;0.010000;0.010000;0.0;0.0
table.cc;6439;0.010000;0.010000;0.0;0.0
table.cc;8120;0.010000;0.010000;0.0;0.0
table.cc;9012;0.010000;0.010000;0.0;0.0
table.cc;10583;0.010000;0.010000;0.0;0.0
table.cc;9220;0.010000;0.010000;0.0;0.0
table.cc;7885;0.010000;0.010000;0.0;0.0
table.cc;6051;0.010000;0.010000;0.0;0.0
table.cc;9902;0.010000;0.010000;0.0;0.0
table.cc;7882;0.010000;0.010000;0.0;0.0
table.cc;9900;0.010000;0.010000;0.0;0.0
table.h;2377;0.010000;0.010000;0.0;0.0
table.h;1959;0.010000;0.010000;0.0;0.0
table.h;3190;0.010000;0.010000;0.0;0.0
table.h;1862;0.010000;0.010000;0.0;0.0
table_cache.cc;214;0.010000;0.010000;0.0;0.0
table_cache.cc;456;0.010000;0.010000;0.0;0.0
temporary_tables.cc;47;0.010000;0.010000;0.0;0.0
temporary_tables.cc;807;0.010000;0.010000;0.0;0.0
tpool_generic.cc;531;0.010000;0.010000;0.0;0.0
tpool_structs.h;239;0.010000;0.010000;0.0;0.0
tpool_structs.h;292;0.010000;0.010000;0.0;0.0
tpool_structs.h;292;0.010000;0.010000;0.0;0.0
tpool_structs.h;239;0.010000;0.010000;0.0;0.0
transaction.cc;110;0.010000;0.010000;0.0;0.0
transaction.cc;143;0.010000;0.010000;0.0;0.0
transaction.cc;103;0.010000;0.010000;0.0;0.0
trx0purge.cc;347;0.010000;0.010000;0.0;0.0
trx0purge.cc;454;0.010000;0.010000;0.0;0.0
trx0purge.cc;944;0.010000;0.010000;0.0;0.0
trx0purge.cc;857;0.010000;0.010000;0.0;0.0
trx0rec.cc;1235;0.010000;0.010000;0.0;0.0
trx0rec.cc;1068;0.010000;0.010000;0.0;0.0
trx0rec.cc;1405;0.010000;0.010000;0.0;0.0
trx0rec.cc;2030;0.010000;0.010000;0.0;0.0
trx0rec.cc;1174;0.010000;0.010000;0.0;0.0
trx0rec.cc;1103;0.010000;0.010000;0.0;0.0
trx0rec.cc;903;0.010000;0.010000;0.0;0.0
trx0rec.cc;1213;0.010000;0.010000;0.0;0.0
trx0rec.cc;1221;0.010000;0.010000;0.0;0.0
trx0rec.cc;1171;0.010000;0.010000;0.0;0.0
trx0rec.cc;65;0.010000;0.010000;0.0;0.0
trx0rec.cc;506;0.010000;0.010000;0.0;0.0
trx0rec.cc;2160;0.010000;0.010000;0.0;0.0
trx0sys.h;431;0.010000;0.010000;0.0;0.0
trx0sys.h;682;0.010000;0.010000;0.0;0.0
trx0sys.h;887;0.010000;0.010000;0.0;0.0
trx0trx.cc;885;0.010000;0.010000;0.0;0.0
trx0trx.cc;1777;0.010000;0.010000;0.0;0.0
trx0trx.cc;1284;0.010000;0.010000;0.0;0.0
trx0trx.cc;945;0.010000;0.010000;0.0;0.0
trx0trx.cc;1753;0.010000;0.010000;0.0;0.0
trx0trx.h;420;0.010000;0.010000;0.0;0.0
trx0undo.cc;1394;0.010000;0.010000;0.0;0.0
trx0undo.cc;1305;0.010000;0.010000;0.0;0.0
unique_lock.h;80;0.010000;0.010000;0.0;0.0
unique_lock.h;199;0.010000;0.010000;0.0;0.0
unordered_map.h;1058;0.010000;0.010000;0.0;0.0
ut0byte.h;87;0.010000;0.010000;0.0;0.0
ut0byte.inl;89;0.010000;0.010000;0.0;0.0
ut0lst.h;209;0.010000;0.010000;0.0;0.0
ut0lst.h;254;0.010000;0.010000;0.0;0.0
ut0lst.h;206;0.010000;0.010000;0.0;0.0
ut0lst.h;347;0.010000;0.010000;0.0;0.0
ut0lst.h;333;0.010000;0.010000;0.0;0.0
ut0lst.h;338;0.010000;0.010000;0.0;0.0
viosocket.c;398;0.010000;0.010000;0.0;0.0
viosocket.c;922;0.010000;0.010000;0.0;0.0
viosocket.c;960;0.010000;0.010000;0.0;0.0
viosocket.c;936;0.010000;0.010000;0.0;0.0
opt_range.cc;1319;0.010000;0.010000;0.0;0.0
opt_range.cc;2965;0.010000;0.010000;0.0;0.0
sql_base.cc;1962;0.010000;0.010000;0.0;0.0
btr0cur.cc;1596;0.010000;0.010000;0.0;0.0
item.cc;3384;0.010000;0.010000;0.0;0.0
key.cc;493;0.010000;0.010000;0.0;0.0
item.h;2934;0.010000;0.010000;0.0;0.0
ha_innodb.cc;8485;0.010000;0.010000;0.0;0.0
sql_cte.cc;1409;0.010000;0.010000;0.0;0.0
sql_parse.cc;6908;0.010000;0.010000;0.0;0.0
row0sel.cc;2955;0.010000;0.010000;0.0;0.0
handler.cc;4910;0.010000;0.010000;0.0;0.0
item.cc;3771;0.010000;0.010000;0.0;0.0
item.cc;4774;0.010000;0.010000;0.0;0.0
rem0rec.cc;1579;0.010000;0.010000;0.0;0.0
my_alloc.c;527;0.010000;0.010000;0.0;0.0
handler.cc;4108;0.010000;0.010000;0.0;0.0
sql_select.cc;33142;0.010000;0.010000;0.0;0.0
ctype-utf8.c;2827;0.010000;0.010000;0.0;0.0
mtr0mtr.cc;595;0.010000;0.010000;0.0;0.0
trx0trx.cc;1289;0.010000;0.010000;0.0;0.0
opt_range.cc;12438;0.010000;0.010000;0.0;0.0
string_fortified.h;29;0.010000;0.010000;0.0;0.0
sql_explain.cc;53;0.010000;0.010000;0.0;0.0
sql_update.cc;1524;0.010000;0.010000;0.0;0.0
opt_range.cc;1920;0.010000;0.010000;0.0;0.0
dict0mem.h;558;0.010000;0.010000;0.0;0.0
sql_list.h;243;0.010000;0.010000;0.0;0.0
sql_select.cc;7934;0.010000;0.010000;0.0;0.0
sql_class.cc;3443;0.010000;0.010000;0.0;0.0
sql_select.cc;31106;0.010000;0.010000;0.0;0.0
ha_innodb.cc;5966;0.010000;0.010000;0.0;0.0
trx0trx.cc;1764;0.010000;0.010000;0.0;0.0
opt_range.h;1059;0.010000;0.010000;0.0;0.0
sql_select.cc;14517;0.010000;0.010000;0.0;0.0
stl_tree.h;3052;0.010000;0.010000;0.0;0.0
sql_select.cc;6029;0.010000;0.010000;0.0;0.0
ha_innodb.cc;9419;0.010000;0.010000;0.0;0.0
sql_lex.cc;3624;0.010000;0.010000;0.0;0.0
item.cc;7516;0.010000;0.010000;0.0;0.0
my_bit.h;101;0.010000;0.010000;0.0;0.0
sql_prepare.cc;5542;0.010000;0.010000;0.0;0.0
net_serv.cc;640;0.010000;0.010000;0.0;0.0
sql_select.cc;5266;0.010000;0.010000;0.0;0.0
opt_range.cc;2899;0.010000;0.010000;0.0;0.0
mf_cache.c;72;0.010000;0.010000;0.0;0.0
sql_array.h;44;0.010000;0.010000;0.0;0.0
sql_union.cc;2827;0.010000;0.010000;0.0;0.0
sql_analyze_stmt.h;107;0.010000;0.010000;0.0;0.0
item.h;360;0.010000;0.010000;0.0;0.0
ha_innodb.cc;3156;0.010000;0.010000;0.0;0.0
table.cc;7953;0.010000;0.010000;0.0;0.0
memmove-vec-unaligned-erms.S;477;0.010000;0.010000;0.0;0.0
field.h;1200;0.010000;0.010000;0.0;0.0
item.cc;1040;0.010000;0.010000;0.0;0.0
mtr0log.h;343;0.010000;0.010000;0.0;0.0
trx0trx.cc;918;0.010000;0.010000;0.0;0.0
pthread_mutex_trylock.c;33;0.010000;0.010000;0.0;0.0
row0mysql.cc;495;0.010000;0.010000;0.0;0.0
vio.c;335;0.010000;0.010000;0.0;0.0
ha_innodb.cc;2755;0.010000;0.010000;0.0;0.0
item_func.cc;418;0.010000;0.010000;0.0;0.0
sql_update.cc;583;0.010000;0.010000;0.0;0.0
my_alloc.c;395;0.010000;0.010000;0.0;0.0
ha_innodb.cc;9011;0.010000;0.010000;0.0;0.0
row0ins.cc;3275;0.010000;0.010000;0.0;0.0
opt_range.h;575;0.010000;0.010000;0.0;0.0
field.h;1706;0.010000;0.010000;0.0;0.0
hash.c;381;0.010000;0.010000;0.0;0.0
sql_insert.cc;764;0.010000;0.010000;0.0;0.0
sql_base.cc;2160;0.010000;0.010000;0.0;0.0
ha_innodb.cc;16621;0.010000;0.010000;0.0;0.0
my_bit.h;158;0.010000;0.010000;0.0;0.0
sql_plist.h;85;0.010000;0.010000;0.0;0.0
rem0rec.cc;741;0.010000;0.010000;0.0;0.0
btr0cur.cc;4342;0.010000;0.010000;0.0;0.0
page0cur.cc;91;0.010000;0.010000;0.0;0.0
item_cmpfunc.h;114;0.010000;0.010000;0.0;0.0
page0cur.cc;500;0.010000;0.010000;0.0;0.0
malloc.c;4196;0.010000;0.010000;0.0;0.0
dyn0buf.h;309;0.010000;0.010000;0.0;0.0
sql_select.cc;12757;0.010000;0.010000;0.0;0.0
sql_class.cc;2594;0.010000;0.010000;0.0;0.0
table.cc;8001;0.010000;0.010000;0.0;0.0
opt_range.cc;8888;0.010000;0.010000;0.0;0.0
row0upd.cc;2433;0.010000;0.010000;0.0;0.0
sql_list.h;439;0.010000;0.010000;0.0;0.0
sql_select.cc;13848;0.010000;0.010000;0.0;0.0
rem0rec.inl;655;0.010000;0.010000;0.0;0.0
handler.cc;7483;0.010000;0.010000;0.0;0.0
privilege.h;694;0.010000;0.010000;0.0;0.0
strlen-avx2.S;242;0.010000;0.010000;0.0;0.0
sql_select.cc;17441;0.010000;0.010000;0.0;0.0
malloc.c;3347;0.010000;0.010000;0.0;0.0
sql_base.cc;8496;0.010000;0.010000;0.0;0.0
sql_parse.cc;6693;0.010000;0.010000;0.0;0.0
page0cur.cc;101;0.010000;0.010000;0.0;0.0
sql_select.cc;32910;0.010000;0.010000;0.0;0.0
sql_class.h;8116;0.010000;0.010000;0.0;0.0
multi_range_read.cc;523;0.010000;0.010000;0.0;0.0
item_cmpfunc.h;567;0.010000;0.010000;0.0;0.0
net_serv.cc;727;0.010000;0.010000;0.0;0.0
sql_select.cc;3567;0.010000;0.010000;0.0;0.0
sql_select.cc;6808;0.010000;0.010000;0.0;0.0
ut0new.h;322;0.010000;0.010000;0.0;0.0
sql_base.cc;4701;0.010000;0.010000;0.0;0.0
sql_update.cc;523;0.010000;0.010000;0.0;0.0
item.h;1087;0.010000;0.010000;0.0;0.0
sql_class.cc;2567;0.010000;0.010000;0.0;0.0
lf_hash.cc;495;0.010000;0.010000;0.0;0.0
mdl.cc;1593;0.010000;0.010000;0.0;0.0
sql_select.cc;16651;0.010000;0.010000;0.0;0.0
sql_parse.cc;4452;0.010000;0.010000;0.0;0.0
sql_select.cc;6044;0.010000;0.010000;0.0;0.0
sql_select.cc;32924;0.010000;0.010000;0.0;0.0
row0upd.cc;1806;0.010000;0.010000;0.0;0.0
ut0byte.h;75;0.010000;0.010000;0.0;0.0
sql_base.cc;1007;0.010000;0.010000;0.0;0.0
page0cur.cc;103;0.010000;0.010000;0.0;0.0
page0cur.cc;1575;0.010000;0.010000;0.0;0.0
handler.cc;9768;0.010000;0.010000;0.0;0.0
table.cc;10533;0.010000;0.010000;0.0;0.0
handler.cc;3733;0.010000;0.010000;0.0;0.0
sql_update.cc;594;0.010000;0.010000;0.0;0.0
sql_parse.cc;1666;0.010000;0.010000;0.0;0.0
select_result.h;85;0.010000;0.010000;0.0;0.0
sql_select.cc;31254;0.010000;0.010000;0.0;0.0
sql_select.cc;13142;0.010000;0.010000;0.0;0.0
sql_delete.cc;816;0.010000;0.010000;0.0;0.0
sql_select.cc;13872;0.010000;0.010000;0.0;0.0
field.cc;2649;0.010000;0.010000;0.0;0.0
ha_innodb.cc;2663;0.010000;0.010000;0.0;0.0
sql_base.cc;4718;0.010000;0.010000;0.0;0.0
sql_select.cc;1439;0.010000;0.010000;0.0;0.0
sql_update.cc;1979;0.010000;0.010000;0.0;0.0
sql_update.cc;1426;0.010000;0.010000;0.0;0.0
net_serv.cc;955;0.010000;0.010000;0.0;0.0
ha_innodb.cc;8368;0.010000;0.010000;0.0;0.0
pfs.cc;6794;0.010000;0.010000;0.0;0.0
multi_range_read.cc;616;0.010000;0.010000;0.0;0.0
btr0pcur.cc;408;0.010000;0.010000;0.0;0.0
sql_select.cc;5283;0.009999;0.009999;0.0;0.0
lock.cc;848;0.009999;0.009999;0.0;0.0
mem0mem.cc;402;0.009999;0.009999;0.0;0.0
mysqld.cc;1275;0.009999;0.009999;0.0;0.0
ha_innodb.cc;2668;0.009999;0.009999;0.0;0.0
trx0rec.cc;1206;0.009999;0.009999;0.0;0.0
rem0rec.h;622;0.009999;0.009999;0.0;0.0
net_serv.cc;690;0.009999;0.009999;0.0;0.0
memset-vec-unaligned-erms.S;383;0.009999;0.009999;0.0;0.0
item.cc;4397;0.009999;0.009999;0.0;0.0
row0sel.cc;3076;0.009999;0.009999;0.0;0.0
strings_def.h;215;0.009999;0.009999;0.0;0.0
sql_select.cc;16432;0.009999;0.009999;0.0;0.0
row0row.cc;619;0.009999;0.009999;0.0;0.0
sql_class.h;1368;0.009999;0.009999;0.0;0.0
sql_lex.cc;5828;0.009999;0.009999;0.0;0.0
sql_error.cc;412;0.009999;0.009999;0.0;0.0
ha_innodb.cc;16627;0.009999;0.009999;0.0;0.0
handler.cc;3733;0.009999;0.009999;0.0;0.0
handler.cc;3840;0.009999;0.009999;0.0;0.0
opt_rewrite_remove_casefold.cc;94;0.009999;0.009999;0.0;0.0
sql_explain.h;1067;0.009999;0.009999;0.0;0.0
opt_range.cc;9889;0.009999;0.009999;0.0;0.0
sql_select.cc;6504;0.009999;0.009999;0.0;0.0
my_alloc.c;191;0.009999;0.009999;0.0;0.0
page0cur.cc;865;0.009999;0.009999;0.0;0.0
m_ctype.h;1119;0.009999;0.009999;0.0;0.0
sql_select.cc;18563;0.009999;0.009999;0.0;0.0
sql_class.h;5231;0.009999;0.009999;0.0;0.0
sql_select.cc;20596;0.009999;0.009999;0.0;0.0
sql_select.cc;31850;0.009999;0.009999;0.0;0.0
sql_base.cc;4739;0.009999;0.009999;0.0;0.0
sql_delete.cc;1042;0.009999;0.009999;0.0;0.0
atomic_base.h;631;0.009999;0.009999;0.0;0.0
sql_select.cc;492;0.009999;0.009999;0.0;0.0
sql_base.cc;1395;0.009999;0.009999;0.0;0.0
ha_innodb.cc;16235;0.009999;0.009999;0.0;0.0
item.cc;3742;0.009999;0.009999;0.0;0.0
item.h;2209;0.009999;0.009999;0.0;0.0
strcmp-avx2.S;326;0.009999;0.009999;0.0;0.0
sql_delete.cc;1103;0.009999;0.009999;0.0;0.0
sql_select.cc;7849;0.009999;0.009999;0.0;0.0
sql_parse.cc;7540;0.009999;0.009999;0.0;0.0
sql_class.cc;6439;0.009999;0.009999;0.0;0.0
sql_select.cc;1880;0.009999;0.009999;0.0;0.0
opt_range.cc;9496;0.009999;0.009999;0.0;0.0
page0cur.cc;459;0.009999;0.009999;0.0;0.0
sql_select.cc;18766;0.009999;0.009999;0.0;0.0
trx0trx.h;410;0.009999;0.009999;0.0;0.0
table.cc;6439;0.009999;0.009999;0.0;0.0
sql_select.cc;13133;0.009999;0.009999;0.0;0.0
sql_prepare.cc;3260;0.009999;0.009999;0.0;0.0
sql_type.h;7967;0.009999;0.009999;0.0;0.0
lock0lock.cc;6325;0.009999;0.009999;0.0;0.0
handler.cc;7568;0.009999;0.009999;0.0;0.0
malloc.c;4282;0.009999;0.009999;0.0;0.0
sql_lex.cc;5982;0.009999;0.009999;0.0;0.0
records.cc;353;0.009999;0.009999;0.0;0.0
sql_select.cc;1706;0.009999;0.009999;0.0;0.0
sql_parse.cc;6878;0.009999;0.009999;0.0;0.0
memmove-vec-unaligned-erms.S;365;0.009999;0.009999;0.0;0.0
my_bit.h;160;0.009999;0.009999;0.0;0.0
malloc.c;4127;0.009999;0.009999;0.0;0.0
mysql_thread.h;771;0.009999;0.009999;0.0;0.0
opt_range.cc;12947;0.009999;0.009999;0.0;0.0
mdl.cc;3730;0.009999;0.009999;0.0;0.0
sql_base.cc;985;0.009999;0.009999;0.0;0.0
sql_class.h;6421;0.009999;0.009999;0.0;0.0
sql_select.cc;1963;0.009999;0.009999;0.0;0.0
sql_parse.cc;6231;0.009999;0.009999;0.0;0.0
multi_range_read.cc;1152;0.009999;0.009999;0.0;0.0
opt_range.h;593;0.009999;0.009999;0.0;0.0
row0sel.cc;5561;0.009999;0.009999;0.0;0.0
thr_lock.c;1215;0.009999;0.009999;0.0;0.0
item_cmpfunc.cc;521;0.009999;0.009999;0.0;0.0
records.cc;401;0.009999;0.009999;0.0;0.0
page0page.cc;476;0.009999;0.009999;0.0;0.0
table.cc;8042;0.009999;0.009999;0.0;0.0
opt_split.cc;1526;0.009999;0.009999;0.0;0.0
sql_select.cc;2033;0.009999;0.009999;0.0;0.0
sql_insert.cc;940;0.009999;0.009999;0.0;0.0
sql_update.cc;968;0.009999;0.009999;0.0;0.0
ctype-utf8.h;148;0.009999;0.009999;0.0;0.0
protocol.cc;586;0.009999;0.009999;0.0;0.0
malloc.c;4528;0.009999;0.009999;0.0;0.0
sql_base.cc;2157;0.009999;0.009999;0.0;0.0
sql_update.cc;1851;0.009999;0.009999;0.0;0.0
sql_delete.cc;2047;0.009999;0.009999;0.0;0.0
ut0lst.h;191;0.009999;0.009999;0.0;0.0
sql_select.cc;25255;0.009999;0.009999;0.0;0.0
lock0lock.cc;4179;0.009999;0.009999;0.0;0.0
sql_prepare.cc;3205;0.009999;0.009999;0.0;0.0
sql_lex.cc;4513;0.009999;0.009999;0.0;0.0
lock0lock.cc;6688;0.009999;0.009999;0.0;0.0
item.h;1279;0.009999;0.009999;0.0;0.0
handler.cc;3731;0.009999;0.009999;0.0;0.0
sql_base.cc;8502;0.009999;0.009999;0.0;0.0
sql_class.cc;2607;0.009999;0.009999;0.0;0.0
page0cur.cc;564;0.009999;0.009999;0.0;0.0
sql_select.cc;498;0.009999;0.009999;0.0;0.0
sql_select.cc;5266;0.009999;0.009999;0.0;0.0
item.h;2629;0.009999;0.009999;0.0;0.0
item.h;2208;0.009999;0.009999;0.0;0.0
row0upd.cc;2476;0.009999;0.009999;0.0;0.0
item.cc;6921;0.009999;0.009999;0.0;0.0
sql_base.cc;2699;0.009999;0.009999;0.0;0.0
sql_select.cc;2345;0.009999;0.009999;0.0;0.0
sql_acl.cc;9966;0.009999;0.009999;0.0;0.0
sql_insert.h;114;0.009999;0.009999;0.0;0.0
sql_select.cc;18538;0.009999;0.009999;0.0;0.0
sql_plugin.cc;3240;0.009999;0.009999;0.0;0.0
sql_select.cc;18114;0.009999;0.009999;0.0;0.0
sql_update.cc;1643;0.009999;0.009999;0.0;0.0
multi_range_read.cc;1350;0.009999;0.009999;0.0;0.0
trx0trx.cc;1777;0.009999;0.009999;0.0;0.0
sql_type.h;7956;0.009999;0.009999;0.0;0.0
sql_list.h;824;0.009999;0.009999;0.0;0.0
protocol.cc;1738;0.009999;0.009999;0.0;0.0
page0cur.cc;177;0.009999;0.009999;0.0;0.0
dyn0buf.h;204;0.009999;0.009999;0.0;0.0
sql_parse.cc;1635;0.009999;0.009999;0.0;0.0
sql_select.cc;21344;0.009999;0.009999;0.0;0.0
data0data.inl;299;0.009999;0.009999;0.0;0.0
item_cmpfunc.cc;493;0.009999;0.009999;0.0;0.0
item_cmpfunc.cc;785;0.009999;0.009999;0.0;0.0
trx0rec.cc;1157;0.009999;0.009999;0.0;0.0
int2str.c;162;0.009999;0.009999;0.0;0.0
sql_select.cc;7818;0.009999;0.009999;0.0;0.0
opt_split.cc;600;0.009999;0.009999;0.0;0.0
ctype-bin.c;88;0.009999;0.009999;0.0;0.0
protocol.cc;1370;0.009999;0.009999;0.0;0.0
sql_connect.cc;1458;0.009999;0.009999;0.0;0.0
lf_hash.cc;127;0.009999;0.009999;0.0;0.0
trx0rec.cc;1073;0.009999;0.009999;0.0;0.0
sql_list.h;180;0.009999;0.009999;0.0;0.0
sql_select.cc;3070;0.009999;0.009999;0.0;0.0
sql_select.cc;964;0.009999;0.009999;0.0;0.0
opt_subselect.cc;604;0.009999;0.009999;0.0;0.0
sql_parse.cc;2499;0.009999;0.009999;0.0;0.0
row0sel.cc;4478;0.009999;0.009999;0.0;0.0
table.cc;6041;0.009999;0.009999;0.0;0.0
sql_profile.h;323;0.009999;0.009999;0.0;0.0
sql_select.cc;16808;0.009999;0.009999;0.0;0.0
item.cc;1046;0.009999;0.009999;0.0;0.0
sql_select.cc;34405;0.009999;0.009999;0.0;0.0
table.cc;7795;0.009999;0.009999;0.0;0.0
sql_select.cc;30010;0.009999;0.009999;0.0;0.0
sql_select.cc;2763;0.009999;0.009999;0.0;0.0
table.cc;10099;0.009999;0.009999;0.0;0.0
sql_parse.cc;3553;0.009999;0.009999;0.0;0.0
sql_select.cc;469;0.009999;0.009999;0.0;0.0
sql_string.h;258;0.009999;0.009999;0.0;0.0
field.h;4188;0.009999;0.009999;0.0;0.0
table.cc;6449;0.009999;0.009999;0.0;0.0
table.h;1972;0.009999;0.009999;0.0;0.0
handler.cc;8497;0.009999;0.009999;0.0;0.0
item.cc;3776;0.009999;0.009999;0.0;0.0
sql_select.cc;1472;0.009999;0.009999;0.0;0.0
sql_delete.cc;2189;0.009999;0.009999;0.0;0.0
srw_lock.h;167;0.009999;0.009999;0.0;0.0
sql_update.cc;923;0.009999;0.009999;0.0;0.0
field.h;1297;0.009999;0.009999;0.0;0.0
lock.cc;879;0.009999;0.009999;0.0;0.0
sql_select.cc;1440;0.009999;0.009999;0.0;0.0
table.cc;9690;0.009999;0.009999;0.0;0.0
sql_parse.cc;7487;0.009999;0.009999;0.0;0.0
field.h;2225;0.009999;0.009999;0.0;0.0
sql_select.cc;967;0.009999;0.009999;0.0;0.0
row0merge.cc;4590;0.009999;0.009999;0.0;0.0
row0upd.cc;2867;0.009999;0.009999;0.0;0.0
opt_range_mrr.cc;394;0.009999;0.009999;0.0;0.0
item.cc;3387;0.009999;0.009999;0.0;0.0
table.h;3267;0.009999;0.009999;0.0;0.0
sql_insert.cc;1864;0.009999;0.009999;0.0;0.0
sql_error.cc;424;0.009999;0.009999;0.0;0.0
dict0dict.inl;728;0.009999;0.009999;0.0;0.0
sql_acl.cc;10315;0.009999;0.009999;0.0;0.0
item_cmpfunc.cc;7488;0.009999;0.009999;0.0;0.0
sql_select.cc;3771;0.009999;0.009999;0.0;0.0
structs.h;467;0.009999;0.009999;0.0;0.0
item.cc;7518;0.009999;0.009999;0.0;0.0
sql_select.cc;6173;0.009999;0.009999;0.0;0.0
my_json_writer.h;477;0.009999;0.009999;0.0;0.0
sql_select.cc;16823;0.009999;0.009999;0.0;0.0
opt_range_mrr.cc;163;0.009999;0.009999;0.0;0.0
socket2.h;42;0.009999;0.009999;0.0;0.0
ha_innodb.cc;4732;0.009999;0.009999;0.0;0.0
procedure.cc;81;0.009999;0.009999;0.0;0.0
sql_string.h;509;0.009999;0.009999;0.0;0.0
sql_string.cc;326;0.009999;0.009999;0.0;0.0
sql_insert.cc;1315;0.009999;0.009999;0.0;0.0
sql_prepare.cc;3610;0.009998;0.009998;0.0;0.0
memcmp-avx2-movbe.S;429;0.009998;0.009998;0.0;0.0
table.h;1126;0.009998;0.009998;0.0;0.0
field.h;1708;0.009998;0.009998;0.0;0.0
item.cc;6617;0.009998;0.009998;0.0;0.0
sql_select.cc;17349;0.009998;0.009998;0.0;0.0
opt_range.cc;10429;0.009998;0.009998;0.0;0.0
sql_prepare.cc;3355;0.009998;0.009998;0.0;0.0
sql_update.cc;1809;0.009998;0.009998;0.0;0.0
ha_innodb.cc;7872;0.009998;0.009998;0.0;0.0
btr0cur.cc;3309;0.009998;0.009998;0.0;0.0
sql_class.h;4907;0.009998;0.009998;0.0;0.0
thr_lock.c;1162;0.009998;0.009998;0.0;0.0
row0mysql.cc;1665;0.009998;0.009998;0.0;0.0
field.h;1409;0.009998;0.009998;0.0;0.0
log0log.cc;1887;0.009998;0.009998;0.0;0.0
row0upd.cc;1164;0.009998;0.009998;0.0;0.0
mysqld.cc;3843;0.009998;0.009998;0.0;0.0
sql_select.h;2146;0.009998;0.009998;0.0;0.0
item_func.cc;150;0.009998;0.009998;0.0;0.0
rem0rec.cc;1155;0.009998;0.009998;0.0;0.0
trx0rec.cc;948;0.009998;0.009998;0.0;0.0
sql_base.cc;4041;0.009998;0.009998;0.0;0.0
item_func.cc;1300;0.009998;0.009998;0.0;0.0
innodb_binlog.cc;4427;0.009998;0.009998;0.0;0.0
memcmp-avx2-movbe.S;430;0.009998;0.009998;0.0;0.0
sql_insert.cc;1455;0.009998;0.009998;0.0;0.0
buf0lru.cc;727;0.009998;0.009998;0.0;0.0
opt_range_mrr.cc;159;0.009998;0.009998;0.0;0.0
my_alloc.c;68;0.009998;0.009998;0.0;0.0
my_malloc.c;110;0.009998;0.009998;0.0;0.0
lock0lock.cc;1963;0.009998;0.009998;0.0;0.0
sql_class.cc;3328;0.009998;0.009998;0.0;0.0
item.cc;1041;0.009998;0.009998;0.0;0.0
mtr0log.h;358;0.009998;0.009998;0.0;0.0
sql_select.cc;14387;0.009998;0.009998;0.0;0.0
sql_select.cc;1512;0.009998;0.009998;0.0;0.0
table.cc;8209;0.009998;0.009998;0.0;0.0
item_func.cc;869;0.009998;0.009998;0.0;0.0
my_json_writer.h;470;0.009998;0.009998;0.0;0.0
malloc.c;3918;0.009998;0.009998;0.0;0.0
sql_delete.cc;111;0.009998;0.009998;0.0;0.0
sql_oracle_outer_join.cc;1068;0.009998;0.009998;0.0;0.0
item_func.cc;412;0.009998;0.009998;0.0;0.0
sql_select.cc;5353;0.009998;0.009998;0.0;0.0
sql_select.cc;34189;0.009998;0.009998;0.0;0.0
sql_delete.cc;179;0.009998;0.009998;0.0;0.0
table.h;1771;0.009998;0.009998;0.0;0.0
table.h;1194;0.009998;0.009998;0.0;0.0
opt_range.h;598;0.009998;0.009998;0.0;0.0
sql_lex.h;5215;0.009998;0.009998;0.0;0.0
item_cmpfunc.h;3621;0.009998;0.009998;0.0;0.0
handler.cc;4111;0.009998;0.009998;0.0;0.0
rem0rec.cc;459;0.009998;0.009998;0.0;0.0
sql_select.cc;4933;0.009998;0.009998;0.0;0.0
malloc.c;3333;0.009998;0.009998;0.0;0.0
memcmp-avx2-movbe.S;255;0.009998;0.009998;0.0;0.0
lock.cc;441;0.009998;0.009998;0.0;0.0
sql_base.cc;8567;0.009998;0.009998;0.0;0.0
opt_range_mrr.cc;342;0.009997;0.009997;0.0;0.0
sql_select.cc;31802;0.009997;0.009997;0.0;0.0
cancellation.c;79;0.009997;0.009997;0.0;0.0
sql_cache.cc;1397;0.009997;0.009997;0.0;0.0
sql_select.cc;1475;0.009997;0.009997;0.0;0.0
mdl.h;522;0.009997;0.009997;0.0;0.0
sql_delete.cc;1105;0.009997;0.009997;0.0;0.0
opt_range_mrr.cc;115;0.009997;0.009997;0.0;0.0
sql_delete.cc;821;0.009997;0.009997;0.0;0.0
sql_analyze_stmt.cc;111;0.009997;0.009997;0.0;0.0
sql_acl.cc;10343;0.009997;0.009997;0.0;0.0
hash.c;277;0.009997;0.009997;0.0;0.0
sql_partition_auto_interval.cc;95;0.009997;0.009997;0.0;0.0
sql_select.cc;13399;0.009997;0.009997;0.0;0.0
pthread_mutex_trylock.c;33;0.009996;0.009996;0.0;0.0
sql_select.cc;14390;0.009996;0.009996;0.0;0.0
row0upd.cc;2028;0.009996;0.009996;0.0;0.0
sql_lex.h;1643;0.009996;0.009996;0.0;0.0
sql_type_json.cc;114;0.009994;0.009994;0.0;0.0
sql_delete.cc;140;0.009978;0.009978;0.0;0.0
btr0cur.cc;1260;0.009002;0.009002;0.0;0.0
lf_hash.cc;105;0.009001;0.009001;0.0;0.0
sql_statistics.cc;3383;0.009001;0.009001;0.0;0.0
item.h;4058;0.009001;0.009001;0.0;0.0
sql_select.cc;31532;0.009001;0.009001;0.0;0.0
ha_innodb.cc;17222;0.009000;0.009000;0.0;0.0
sql_select.cc;17659;0.009000;0.009000;0.0;0.0
sql_update.cc;1935;0.009000;0.009000;0.0;0.0
row0sel.cc;4510;0.009000;0.009000;0.0;0.0
sql_list.h;183;0.009000;0.009000;0.0;0.0
protocol.cc;1140;0.009000;0.009000;0.0;0.0
trx0trx.cc;999;0.009000;0.009000;0.0;0.0
sql_lex.cc;3720;0.009000;0.009000;0.0;0.0
sql_select.cc;5151;0.009000;0.009000;0.0;0.0
item_cmpfunc.cc;469;0.009000;0.009000;0.0;0.0
opt_range.cc;9577;0.009000;0.009000;0.0;0.0
sql_limit.h;40;0.009000;0.009000;0.0;0.0
sql_select.cc;17274;0.009000;0.009000;0.0;0.0
sql_string.h;263;0.009000;0.009000;0.0;0.0
sql_select.cc;13136;0.009000;0.009000;0.0;0.0
sql_prepare.cc;3409;0.009000;0.009000;0.0;0.0
sql_type.cc;9122;0.009000;0.009000;0.0;0.0
page0cur.cc;1849;0.009000;0.009000;0.0;0.0
sql_select.cc;2216;0.009000;0.009000;0.0;0.0
sql_parse.cc;6713;0.008999;0.008999;0.0;0.0
item_cmpfunc.h;616;0.008999;0.008999;0.0;0.0
opt_subselect.cc;861;0.008999;0.008999;0.0;0.0
opt_subselect.cc;5585;0.008999;0.008999;0.0;0.0
multi_range_read.cc;195;0.008999;0.008999;0.0;0.0
sql_base.cc;9040;0.008999;0.008999;0.0;0.0
sql_class.h;4868;0.008999;0.008999;0.0;0.0
my_bitmap.c;124;0.008999;0.008999;0.0;0.0
sql_delete.cc;2212;0.008999;0.008999;0.0;0.0
sql_base.cc;8610;0.008999;0.008999;0.0;0.0
mem_root_array.h;231;0.008999;0.008999;0.0;0.0
btr0cur.cc;1142;0.008999;0.008999;0.0;0.0
mysql_statement.h;172;0.008999;0.008999;0.0;0.0
sql_base.cc;9139;0.008999;0.008999;0.0;0.0
rem0rec.cc;1167;0.008999;0.008999;0.0;0.0
sql_type.cc;1489;0.008999;0.008999;0.0;0.0
item.cc;6550;0.008999;0.008999;0.0;0.0
sql_update.cc;692;0.008999;0.008999;0.0;0.0
sql_select.cc;7798;0.008999;0.008999;0.0;0.0
opt_range.cc;2756;0.008999;0.008999;0.0;0.0
sql_audit.cc;151;0.008999;0.008999;0.0;0.0
sql_select.cc;2233;0.008999;0.008999;0.0;0.0
sql_select.cc;13913;0.008999;0.008999;0.0;0.0
sql_update.cc;2063;0.008999;0.008999;0.0;0.0
row0row.cc;234;0.008999;0.008999;0.0;0.0
opt_range.cc;9434;0.008999;0.008999;0.0;0.0
sql_select.cc;3580;0.008999;0.008999;0.0;0.0
sql_select.cc;7442;0.008999;0.008999;0.0;0.0
int2str.c;172;0.008999;0.008999;0.0;0.0
row0row.cc;569;0.008998;0.008998;0.0;0.0
sql_select.cc;29087;0.008998;0.008998;0.0;0.0
sql_base.cc;6628;0.008998;0.008998;0.0;0.0
btr0pcur.h;412;0.008998;0.008998;0.0;0.0
sql_select.cc;20570;0.008998;0.008998;0.0;0.0
lock0lock.cc;6344;0.008997;0.008997;0.0;0.0
sql_select.cc;6034;0.008992;0.008992;0.0;0.0
mtr0mtr.cc;1738;0.008002;0.008002;0.0;0.0
item.h;2233;0.008000;0.008000;0.0;0.0
item.h;2733;0.008000;0.008000;0.0;0.0
sql_base.cc;1546;0.007999;0.007999;0.0;0.0
sql_delete.cc;113;0.007999;0.007999;0.0;0.0
ut0new.h;406;0.000003;0.000003;0.0;0.0
